maintenance_id,service_id,equipment_id,equipment_type,equipment_model_class,site_id,maintenance_date,maintenance_type,priority,operating_hours,component,failure_mode,reported_symptom,probable_cause,work_performed,parts_materials,technician_id,labor_hours,downtime_hours,material_cost,labor_cost,total_cost,status
MR-00001,SR-00001,EQ-0202,Crawler Dozer,25T Class Dozer,SITE-08,2023-06-29,Corrective,Medium,6394,Hydraulic Pump,Oil contamination,hydraulic oil temperature rises during continuous operation,blocked cooler core,inspected hydraulic circuit and isolated the affected component,Cylinder seal kit,TECH-0394,12.22,0.25,52400.89,9809.57,62210.46,Closed
MR-00002,SR-00002,EQ-0024,Hydraulic Excavator,45T Class Excavator,SITE-02,2023-07-19,Preventive,Medium,14544,Hydraulic Pump,Line restriction,hydraulic flow is low at operating temperature,contaminated hydraulic oil,"drained contaminated oil, flushed circuit and refilled with filtered oil",Pump seal kit,TECH-0141,2.2,0.25,39707.84,1741.99,41449.83,Completed
MR-00003,SR-00003,EQ-0105,Hydraulic Excavator,30T Class Excavator,SITE-03,2023-05-13,Corrective,High,8708,Hydraulic Pump,Air ingress,hydraulic flow is low at operating temperature,high oil temperature,tested pilot pressure and inspected pilot circuit,Valve O-rings,TECH-0271,4.46,6.86,38420.38,4644.71,43065.09,Completed
MR-00004,SR-00004,EQ-0155,Motor Grader,16M Class Grader,SITE-03,2023-08-16,Preventive,Medium,2698,Hydraulic Cooler,Cooler restriction,travel function loses power on incline,contaminated hydraulic oil,cleaned cooler and verified hydraulic oil temperature,Hydraulic filter,TECH-0360,6.62,6.37,35616.1,4506.19,40122.29,Completed - Monitor
MR-00005,SR-00005,EQ-0140,Crawler Dozer,35T Class Dozer,SITE-02,2025-04-28,Corrective,High,15932,Main Control Valve,Internal leakage,hydraulic flow is low at operating temperature,loss of accumulator pre-charge,checked pressure and flow at operating temperature,Pilot filter,TECH-0617,6.47,11.73,46432.24,5358.28,51790.52,Completed
MR-00006,SR-00006,EQ-0186,Hydraulic Excavator,20T Class Excavator,SITE-03,2025-02-02,Corrective,Medium,6384,Hydraulic Hose,Overheating,bucket cylinder leaking externally,damaged hydraulic hose,cleaned cooler and verified hydraulic oil temperature,Hydraulic oil,TECH-0115,8.78,6.74,27583.74,8448.53,36032.27,Completed
MR-00007,SR-00007,EQ-0025,Backhoe Loader,4WD Backhoe Loader,SITE-02,2022-02-12,Corrective,Medium,12792,Hydraulic Line,Cooler restriction,hydraulic oil temperature rises during continuous operation,restricted return filter,"drained contaminated oil, flushed circuit and refilled with filtered oil",Cooler gasket set,TECH-0106,15.03,1.22,2171.16,12374.82,14545.98,Completed
MR-00008,SR-00008,EQ-0207,Hydraulic Excavator,30T Class Excavator,SITE-01,2023-03-14,Condition-Based,Medium,6161,Hydraulic Line,Air ingress,pilot pressure below expected range,restricted hydraulic line,replaced damaged hose and pressure-tested the circuit,Cylinder seal kit,TECH-0091,10.45,1.77,58226.64,9471.55,67698.19,Follow-up Required
MR-00009,SR-00009,EQ-0062,Hydraulic Excavator,20T Class Excavator,SITE-07,2023-08-13,Corrective,Critical,7994,Swing Motor,External leakage,visible oil leak near hydraulic line,contaminated hydraulic oil,inspected hydraulic circuit and isolated the affected component,Valve O-rings,TECH-0602,11.57,3.3,9068.1,7740.36,16808.46,Completed
MR-00010,SR-00010,EQ-0052,Wheel Loader,20T Class Wheel Loader,SITE-01,2023-07-07,Corrective,Medium,13438,Bucket Cylinder,Accumulator pressure loss,hydraulic oil appears contaminated,blocked cooler core,checked pressure and flow at operating temperature,Cylinder seal kit,TECH-0333,10.64,7.35,44262.81,8711.16,52973.97,Completed
MR-00011,SR-00011,EQ-0101,Crawler Dozer,35T Class Dozer,SITE-02,2026-01-31,Corrective,Low,8442,Engine Cooling System,Internal leakage,hydraulic oil appears contaminated,sticking spool valve,checked pump output and inspected for internal leakage,Accumulator charging kit,TECH-0501,12.98,1.53,62207.63,9431.73,71639.36,Completed
MR-00012,SR-00012,EQ-0151,Hydraulic Excavator,20T Class Excavator,SITE-08,2022-09-20,Corrective,Critical,16237,Pilot Valve,Overheating,boom movement slow under load,air entering suction line,replaced damaged seal kit and performed leak test,Hydraulic hose,TECH-0475,15.2,7.25,34261.38,13714.34,47975.72,Completed
MR-00013,SR-00013,EQ-0065,Hydraulic Excavator,20T Class Excavator,SITE-07,2024-08-31,Preventive,High,14155,Travel Motor,Accumulator pressure loss,travel function loses power on incline,degraded hydraulic fluid,replaced damaged hose and pressure-tested the circuit,Pump seal kit,TECH-0746,12.18,4.12,22705.91,10654.61,33360.52,Completed
MR-00014,SR-00014,EQ-0181,Motor Grader,16M Class Grader,SITE-05,2022-10-15,Corrective,High,2620,Hydraulic Filter,Valve sticking,pilot pressure below expected range,low pilot supply pressure,cleaned cooler and verified hydraulic oil temperature,Hydraulic hose,TECH-0587,4.43,9.14,37303.71,4000.14,41303.85,Completed
MR-00015,SR-00015,EQ-0212,Hydraulic Excavator,45T Class Excavator,SITE-01,2023-05-10,Corrective,Medium,8189,Accumulator,External leakage,hydraulic oil appears contaminated,contaminated hydraulic oil,replaced restricted hydraulic filter and checked contamination source,Accumulator charging kit,TECH-0564,12.55,1.0,46429.46,11482.64,57912.1,Closed
MR-00016,SR-00016,EQ-0233,Crawler Dozer,25T Class Dozer,SITE-05,2023-05-05,Preventive,Medium,6664,Accumulator,Valve sticking,filter restriction indicator activated,worn pump components,tested pilot pressure and inspected pilot circuit,Hydraulic oil,TECH-0885,3.43,6.73,25739.52,1757.3,27496.82,Completed
MR-00017,SR-00017,EQ-0126,Hydraulic Excavator,20T Class Excavator,SITE-08,2023-05-16,Corrective,Critical,2253,Swing Motor,Hose failure,swing movement is slow,air entering suction line,checked accumulator pre-charge and restored it to service specification,Pump seal kit,TECH-0598,13.27,6.51,51092.36,12053.88,63146.24,Follow-up Required
MR-00018,SR-00018,EQ-0066,Hydraulic Excavator,30T Class Excavator,SITE-05,2022-04-03,Corrective,Low,2995,Pilot Valve,Overheating,visible oil leak near hydraulic line,restricted return filter,replaced damaged hose and pressure-tested the circuit,Hydraulic line fittings,TECH-0997,14.58,4.11,51797.96,14505.68,66303.64,Completed - Monitor
MR-00019,SR-00019,EQ-0125,Hydraulic Excavator,35T Class Excavator,SITE-03,2025-06-27,Corrective,High,15353,Hydraulic Filter,Air ingress,arm movement slow after hydraulic oil warms,high oil temperature,inspected valve spool movement and cleaned the valve assembly,Cooler gasket set,TECH-0743,1.57,4.54,34339.01,781.62,35120.63,Follow-up Required
MR-00020,SR-00020,EQ-0173,Hydraulic Excavator,20T Class Excavator,SITE-06,2022-02-15,Preventive,Critical,15278,Engine Cooling System,Cooler restriction,hydraulic oil temperature rises during continuous operation,low pilot supply pressure,inspected hydraulic circuit and isolated the affected component,Pilot filter,TECH-0823,8.11,10.16,16319.01,6876.26,23195.27,Closed
MR-00021,SR-00021,EQ-0065,Hydraulic Excavator,20T Class Excavator,SITE-07,2023-03-21,Corrective,High,17274,Hydraulic Cooler,External leakage,pilot pressure below expected range,restricted return filter,inspected valve spool movement and cleaned the valve assembly,Cooler gasket set,TECH-0210,10.82,2.74,5544.28,6500.83,12045.11,Follow-up Required
MR-00022,SR-00022,EQ-0092,Wheel Loader,25T Class Wheel Loader,SITE-06,2023-01-12,Corrective,Medium,3045,Hydraulic Hose,Cooler restriction,reduced digging force,degraded hydraulic fluid,inspected suction line for air ingress and corrected the connection,Hydraulic oil,TECH-0417,13.82,3.81,37961.43,9871.82,47833.25,Completed
MR-00023,SR-00023,EQ-0035,Hydraulic Excavator,45T Class Excavator,SITE-08,2022-01-26,Condition-Based,Medium,12911,Hydraulic Filter,Oil contamination,arm movement slow after hydraulic oil warms,internal cylinder leakage,checked accumulator pre-charge and restored it to service specification,Accumulator charging kit,TECH-0062,4.06,4.78,51782.73,3045.72,54828.45,Completed
MR-00024,SR-00024,EQ-0028,Hydraulic Excavator,30T Class Excavator,SITE-07,2022-12-20,Preventive,High,5356,Swing Motor,Low pilot pressure,travel function loses power on incline,blocked cooler core,"drained contaminated oil, flushed circuit and refilled with filtered oil",No replacement part,TECH-0760,3.51,6.56,31189.89,2888.58,34078.47,Closed
MR-00025,SR-00025,EQ-0009,Crawler Dozer,35T Class Dozer,SITE-02,2025-10-05,Corrective,Medium,11350,Hydraulic Tank,Cooler restriction,reduced digging force,sticking spool valve,inspected hydraulic circuit and isolated the affected component,Hydraulic hose,TECH-0264,1.7,3.81,2910.02,1473.77,4383.79,Completed
MR-00026,SR-00026,EQ-0036,Crawler Dozer,35T Class Dozer,SITE-04,2025-10-03,Condition-Based,Medium,16604,Hydraulic Tank,Pump wear,filter restriction indicator activated,worn pump components,inspected valve spool movement and cleaned the valve assembly,Hydraulic line fittings,TECH-0564,10.69,5.58,440.8,11449.99,11890.79,Closed
MR-00027,SR-00027,EQ-0211,Motor Grader,14M Class Grader,SITE-07,2026-05-12,Corrective,High,8853,Swing Motor,Valve sticking,travel function loses power on incline,internal cylinder leakage,tested pilot pressure and inspected pilot circuit,Hydraulic oil,TECH-0318,5.47,2.34,8838.01,3288.98,12126.99,Completed - Monitor
MR-00028,SR-00028,EQ-0102,Hydraulic Excavator,45T Class Excavator,SITE-07,2025-05-15,Corrective,High,6924,Swing Motor,Valve sticking,arm movement slow after hydraulic oil warms,internal cylinder leakage,checked accumulator pre-charge and restored it to service specification,Pilot filter,TECH-0249,9.27,8.83,64951.89,7657.57,72609.46,Completed - Monitor
MR-00029,SR-00029,EQ-0208,Hydraulic Excavator,45T Class Excavator,SITE-08,2023-12-25,Corrective,Medium,17359,Hydraulic Cooler,Restricted flow,arm movement slow after hydraulic oil warms,restricted return filter,inspected suction line for air ingress and corrected the connection,Cooler gasket set,TECH-0955,7.12,0.86,12791.95,5677.91,18469.86,Completed
MR-00030,SR-00030,EQ-0131,Wheel Loader,20T Class Wheel Loader,SITE-01,2022-07-16,Condition-Based,Critical,9257,Accumulator,Accumulator pressure loss,hydraulic oil temperature rises during continuous operation,damaged cylinder seal,inspected hydraulic circuit and isolated the affected component,Pump seal kit,TECH-0189,7.41,6.62,23193.8,3658.62,26852.42,Completed
MR-00031,SR-00031,EQ-0073,Hydraulic Excavator,30T Class Excavator,SITE-01,2023-10-24,Preventive,Medium,17764,Hydraulic Tank,Cylinder seal wear,hydraulic oil temperature rises during continuous operation,low pilot supply pressure,tested pilot pressure and inspected pilot circuit,Hydraulic oil,TECH-0163,2.74,4.87,45811.8,2466.44,48278.24,Completed
MR-00032,SR-00032,EQ-0002,Wheel Loader,20T Class Wheel Loader,SITE-01,2022-03-10,Corrective,High,18152,Hydraulic Tank,Overheating,hydraulic response is jerky,restricted hydraulic line,inspected valve spool movement and cleaned the valve assembly,Hydraulic filter,TECH-0876,10.8,0.86,52992.27,5339.21,58331.48,Completed
MR-00033,SR-00033,EQ-0046,Hydraulic Excavator,20T Class Excavator,SITE-08,2025-04-14,Corrective,High,2249,Main Control Valve,Low pilot pressure,hydraulic response is jerky,restricted return filter,checked pressure and flow at operating temperature,Pilot filter,TECH-0196,5.62,6.06,64263.03,3635.85,67898.88,Completed
MR-00034,SR-00034,EQ-0090,Hydraulic Excavator,30T Class Excavator,SITE-01,2024-03-30,Inspection,Medium,9531,Swing Motor,Overheating,hydraulic oil temperature rises during continuous operation,low pilot supply pressure,replaced damaged hose and pressure-tested the circuit,Hydraulic line fittings,TECH-0586,13.26,7.31,64167.82,13543.94,77711.76,Completed
MR-00035,SR-00035,EQ-0148,Hydraulic Excavator,45T Class Excavator,SITE-06,2023-06-22,Corrective,Low,16964,Hydraulic Hose,Cooler restriction,reduced digging force,internal cylinder leakage,cleaned cooler and verified hydraulic oil temperature,Cooler gasket set,TECH-0535,11.6,7.62,57459.5,11453.07,68912.57,Completed
MR-00036,SR-00036,EQ-0135,Crawler Dozer,35T Class Dozer,SITE-01,2023-09-01,Condition-Based,High,16815,Pilot Valve,Filter blockage,visible oil leak near hydraulic line,blocked cooler core,checked accumulator pre-charge and restored it to service specification,Accumulator charging kit,TECH-0970,11.58,4.36,25507.1,10154.39,35661.49,Completed
MR-00037,SR-00037,EQ-0013,Hydraulic Excavator,35T Class Excavator,SITE-04,2026-05-17,Condition-Based,High,11390,Hydraulic Line,Restricted flow,swing movement is slow,damaged cylinder seal,checked pressure and flow at operating temperature,Return filter element,TECH-0086,3.61,8.0,17360.93,3569.59,20930.52,Completed
MR-00038,SR-00038,EQ-0237,Hydraulic Excavator,45T Class Excavator,SITE-04,2024-02-15,Preventive,High,7490,Boom Cylinder,Cylinder seal wear,hydraulic oil appears contaminated,blocked cooler core,replaced damaged hose and pressure-tested the circuit,Hydraulic hose,TECH-0033,7.65,2.19,51159.56,4071.08,55230.64,Completed
MR-00039,SR-00039,EQ-0030,Hydraulic Excavator,35T Class Excavator,SITE-02,2022-02-09,Condition-Based,Critical,7261,Hydraulic Line,Cylinder seal wear,reduced digging force,sticking spool valve,replaced damaged hose and pressure-tested the circuit,Hydraulic hose,TECH-0403,1.47,7.23,25537.33,1550.35,27087.68,Completed - Monitor
MR-00040,SR-00040,EQ-0233,Crawler Dozer,25T Class Dozer,SITE-05,2026-02-14,Corrective,High,17346,Main Control Valve,Cylinder seal wear,hydraulic response is jerky,restricted hydraulic line,replaced damaged seal kit and performed leak test,Hydraulic filter,TECH-0142,10.55,0.75,8589.29,10932.39,19521.68,Completed
MR-00041,SR-00041,EQ-0058,Hydraulic Excavator,45T Class Excavator,SITE-03,2023-06-27,Corrective,Medium,2415,Pilot Valve,Filter blockage,filter restriction indicator activated,low pilot supply pressure,inspected hydraulic circuit and isolated the affected component,Pump seal kit,TECH-0055,3.15,9.13,37401.2,2418.65,39819.85,Completed
MR-00042,SR-00042,EQ-0034,Motor Grader,14M Class Grader,SITE-08,2026-03-06,Inspection,Medium,17758,Accumulator,Hose failure,pilot pressure below expected range,air entering suction line,"drained contaminated oil, flushed circuit and refilled with filtered oil",Accumulator charging kit,TECH-0333,12.7,2.91,60154.18,8176.77,68330.95,Closed
MR-00043,SR-00043,EQ-0072,Crawler Dozer,25T Class Dozer,SITE-06,2024-07-13,Corrective,Medium,8128,Accumulator,Restricted flow,boom movement slow under load,damaged cylinder seal,inspected suction line for air ingress and corrected the connection,Return filter element,TECH-0549,15.16,2.06,7738.98,14603.23,22342.21,Completed
MR-00044,SR-00044,EQ-0009,Crawler Dozer,35T Class Dozer,SITE-02,2025-06-09,Condition-Based,High,12643,Main Control Valve,Low pilot pressure,boom movement slow under load,damaged cylinder seal,replaced damaged seal kit and performed leak test,Hydraulic hose,TECH-0912,16.0,4.87,34927.89,9849.62,44777.51,Completed
MR-00045,SR-00045,EQ-0195,Hydraulic Excavator,20T Class Excavator,SITE-04,2023-05-18,Corrective,High,3389,Hydraulic Pump,Overheating,swing movement is slow,restricted hydraulic line,checked accumulator pre-charge and restored it to service specification,Cooler gasket set,TECH-0014,9.82,5.64,54311.93,5734.48,60046.41,Closed
MR-00046,SR-00046,EQ-0024,Hydraulic Excavator,45T Class Excavator,SITE-02,2025-06-26,Corrective,Critical,6969,Bucket Cylinder,External leakage,reduced digging force,loss of accumulator pre-charge,tested pilot pressure and inspected pilot circuit,Cylinder seal kit,TECH-0530,14.92,1.59,42112.8,13652.85,55765.65,Completed
MR-00047,SR-00047,EQ-0240,Hydraulic Excavator,30T Class Excavator,SITE-06,2025-12-22,Condition-Based,High,4373,Hydraulic Cooler,Oil contamination,arm movement slow after hydraulic oil warms,contaminated hydraulic oil,tested pilot pressure and inspected pilot circuit,No replacement part,TECH-0090,1.49,5.76,41746.78,1028.29,42775.07,Completed
MR-00048,SR-00048,EQ-0058,Hydraulic Excavator,45T Class Excavator,SITE-03,2024-07-04,Preventive,High,7729,Hydraulic Filter,External leakage,visible oil leak near hydraulic line,air entering suction line,inspected suction line for air ingress and corrected the connection,Hydraulic oil,TECH-0268,8.1,7.96,2497.1,8416.23,10913.33,Follow-up Required
MR-00049,SR-00049,EQ-0003,Crawler Dozer,35T Class Dozer,SITE-07,2025-10-18,Inspection,Medium,8268,Fuel System,Air ingress,reduced digging force,restricted hydraulic line,cleaned cooler and verified hydraulic oil temperature,Hydraulic hose,TECH-0181,8.7,1.93,17847.96,6315.86,24163.82,Closed
MR-00050,SR-00050,EQ-0220,Hydraulic Excavator,35T Class Excavator,SITE-05,2023-03-26,Corrective,Medium,4923,Swing Motor,Oil contamination,reduced digging force,worn pump components,"drained contaminated oil, flushed circuit and refilled with filtered oil",Pump seal kit,TECH-0169,16.0,4.93,7028.33,16549.03,23577.36,Completed - Monitor
MR-00051,SR-00051,EQ-0131,Wheel Loader,20T Class Wheel Loader,SITE-01,2026-07-31,Corrective,Medium,14083,Hydraulic Cooler,Internal leakage,arm movement slow after hydraulic oil warms,low pilot supply pressure,inspected valve spool movement and cleaned the valve assembly,Accumulator charging kit,TECH-0662,15.46,8.89,40398.7,12822.01,53220.71,Completed
MR-00052,SR-00052,EQ-0015,Crawler Dozer,25T Class Dozer,SITE-03,2025-02-17,Corrective,Low,10836,Hydraulic Line,Air ingress,pilot pressure below expected range,worn pump components,checked accumulator pre-charge and restored it to service specification,Valve O-rings,TECH-0478,7.8,3.05,12306.34,4677.17,16983.51,Completed - Monitor
MR-00053,SR-00053,EQ-0217,Wheel Loader,25T Class Wheel Loader,SITE-01,2025-05-27,Corrective,Medium,10275,Hydraulic Line,External leakage,swing movement is slow,damaged cylinder seal,replaced damaged seal kit and performed leak test,Pump seal kit,TECH-0173,13.3,4.67,17425.12,14167.89,31593.01,Completed
MR-00054,SR-00054,EQ-0235,Hydraulic Excavator,30T Class Excavator,SITE-07,2022-07-11,Corrective,High,12964,Main Control Valve,Cooler restriction,pilot pressure below expected range,contaminated hydraulic oil,inspected hydraulic circuit and isolated the affected component,Hydraulic oil,TECH-0904,4.12,6.44,59769.58,2655.09,62424.67,Completed
MR-00055,SR-00055,EQ-0212,Hydraulic Excavator,45T Class Excavator,SITE-01,2026-05-13,Corrective,High,12385,Boom Cylinder,Filter blockage,arm movement slow after hydraulic oil warms,damaged cylinder seal,inspected hydraulic circuit and isolated the affected component,Valve O-rings,TECH-0915,14.57,7.77,42258.49,15552.75,57811.24,Completed
MR-00056,SR-00056,EQ-0003,Crawler Dozer,35T Class Dozer,SITE-07,2023-09-16,Corrective,High,16832,Fuel System,Cylinder seal wear,boom movement slow under load,air entering suction line,inspected hydraulic circuit and isolated the affected component,Hydraulic line fittings,TECH-0537,9.21,4.55,9471.78,10117.18,19588.96,Completed
MR-00057,SR-00057,EQ-0150,Wheel Loader,25T Class Wheel Loader,SITE-01,2024-06-04,Condition-Based,Medium,8554,Fuel System,Accumulator pressure loss,boom movement slow under load,internal cylinder leakage,replaced damaged seal kit and performed leak test,Cooler gasket set,TECH-0906,9.9,0.25,63994.11,7753.7,71747.81,Completed
MR-00058,SR-00058,EQ-0237,Hydraulic Excavator,45T Class Excavator,SITE-04,2025-07-30,Preventive,High,6415,Boom Cylinder,Oil contamination,reduced digging force,air entering suction line,checked accumulator pre-charge and restored it to service specification,Valve O-rings,TECH-0140,13.09,2.34,44514.07,12069.45,56583.52,Closed
MR-00059,SR-00059,EQ-0110,Hydraulic Excavator,45T Class Excavator,SITE-06,2026-06-14,Condition-Based,High,15799,Accumulator,Restricted flow,pump noise increases during operation,blocked cooler core,cleaned cooler and verified hydraulic oil temperature,Hydraulic filter,TECH-0107,8.51,7.77,57650.53,7021.03,64671.56,Completed
MR-00060,SR-00060,EQ-0120,Crawler Dozer,35T Class Dozer,SITE-04,2026-04-05,Corrective,High,3200,Hydraulic Tank,Cooler restriction,hydraulic oil temperature rises during continuous operation,damaged cylinder seal,inspected hydraulic circuit and isolated the affected component,Accumulator charging kit,TECH-0553,1.72,4.04,20613.52,1556.89,22170.41,Completed - Monitor
MR-00061,SR-00061,EQ-0235,Hydraulic Excavator,30T Class Excavator,SITE-07,2024-01-14,Inspection,Medium,8859,Hydraulic Cooler,Low pilot pressure,bucket will not open normally,air entering suction line,replaced damaged seal kit and performed leak test,Hydraulic line fittings,TECH-0041,15.87,6.41,60788.14,8640.86,69429.0,Completed
MR-00062,SR-00062,EQ-0089,Motor Grader,16M Class Grader,SITE-02,2026-05-10,Corrective,Medium,6302,Hydraulic Hose,Cooler restriction,pump noise increases during operation,contaminated hydraulic oil,replaced damaged seal kit and performed leak test,Hydraulic line fittings,TECH-0638,15.45,3.89,63238.83,16964.06,80202.89,Completed
MR-00063,SR-00063,EQ-0191,Hydraulic Excavator,45T Class Excavator,SITE-07,2022-03-18,Corrective,Medium,8877,Hydraulic Line,Accumulator pressure loss,swing movement is slow,damaged hydraulic hose,cleaned cooler and verified hydraulic oil temperature,Accumulator charging kit,TECH-0024,6.98,2.32,16076.01,5791.24,21867.25,Completed
MR-00064,SR-00064,EQ-0027,Wheel Loader,25T Class Wheel Loader,SITE-07,2024-12-27,Corrective,Medium,12881,Arm Cylinder,Internal leakage,pilot pressure below expected range,degraded hydraulic fluid,inspected valve spool movement and cleaned the valve assembly,Return filter element,TECH-0960,6.44,5.63,28263.41,6160.32,34423.73,Completed
MR-00065,SR-00065,EQ-0183,Hydraulic Excavator,30T Class Excavator,SITE-01,2024-08-22,Corrective,Medium,2748,Hydraulic Pump,Hose failure,bucket will not open normally,internal cylinder leakage,"drained contaminated oil, flushed circuit and refilled with filtered oil",Hydraulic line fittings,TECH-0046,6.84,13.85,25556.48,3602.07,29158.55,Completed
MR-00066,SR-00066,EQ-0037,Hydraulic Excavator,30T Class Excavator,SITE-08,2025-10-31,Corrective,High,6045,Hydraulic Cooler,Restricted flow,hydraulic oil temperature rises during continuous operation,restricted hydraulic line,replaced damaged seal kit and performed leak test,Hydraulic filter,TECH-0853,7.47,4.9,29759.74,7324.76,37084.5,Closed
MR-00067,SR-00067,EQ-0001,Crawler Dozer,35T Class Dozer,SITE-04,2022-11-28,Condition-Based,Medium,15973,Travel Motor,Cylinder seal wear,boom movement slow under load,sticking spool valve,inspected valve spool movement and cleaned the valve assembly,Hydraulic line fittings,TECH-0542,7.22,5.3,7828.53,3380.34,11208.87,Completed
MR-00068,SR-00068,EQ-0085,Hydraulic Excavator,35T Class Excavator,SITE-02,2022-01-07,Preventive,Medium,17528,Main Control Valve,Pump wear,reduced digging force,damaged hydraulic hose,replaced damaged hose and pressure-tested the circuit,Hydraulic oil,TECH-0749,1.55,0.25,5730.93,1657.27,7388.2,Completed
MR-00069,SR-00069,EQ-0103,Hydraulic Excavator,35T Class Excavator,SITE-06,2026-04-07,Corrective,Medium,8128,Accumulator,Low pilot pressure,pilot pressure below expected range,loss of accumulator pre-charge,inspected hydraulic circuit and isolated the affected component,Hydraulic line fittings,TECH-0874,15.47,3.31,55029.92,12397.5,67427.42,Completed
MR-00070,SR-00070,EQ-0121,Motor Grader,16M Class Grader,SITE-01,2023-02-18,Condition-Based,Medium,17956,Hydraulic Filter,Accumulator pressure loss,visible oil leak near hydraulic line,restricted return filter,checked pump output and inspected for internal leakage,Hydraulic filter,TECH-0804,13.01,0.25,31420.94,7738.78,39159.72,Completed
MR-00071,SR-00071,EQ-0071,Wheel Loader,25T Class Wheel Loader,SITE-05,2025-10-04,Preventive,Medium,7117,Engine Cooling System,Internal leakage,swing movement is slow,damaged cylinder seal,checked accumulator pre-charge and restored it to service specification,Cooler gasket set,TECH-0946,9.2,3.59,63232.52,6865.07,70097.59,Completed
MR-00072,SR-00072,EQ-0077,Wheel Loader,25T Class Wheel Loader,SITE-01,2022-09-07,Inspection,Medium,9268,Engine Cooling System,Cylinder seal wear,bucket will not open normally,high oil temperature,"drained contaminated oil, flushed circuit and refilled with filtered oil",Valve O-rings,TECH-0570,2.12,8.18,39235.35,1419.14,40654.49,Completed
MR-00073,SR-00073,EQ-0075,Wheel Loader,20T Class Wheel Loader,SITE-08,2022-01-06,Preventive,Low,10270,Fuel System,Line restriction,hydraulic response is jerky,contaminated hydraulic oil,checked pump output and inspected for internal leakage,Hydraulic filter,TECH-0328,5.12,2.13,45707.05,4124.41,49831.46,Closed
MR-00074,SR-00074,EQ-0117,Wheel Loader,20T Class Wheel Loader,SITE-01,2025-12-01,Preventive,High,13485,Swing Motor,Filter blockage,bucket cylinder leaking externally,sticking spool valve,replaced damaged seal kit and performed leak test,Accumulator charging kit,TECH-0795,8.37,14.17,30166.56,3860.58,34027.14,Completed
MR-00075,SR-00075,EQ-0206,Crawler Dozer,35T Class Dozer,SITE-06,2022-03-04,Corrective,Medium,14779,Engine Cooling System,Internal leakage,pump noise increases during operation,contaminated hydraulic oil,checked accumulator pre-charge and restored it to service specification,Cylinder seal kit,TECH-0034,15.55,2.14,17768.73,7294.76,25063.49,Completed
MR-00076,SR-00076,EQ-0015,Crawler Dozer,25T Class Dozer,SITE-03,2025-01-25,Corrective,High,13442,Main Control Valve,Oil contamination,bucket will not open normally,contaminated hydraulic oil,checked pump output and inspected for internal leakage,Valve O-rings,TECH-0793,6.6,3.27,37965.15,3287.64,41252.79,Follow-up Required
MR-00077,SR-00077,EQ-0169,Hydraulic Excavator,30T Class Excavator,SITE-07,2026-06-09,Corrective,High,10300,Swing Motor,Overheating,hydraulic oil temperature rises during continuous operation,loss of accumulator pre-charge,inspected valve spool movement and cleaned the valve assembly,Return filter element,TECH-0624,6.27,0.58,9164.18,4496.24,13660.42,Closed
MR-00078,SR-00078,EQ-0236,Wheel Loader,20T Class Wheel Loader,SITE-07,2025-01-12,Corrective,High,3093,Hydraulic Pump,Accumulator pressure loss,hydraulic oil appears contaminated,sticking spool valve,tested pilot pressure and inspected pilot circuit,Pilot filter,TECH-0541,3.71,7.74,28624.49,1680.96,30305.45,Completed
MR-00079,SR-00079,EQ-0188,Hydraulic Excavator,45T Class Excavator,SITE-07,2022-03-15,Corrective,Medium,12201,Swing Motor,Restricted flow,bucket will not open normally,restricted hydraulic line,inspected hydraulic circuit and isolated the affected component,Hydraulic oil,TECH-0071,3.31,5.06,38823.26,2029.33,40852.59,Closed
MR-00080,SR-00080,EQ-0069,Hydraulic Excavator,20T Class Excavator,SITE-02,2022-04-10,Inspection,High,8908,Accumulator,Pump wear,visible oil leak near hydraulic line,contaminated hydraulic oil,checked accumulator pre-charge and restored it to service specification,Hydraulic filter,TECH-0969,2.35,0.25,9224.29,1453.79,10678.08,Completed
MR-00081,SR-00081,EQ-0035,Hydraulic Excavator,45T Class Excavator,SITE-08,2022-12-21,Corrective,High,10566,Accumulator,Cooler restriction,hydraulic flow is low at operating temperature,internal cylinder leakage,"drained contaminated oil, flushed circuit and refilled with filtered oil",Cylinder seal kit,TECH-0815,0.97,3.95,58469.46,965.42,59434.88,Follow-up Required
MR-00082,SR-00082,EQ-0107,Hydraulic Excavator,45T Class Excavator,SITE-08,2025-07-30,Corrective,Critical,15929,Fuel System,Valve sticking,hydraulic oil appears contaminated,blocked cooler core,inspected suction line for air ingress and corrected the connection,Cooler gasket set,TECH-0148,13.82,6.37,61368.25,7062.83,68431.08,Closed
MR-00083,SR-00083,EQ-0083,Wheel Loader,20T Class Wheel Loader,SITE-04,2026-06-04,Preventive,High,2233,Hydraulic Cooler,Cooler restriction,bucket cylinder leaking externally,contaminated hydraulic oil,replaced damaged hose and pressure-tested the circuit,Return filter element,TECH-0136,12.58,1.7,35456.96,12328.06,47785.02,Closed
MR-00084,SR-00084,EQ-0232,Hydraulic Excavator,45T Class Excavator,SITE-08,2023-02-14,Inspection,High,11435,Accumulator,External leakage,hydraulic oil temperature rises during continuous operation,contaminated hydraulic oil,inspected hydraulic circuit and isolated the affected component,Cooler gasket set,TECH-0087,3.73,3.93,61581.53,2680.26,64261.79,Completed
MR-00085,SR-00085,EQ-0216,Backhoe Loader,4WD Backhoe Loader,SITE-01,2025-09-24,Corrective,Medium,1818,Pilot Valve,Overheating,travel function loses power on incline,restricted hydraulic line,inspected hydraulic circuit and isolated the affected component,Cooler gasket set,TECH-0730,13.96,3.93,31985.75,7039.69,39025.44,Closed
MR-00086,SR-00086,EQ-0099,Backhoe Loader,Heavy-Duty Backhoe Loader,SITE-08,2025-04-30,Condition-Based,Medium,16857,Hydraulic Cooler,Valve sticking,hydraulic oil appears contaminated,air entering suction line,replaced damaged seal kit and performed leak test,Accumulator charging kit,TECH-0884,12.21,3.8,45698.61,12922.5,58621.11,Completed
MR-00087,SR-00087,EQ-0214,Backhoe Loader,Heavy-Duty Backhoe Loader,SITE-06,2024-01-20,Corrective,High,4415,Hydraulic Tank,Line restriction,arm movement slow after hydraulic oil warms,loss of accumulator pre-charge,checked pressure and flow at operating temperature,Hydraulic hose,TECH-0710,2.69,2.81,8164.73,2924.78,11089.51,Completed
MR-00088,SR-00088,EQ-0055,Hydraulic Excavator,20T Class Excavator,SITE-01,2023-02-17,Condition-Based,Critical,13366,Engine Cooling System,External leakage,pilot pressure below expected range,air entering suction line,inspected hydraulic circuit and isolated the affected component,Hydraulic line fittings,TECH-0799,1.92,6.36,8184.85,1885.69,10070.54,Closed
MR-00089,SR-00089,EQ-0057,Hydraulic Excavator,20T Class Excavator,SITE-08,2022-01-21,Condition-Based,Low,3093,Arm Cylinder,Oil contamination,swing movement is slow,worn pump components,checked pressure and flow at operating temperature,Hydraulic oil,TECH-0103,8.82,2.27,60551.05,5110.15,65661.2,Completed
MR-00090,SR-00090,EQ-0175,Hydraulic Excavator,20T Class Excavator,SITE-05,2024-10-18,Preventive,Medium,16952,Hydraulic Pump,Air ingress,bucket will not open normally,degraded hydraulic fluid,checked accumulator pre-charge and restored it to service specification,Hydraulic hose,TECH-0500,11.85,4.44,60950.95,9818.21,70769.16,Completed
MR-00091,SR-00091,EQ-0090,Hydraulic Excavator,30T Class Excavator,SITE-01,2023-12-04,Condition-Based,Medium,13465,Engine Cooling System,Hose failure,hydraulic oil appears contaminated,loss of accumulator pre-charge,checked accumulator pre-charge and restored it to service specification,Hydraulic hose,TECH-0377,10.03,2.3,42233.23,10399.49,52632.72,Completed - Monitor
MR-00092,SR-00092,EQ-0063,Hydraulic Excavator,45T Class Excavator,SITE-01,2023-07-04,Corrective,Medium,13169,Hydraulic Hose,External leakage,boom movement slow under load,damaged hydraulic hose,"drained contaminated oil, flushed circuit and refilled with filtered oil",Hydraulic oil,TECH-0303,9.97,9.43,16621.26,5824.23,22445.49,Closed
MR-00093,SR-00093,EQ-0053,Hydraulic Excavator,20T Class Excavator,SITE-06,2024-12-10,Condition-Based,High,5827,Accumulator,Hose failure,pilot pressure below expected range,high oil temperature,replaced damaged seal kit and performed leak test,Cooler gasket set,TECH-0521,6.01,3.95,35944.68,3612.81,39557.49,Completed
MR-00094,SR-00094,EQ-0162,Hydraulic Excavator,45T Class Excavator,SITE-01,2026-06-28,Preventive,Medium,5035,Engine Cooling System,Line restriction,bucket will not open normally,restricted return filter,cleaned cooler and verified hydraulic oil temperature,No replacement part,TECH-0552,14.37,4.52,37158.38,11505.7,48664.08,Completed
MR-00095,SR-00095,EQ-0214,Backhoe Loader,Heavy-Duty Backhoe Loader,SITE-06,2024-04-24,Corrective,Medium,15187,Bucket Cylinder,Internal leakage,hydraulic flow is low at operating temperature,blocked cooler core,checked pressure and flow at operating temperature,Return filter element,TECH-0510,10.94,10.62,7408.09,11497.78,18905.87,Closed
MR-00096,SR-00096,EQ-0150,Wheel Loader,25T Class Wheel Loader,SITE-01,2026-07-26,Corrective,Medium,18405,Hydraulic Cooler,Overheating,bucket will not open normally,sticking spool valve,inspected hydraulic circuit and isolated the affected component,Cylinder seal kit,TECH-0458,6.82,0.25,41430.98,7328.83,48759.81,Completed
MR-00097,SR-00097,EQ-0200,Wheel Loader,25T Class Wheel Loader,SITE-08,2025-09-06,Preventive,Medium,6986,Bucket Cylinder,Low pilot pressure,arm movement slow after hydraulic oil warms,worn pump components,checked pump output and inspected for internal leakage,No replacement part,TECH-0608,12.7,7.33,59857.28,7927.07,67784.35,Completed
MR-00098,SR-00098,EQ-0040,Crawler Dozer,35T Class Dozer,SITE-04,2026-04-20,Preventive,High,18269,Accumulator,Restricted flow,bucket will not open normally,low pilot supply pressure,replaced damaged seal kit and performed leak test,Cooler gasket set,TECH-0436,8.68,6.77,24236.91,4239.67,28476.58,Follow-up Required
MR-00099,SR-00099,EQ-0007,Backhoe Loader,4WD Backhoe Loader,SITE-06,2024-05-31,Corrective,Low,4111,Pilot Valve,Restricted flow,pilot pressure below expected range,restricted return filter,"drained contaminated oil, flushed circuit and refilled with filtered oil",Hydraulic filter,TECH-0944,11.89,8.29,44708.0,6900.02,51608.02,Completed - Monitor
MR-00100,SR-00100,EQ-0183,Hydraulic Excavator,30T Class Excavator,SITE-01,2026-05-17,Preventive,Critical,18149,Pilot Valve,Internal leakage,arm movement slow after hydraulic oil warms,air entering suction line,"drained contaminated oil, flushed circuit and refilled with filtered oil",Valve O-rings,TECH-0505,11.9,6.63,31688.63,6569.13,38257.76,Follow-up Required
MR-00101,SR-00101,EQ-0159,Hydraulic Excavator,20T Class Excavator,SITE-03,2022-04-20,Corrective,Medium,8368,Travel Motor,Valve sticking,travel function loses power on incline,air entering suction line,"drained contaminated oil, flushed circuit and refilled with filtered oil",Return filter element,TECH-0372,8.44,7.61,10898.84,5998.44,16897.28,Closed
MR-00102,SR-00102,EQ-0060,Motor Grader,14M Class Grader,SITE-08,2025-03-15,Corrective,High,17463,Engine Cooling System,External leakage,hydraulic response is jerky,air entering suction line,inspected hydraulic circuit and isolated the affected component,Valve O-rings,TECH-0947,6.0,8.24,25552.36,3554.78,29107.14,Completed
MR-00103,SR-00103,EQ-0109,Backhoe Loader,4WD Backhoe Loader,SITE-06,2023-07-04,Condition-Based,Medium,6948,Hydraulic Filter,Pump wear,visible oil leak near hydraulic line,blocked cooler core,checked pressure and flow at operating temperature,Return filter element,TECH-0692,3.87,3.1,59718.39,3930.83,63649.22,Completed
MR-00104,SR-00104,EQ-0009,Crawler Dozer,35T Class Dozer,SITE-02,2022-12-31,Preventive,Medium,14680,Boom Cylinder,Air ingress,pump noise increases during operation,damaged hydraulic hose,checked accumulator pre-charge and restored it to service specification,Hydraulic line fittings,TECH-0932,3.67,3.87,5218.22,3046.03,8264.25,Completed
MR-00105,SR-00105,EQ-0089,Motor Grader,16M Class Grader,SITE-02,2026-04-19,Preventive,High,15694,Boom Cylinder,Valve sticking,hydraulic response is jerky,air entering suction line,tested pilot pressure and inspected pilot circuit,Cylinder seal kit,TECH-0110,8.54,4.38,9156.73,3971.56,13128.29,Completed
MR-00106,SR-00106,EQ-0212,Hydraulic Excavator,45T Class Excavator,SITE-01,2025-02-20,Corrective,High,15225,Bucket Cylinder,Cooler restriction,pilot pressure below expected range,restricted hydraulic line,"drained contaminated oil, flushed circuit and refilled with filtered oil",Cylinder seal kit,TECH-0740,14.49,9.25,24237.97,11735.12,35973.09,Follow-up Required
MR-00107,SR-00107,EQ-0131,Wheel Loader,20T Class Wheel Loader,SITE-01,2023-03-10,Corrective,Medium,11426,Main Control Valve,External leakage,reduced digging force,blocked cooler core,cleaned cooler and verified hydraulic oil temperature,Pilot filter,TECH-0335,11.78,2.45,26594.12,8539.66,35133.78,Completed
MR-00108,SR-00108,EQ-0026,Hydraulic Excavator,45T Class Excavator,SITE-03,2024-09-17,Corrective,Medium,3707,Arm Cylinder,Oil contamination,hydraulic oil temperature rises during continuous operation,damaged cylinder seal,inspected suction line for air ingress and corrected the connection,Hydraulic oil,TECH-0596,7.58,6.18,3956.07,6071.98,10028.05,Completed
MR-00109,SR-00109,EQ-0213,Wheel Loader,25T Class Wheel Loader,SITE-06,2026-07-19,Inspection,Critical,4955,Hydraulic Filter,Cooler restriction,visible oil leak near hydraulic line,restricted return filter,checked pump output and inspected for internal leakage,Cooler gasket set,TECH-0796,11.62,4.73,44266.1,10408.49,54674.59,Completed
MR-00110,SR-00110,EQ-0071,Wheel Loader,25T Class Wheel Loader,SITE-05,2023-07-22,Corrective,Medium,10600,Travel Motor,Cylinder seal wear,pump noise increases during operation,high oil temperature,checked accumulator pre-charge and restored it to service specification,Hydraulic hose,TECH-0294,15.49,9.83,35845.69,14925.0,50770.69,Completed
MR-00111,SR-00111,EQ-0043,Hydraulic Excavator,35T Class Excavator,SITE-02,2023-04-22,Inspection,High,15136,Bucket Cylinder,Internal leakage,hydraulic response is jerky,high oil temperature,tested pilot pressure and inspected pilot circuit,Cooler gasket set,TECH-0008,15.05,5.73,49668.87,9783.48,59452.35,Completed
MR-00112,SR-00112,EQ-0208,Hydraulic Excavator,45T Class Excavator,SITE-08,2025-09-08,Condition-Based,Low,6280,Hydraulic Filter,Cylinder seal wear,filter restriction indicator activated,sticking spool valve,checked pressure and flow at operating temperature,Hydraulic oil,TECH-0128,3.77,2.92,61892.51,3883.87,65776.38,Completed
MR-00113,SR-00113,EQ-0115,Crawler Dozer,25T Class Dozer,SITE-05,2022-03-22,Corrective,Medium,10525,Hydraulic Hose,Cylinder seal wear,hydraulic oil temperature rises during continuous operation,internal cylinder leakage,replaced damaged seal kit and performed leak test,Cooler gasket set,TECH-0656,6.25,0.96,52121.68,4504.59,56626.27,Completed
MR-00114,SR-00114,EQ-0056,Hydraulic Excavator,30T Class Excavator,SITE-07,2022-02-02,Corrective,High,8089,Hydraulic Cooler,Internal leakage,reduced digging force,internal cylinder leakage,"drained contaminated oil, flushed circuit and refilled with filtered oil",Cylinder seal kit,TECH-0457,13.53,3.96,4122.6,13117.37,17239.97,Completed - Monitor
MR-00115,SR-00115,EQ-0216,Backhoe Loader,4WD Backhoe Loader,SITE-01,2022-03-26,Corrective,High,1901,Hydraulic Pump,Line restriction,hydraulic oil appears contaminated,restricted hydraulic line,replaced damaged hose and pressure-tested the circuit,Pilot filter,TECH-0405,1.03,2.96,10525.86,864.36,11390.22,Completed
MR-00116,SR-00116,EQ-0137,Hydraulic Excavator,35T Class Excavator,SITE-08,2024-06-17,Corrective,Critical,1961,Engine Cooling System,Cooler restriction,travel function loses power on incline,sticking spool valve,replaced restricted hydraulic filter and checked contamination source,Hydraulic oil,TECH-0246,14.91,2.68,35781.56,7733.63,43515.19,Completed
MR-00117,SR-00117,EQ-0118,Hydraulic Excavator,20T Class Excavator,SITE-05,2025-05-25,Preventive,High,12522,Pilot Valve,Restricted flow,boom movement slow under load,internal cylinder leakage,inspected hydraulic circuit and isolated the affected component,Hydraulic line fittings,TECH-0416,1.33,2.18,60598.16,1237.57,61835.73,Completed
MR-00118,SR-00118,EQ-0228,Hydraulic Excavator,35T Class Excavator,SITE-01,2023-06-19,Condition-Based,Medium,16164,Main Control Valve,External leakage,bucket cylinder leaking externally,restricted hydraulic line,inspected hydraulic circuit and isolated the affected component,Hydraulic oil,TECH-0145,9.15,0.25,43006.33,7736.93,50743.26,Completed
MR-00119,SR-00119,EQ-0054,Crawler Dozer,25T Class Dozer,SITE-01,2026-03-05,Corrective,High,5871,Swing Motor,Restricted flow,hydraulic oil temperature rises during continuous operation,loss of accumulator pre-charge,checked accumulator pre-charge and restored it to service specification,Accumulator charging kit,TECH-0792,13.97,10.75,27007.66,9627.42,36635.08,Closed
MR-00120,SR-00120,EQ-0167,Hydraulic Excavator,45T Class Excavator,SITE-05,2023-11-12,Condition-Based,Medium,12402,Accumulator,Pump wear,pump noise increases during operation,degraded hydraulic fluid,"drained contaminated oil, flushed circuit and refilled with filtered oil",Pilot filter,TECH-0351,10.23,4.0,37964.42,7007.95,44972.37,Completed
MR-00121,SR-00121,EQ-0141,Wheel Loader,25T Class Wheel Loader,SITE-01,2024-09-17,Preventive,Medium,16354,Hydraulic Cooler,Restricted flow,bucket will not open normally,damaged hydraulic hose,replaced damaged hose and pressure-tested the circuit,Valve O-rings,TECH-0362,7.71,8.48,50233.84,6777.86,57011.7,Completed
MR-00122,SR-00122,EQ-0099,Backhoe Loader,Heavy-Duty Backhoe Loader,SITE-08,2025-01-30,Corrective,Medium,12718,Hydraulic Pump,Low pilot pressure,reduced digging force,blocked cooler core,inspected suction line for air ingress and corrected the connection,Valve O-rings,TECH-0762,3.23,5.04,47402.11,2803.08,50205.19,Completed
MR-00123,SR-00123,EQ-0183,Hydraulic Excavator,30T Class Excavator,SITE-01,2022-08-09,Condition-Based,High,13148,Hydraulic Filter,Pump wear,travel function loses power on incline,restricted return filter,checked accumulator pre-charge and restored it to service specification,Accumulator charging kit,TECH-0572,5.98,5.77,19652.02,6211.01,25863.03,Completed
MR-00124,SR-00124,EQ-0123,Crawler Dozer,25T Class Dozer,SITE-06,2024-03-24,Corrective,Medium,4823,Hydraulic Pump,Line restriction,visible oil leak near hydraulic line,damaged hydraulic hose,checked pressure and flow at operating temperature,Hydraulic filter,TECH-0380,5.09,7.05,3730.94,3347.21,7078.15,Completed
MR-00125,SR-00125,EQ-0032,Hydraulic Excavator,20T Class Excavator,SITE-03,2023-12-04,Condition-Based,Critical,7541,Hydraulic Filter,Valve sticking,boom movement slow under load,loss of accumulator pre-charge,replaced restricted hydraulic filter and checked contamination source,Hydraulic oil,TECH-0248,3.92,7.7,31913.69,3200.63,35114.32,Completed
MR-00126,SR-00126,EQ-0067,Hydraulic Excavator,30T Class Excavator,SITE-03,2024-02-16,Preventive,Medium,3214,Fuel System,Accumulator pressure loss,arm movement slow after hydraulic oil warms,damaged hydraulic hose,replaced damaged hose and pressure-tested the circuit,Valve O-rings,TECH-0344,6.08,2.13,11848.55,3239.22,15087.77,Completed - Monitor
MR-00127,SR-00127,EQ-0196,Wheel Loader,20T Class Wheel Loader,SITE-02,2024-02-03,Inspection,High,3928,Accumulator,Pump wear,bucket cylinder leaking externally,damaged cylinder seal,cleaned cooler and verified hydraulic oil temperature,Cooler gasket set,TECH-0777,12.66,4.79,2075.42,12487.68,14563.1,Completed
MR-00128,SR-00128,EQ-0003,Crawler Dozer,35T Class Dozer,SITE-07,2023-09-02,Corrective,Low,5531,Swing Motor,Hose failure,pilot pressure below expected range,contaminated hydraulic oil,checked pressure and flow at operating temperature,Valve O-rings,TECH-0106,3.95,10.53,31065.51,2855.93,33921.44,Completed
MR-00129,SR-00129,EQ-0043,Hydraulic Excavator,35T Class Excavator,SITE-02,2025-03-26,Preventive,Low,5057,Hydraulic Tank,Pump wear,pilot pressure below expected range,damaged cylinder seal,cleaned cooler and verified hydraulic oil temperature,Hydraulic line fittings,TECH-0351,1.61,3.54,2575.77,1564.47,4140.24,Completed
MR-00130,SR-00130,EQ-0181,Motor Grader,16M Class Grader,SITE-05,2022-08-02,Corrective,Medium,11668,Fuel System,Line restriction,pump noise increases during operation,loss of accumulator pre-charge,cleaned cooler and verified hydraulic oil temperature,Cylinder seal kit,TECH-0442,8.08,3.92,17811.36,6458.82,24270.18,Completed
MR-00131,SR-00131,EQ-0098,Hydraulic Excavator,30T Class Excavator,SITE-08,2025-03-30,Preventive,Medium,16105,Hydraulic Line,Cylinder seal wear,filter restriction indicator activated,restricted return filter,checked pump output and inspected for internal leakage,Accumulator charging kit,TECH-0009,12.63,7.34,46975.13,9081.53,56056.66,Completed - Monitor
MR-00132,SR-00132,EQ-0033,Hydraulic Excavator,45T Class Excavator,SITE-01,2022-11-25,Preventive,Low,4345,Main Control Valve,Cooler restriction,bucket cylinder leaking externally,restricted return filter,cleaned cooler and verified hydraulic oil temperature,Hydraulic hose,TECH-0203,6.83,3.02,51865.14,7444.24,59309.38,Completed
MR-00133,SR-00133,EQ-0065,Hydraulic Excavator,20T Class Excavator,SITE-07,2022-09-17,Corrective,Medium,16268,Hydraulic Hose,Pump wear,pilot pressure below expected range,air entering suction line,inspected hydraulic circuit and isolated the affected component,Accumulator charging kit,TECH-0969,4.37,0.25,10211.62,4688.49,14900.11,Completed
MR-00134,SR-00134,EQ-0056,Hydraulic Excavator,30T Class Excavator,SITE-07,2026-02-14,Condition-Based,Medium,11447,Accumulator,Valve sticking,reduced digging force,high oil temperature,"drained contaminated oil, flushed circuit and refilled with filtered oil",Hydraulic line fittings,TECH-0083,9.79,2.24,39016.97,5268.74,44285.71,Completed
MR-00135,SR-00135,EQ-0178,Crawler Dozer,35T Class Dozer,SITE-04,2023-03-23,Corrective,High,16503,Engine Cooling System,Low pilot pressure,hydraulic oil temperature rises during continuous operation,air entering suction line,replaced damaged seal kit and performed leak test,Pilot filter,TECH-0128,13.3,1.19,38116.13,14306.57,52422.7,Closed
MR-00136,SR-00136,EQ-0208,Hydraulic Excavator,45T Class Excavator,SITE-08,2023-11-12,Preventive,High,11590,Swing Motor,Pump wear,hydraulic oil appears contaminated,worn pump components,cleaned cooler and verified hydraulic oil temperature,Cylinder seal kit,TECH-0215,11.75,8.43,11610.86,12545.72,24156.58,Completed
MR-00137,SR-00137,EQ-0138,Wheel Loader,25T Class Wheel Loader,SITE-01,2024-08-31,Preventive,Medium,4790,Travel Motor,Oil contamination,hydraulic oil temperature rises during continuous operation,damaged cylinder seal,inspected valve spool movement and cleaned the valve assembly,Cooler gasket set,TECH-0569,2.85,5.15,38940.1,2725.21,41665.31,Completed
MR-00138,SR-00138,EQ-0142,Hydraulic Excavator,45T Class Excavator,SITE-05,2022-08-19,Preventive,Medium,6759,Engine Cooling System,Filter blockage,hydraulic oil temperature rises during continuous operation,restricted return filter,checked pressure and flow at operating temperature,Hydraulic oil,TECH-0176,15.34,4.59,13447.39,9036.01,22483.4,Completed
MR-00139,SR-00139,EQ-0006,Hydraulic Excavator,20T Class Excavator,SITE-05,2025-07-22,Corrective,High,16408,Hydraulic Hose,Cooler restriction,hydraulic oil temperature rises during continuous operation,damaged cylinder seal,checked accumulator pre-charge and restored it to service specification,Pump seal kit,TECH-0068,1.0,3.78,1472.79,647.79,2120.58,Closed
MR-00140,SR-00140,EQ-0042,Hydraulic Excavator,45T Class Excavator,SITE-01,2022-02-11,Corrective,Medium,6235,Hydraulic Line,Filter blockage,pump noise increases during operation,internal cylinder leakage,replaced damaged hose and pressure-tested the circuit,Cylinder seal kit,TECH-0147,12.6,4.96,50933.3,11455.32,62388.62,Completed - Monitor
MR-00141,SR-00141,EQ-0126,Hydraulic Excavator,20T Class Excavator,SITE-08,2023-12-14,Corrective,Medium,14891,Hydraulic Tank,Low pilot pressure,hydraulic flow is low at operating temperature,sticking spool valve,inspected suction line for air ingress and corrected the connection,Hydraulic oil,TECH-0120,6.0,6.42,15529.98,4286.6,19816.58,Completed - Monitor
MR-00142,SR-00142,EQ-0057,Hydraulic Excavator,20T Class Excavator,SITE-08,2024-01-04,Corrective,Medium,5085,Hydraulic Hose,Filter blockage,visible oil leak near hydraulic line,air entering suction line,cleaned cooler and verified hydraulic oil temperature,Hydraulic line fittings,TECH-0268,12.15,2.78,48569.81,5522.75,54092.56,Completed
MR-00143,SR-00143,EQ-0061,Backhoe Loader,4WD Backhoe Loader,SITE-08,2022-01-26,Preventive,Medium,17857,Hydraulic Line,Overheating,travel function loses power on incline,blocked cooler core,checked pump output and inspected for internal leakage,Pump seal kit,TECH-0749,13.1,8.43,14159.14,6046.65,20205.79,Completed
MR-00144,SR-00144,EQ-0034,Motor Grader,14M Class Grader,SITE-08,2025-03-28,Corrective,High,9123,Boom Cylinder,Low pilot pressure,swing movement is slow,high oil temperature,"drained contaminated oil, flushed circuit and refilled with filtered oil",Valve O-rings,TECH-0305,5.25,4.52,21427.35,5671.77,27099.12,Completed
MR-00145,SR-00145,EQ-0185,Hydraulic Excavator,20T Class Excavator,SITE-08,2024-03-30,Corrective,High,7956,Hydraulic Tank,Internal leakage,visible oil leak near hydraulic line,restricted hydraulic line,cleaned cooler and verified hydraulic oil temperature,Hydraulic hose,TECH-0651,3.3,4.67,20758.79,3443.23,24202.02,Completed
MR-00146,SR-00146,EQ-0094,Backhoe Loader,Heavy-Duty Backhoe Loader,SITE-01,2022-02-23,Condition-Based,High,14809,Hydraulic Pump,External leakage,reduced digging force,air entering suction line,inspected hydraulic circuit and isolated the affected component,Hydraulic filter,TECH-0847,9.44,3.89,53727.69,7910.51,61638.2,Completed - Monitor
MR-00147,SR-00147,EQ-0017,Wheel Loader,25T Class Wheel Loader,SITE-02,2022-03-10,Corrective,Medium,17387,Boom Cylinder,Oil contamination,bucket cylinder leaking externally,high oil temperature,checked accumulator pre-charge and restored it to service specification,Hydraulic hose,TECH-0032,13.5,9.56,63243.38,11710.99,74954.37,Closed
MR-00148,SR-00148,EQ-0118,Hydraulic Excavator,20T Class Excavator,SITE-05,2024-07-20,Preventive,Low,15982,Hydraulic Pump,Air ingress,filter restriction indicator activated,internal cylinder leakage,checked pressure and flow at operating temperature,No replacement part,TECH-0662,14.32,3.45,63324.07,14304.99,77629.06,Completed
MR-00149,SR-00149,EQ-0210,Hydraulic Excavator,20T Class Excavator,SITE-05,2022-12-08,Corrective,High,14507,Hydraulic Hose,Filter blockage,bucket will not open normally,degraded hydraulic fluid,replaced damaged hose and pressure-tested the circuit,No replacement part,TECH-0817,13.36,3.98,5143.58,8933.88,14077.46,Closed
MR-00150,SR-00150,EQ-0214,Backhoe Loader,Heavy-Duty Backhoe Loader,SITE-06,2023-09-05,Corrective,Low,13615,Main Control Valve,Hose failure,hydraulic oil appears contaminated,sticking spool valve,inspected valve spool movement and cleaned the valve assembly,No replacement part,TECH-0093,10.01,1.03,4259.3,6227.48,10486.78,Completed
MR-00151,SR-00151,EQ-0114,Motor Grader,16M Class Grader,SITE-02,2024-06-06,Inspection,Critical,18415,Hydraulic Filter,Hose failure,boom movement slow under load,high oil temperature,inspected valve spool movement and cleaned the valve assembly,Hydraulic line fittings,TECH-0090,1.26,8.91,55705.69,1317.78,57023.47,Completed
MR-00152,SR-00152,EQ-0047,Crawler Dozer,25T Class Dozer,SITE-01,2023-08-14,Corrective,Medium,3967,Pilot Valve,Filter blockage,hydraulic flow is low at operating temperature,loss of accumulator pre-charge,checked pump output and inspected for internal leakage,Cylinder seal kit,TECH-0271,12.06,4.43,53203.63,10821.39,64025.02,Completed
MR-00153,SR-00153,EQ-0139,Hydraulic Excavator,20T Class Excavator,SITE-02,2024-10-13,Corrective,Medium,10594,Travel Motor,External leakage,hydraulic oil appears contaminated,restricted return filter,checked accumulator pre-charge and restored it to service specification,Hydraulic filter,TECH-0361,7.22,3.0,35198.19,3866.19,39064.38,Completed
MR-00154,SR-00154,EQ-0144,Crawler Dozer,35T Class Dozer,SITE-08,2023-06-19,Corrective,Medium,11380,Hydraulic Filter,Restricted flow,hydraulic flow is low at operating temperature,contaminated hydraulic oil,inspected suction line for air ingress and corrected the connection,Pump seal kit,TECH-0117,11.87,8.31,29191.05,11600.12,40791.17,Completed
MR-00155,SR-00155,EQ-0178,Crawler Dozer,35T Class Dozer,SITE-04,2026-08-20,Corrective,Medium,16015,Swing Motor,Cooler restriction,boom movement slow under load,damaged hydraulic hose,cleaned cooler and verified hydraulic oil temperature,No replacement part,TECH-0498,10.04,6.84,56690.9,6793.88,63484.78,Closed
MR-00156,SR-00156,EQ-0062,Hydraulic Excavator,20T Class Excavator,SITE-07,2025-06-02,Corrective,Medium,8663,Main Control Valve,Low pilot pressure,visible oil leak near hydraulic line,worn pump components,checked pressure and flow at operating temperature,Hydraulic filter,TECH-0395,8.31,4.5,20518.42,4527.15,25045.57,Completed
MR-00157,SR-00157,EQ-0013,Hydraulic Excavator,35T Class Excavator,SITE-04,2023-01-05,Corrective,Medium,7571,Hydraulic Hose,Internal leakage,pump noise increases during operation,air entering suction line,tested pilot pressure and inspected pilot circuit,Hydraulic hose,TECH-0676,6.09,4.28,63202.85,4601.06,67803.91,Closed
MR-00158,SR-00158,EQ-0026,Hydraulic Excavator,45T Class Excavator,SITE-03,2025-02-27,Preventive,Medium,17446,Hydraulic Filter,Internal leakage,reduced digging force,high oil temperature,checked accumulator pre-charge and restored it to service specification,Hydraulic filter,TECH-0210,2.65,2.68,19702.56,1487.37,21189.93,Completed
MR-00159,SR-00159,EQ-0097,Hydraulic Excavator,45T Class Excavator,SITE-01,2024-02-12,Inspection,Low,3467,Engine Cooling System,Overheating,arm movement slow after hydraulic oil warms,damaged hydraulic hose,inspected hydraulic circuit and isolated the affected component,Valve O-rings,TECH-0903,6.86,0.51,48986.16,7479.32,56465.48,Completed - Monitor
MR-00160,SR-00160,EQ-0182,Motor Grader,16M Class Grader,SITE-02,2023-03-16,Corrective,Medium,6478,Hydraulic Cooler,External leakage,reduced digging force,degraded hydraulic fluid,inspected valve spool movement and cleaned the valve assembly,Cooler gasket set,TECH-0614,5.23,0.25,10564.21,5625.11,16189.32,Completed
MR-00161,SR-00161,EQ-0187,Wheel Loader,25T Class Wheel Loader,SITE-04,2025-08-10,Preventive,Critical,4052,Engine Cooling System,Cylinder seal wear,hydraulic oil appears contaminated,blocked cooler core,replaced restricted hydraulic filter and checked contamination source,Hydraulic hose,TECH-0844,2.42,4.8,48357.1,2632.73,50989.83,Follow-up Required
MR-00162,SR-00162,EQ-0039,Hydraulic Excavator,30T Class Excavator,SITE-07,2022-03-25,Inspection,Critical,14951,Pilot Valve,External leakage,hydraulic oil temperature rises during continuous operation,worn pump components,checked pump output and inspected for internal leakage,Pump seal kit,TECH-0883,6.7,2.62,51523.38,5615.62,57139.0,Closed
MR-00163,SR-00163,EQ-0083,Wheel Loader,20T Class Wheel Loader,SITE-04,2024-08-11,Corrective,Medium,6024,Bucket Cylinder,Pump wear,arm movement slow after hydraulic oil warms,internal cylinder leakage,replaced damaged hose and pressure-tested the circuit,Return filter element,TECH-0361,6.45,8.78,30604.96,4430.56,35035.52,Completed
MR-00164,SR-00164,EQ-0059,Hydraulic Excavator,35T Class Excavator,SITE-01,2022-12-22,Corrective,High,11903,Hydraulic Line,Line restriction,swing movement is slow,sticking spool valve,"drained contaminated oil, flushed circuit and refilled with filtered oil",Hydraulic hose,TECH-0583,15.77,5.76,45864.13,15811.31,61675.44,Completed
MR-00165,SR-00165,EQ-0177,Crawler Dozer,25T Class Dozer,SITE-03,2022-06-23,Inspection,Critical,11834,Hydraulic Cooler,Line restriction,reduced digging force,high oil temperature,replaced restricted hydraulic filter and checked contamination source,Hydraulic filter,TECH-0853,1.44,7.65,3016.23,941.44,3957.67,Closed
MR-00166,SR-00166,EQ-0239,Crawler Dozer,25T Class Dozer,SITE-02,2026-01-23,Preventive,Medium,17436,Arm Cylinder,Restricted flow,pilot pressure below expected range,restricted return filter,checked pressure and flow at operating temperature,Cooler gasket set,TECH-0051,13.96,2.45,5359.61,7733.0,13092.61,Completed
MR-00167,SR-00167,EQ-0032,Hydraulic Excavator,20T Class Excavator,SITE-03,2024-01-02,Corrective,Medium,9572,Hydraulic Hose,External leakage,reduced digging force,internal cylinder leakage,checked accumulator pre-charge and restored it to service specification,Pump seal kit,TECH-0653,13.62,2.85,22266.06,11816.49,34082.55,Completed
MR-00168,SR-00168,EQ-0061,Backhoe Loader,4WD Backhoe Loader,SITE-08,2023-07-27,Inspection,Low,4191,Arm Cylinder,Low pilot pressure,pump noise increases during operation,blocked cooler core,checked accumulator pre-charge and restored it to service specification,Hydraulic line fittings,TECH-0775,2.82,6.13,30537.44,2240.75,32778.19,Completed
MR-00169,SR-00169,EQ-0211,Motor Grader,14M Class Grader,SITE-07,2022-10-04,Preventive,High,8826,Hydraulic Pump,Cylinder seal wear,hydraulic response is jerky,worn pump components,inspected suction line for air ingress and corrected the connection,Pump seal kit,TECH-0602,9.11,1.41,20282.94,4418.23,24701.17,Completed
MR-00170,SR-00170,EQ-0049,Hydraulic Excavator,45T Class Excavator,SITE-03,2025-04-02,Corrective,High,13356,Hydraulic Tank,Internal leakage,hydraulic oil temperature rises during continuous operation,sticking spool valve,checked accumulator pre-charge and restored it to service specification,Return filter element,TECH-0015,11.83,6.06,20188.24,12882.58,33070.82,Completed
MR-00171,SR-00171,EQ-0178,Crawler Dozer,35T Class Dozer,SITE-04,2023-11-05,Inspection,Medium,15437,Arm Cylinder,Valve sticking,boom movement slow under load,restricted hydraulic line,inspected valve spool movement and cleaned the valve assembly,Pilot filter,TECH-0280,12.42,5.1,57752.96,6268.57,64021.53,Completed
MR-00172,SR-00172,EQ-0138,Wheel Loader,25T Class Wheel Loader,SITE-01,2022-10-20,Corrective,Medium,9631,Engine Cooling System,Internal leakage,bucket cylinder leaking externally,restricted return filter,cleaned cooler and verified hydraulic oil temperature,Cylinder seal kit,TECH-0556,8.04,4.08,57634.34,7891.6,65525.94,Completed
MR-00173,SR-00173,EQ-0100,Crawler Dozer,35T Class Dozer,SITE-07,2026-01-25,Preventive,Medium,14896,Main Control Valve,Hose failure,arm movement slow after hydraulic oil warms,restricted return filter,replaced damaged seal kit and performed leak test,Accumulator charging kit,TECH-0845,10.94,6.2,43043.17,8657.45,51700.62,Completed
MR-00174,SR-00174,EQ-0147,Crawler Dozer,35T Class Dozer,SITE-06,2023-08-05,Corrective,Medium,10079,Arm Cylinder,Oil contamination,filter restriction indicator activated,high oil temperature,replaced damaged hose and pressure-tested the circuit,Cooler gasket set,TECH-0716,9.31,5.27,47893.64,7383.05,55276.69,Follow-up Required
MR-00175,SR-00175,EQ-0082,Hydraulic Excavator,45T Class Excavator,SITE-05,2023-02-24,Corrective,Medium,15725,Hydraulic Filter,Low pilot pressure,reduced digging force,restricted hydraulic line,inspected suction line for air ingress and corrected the connection,Hydraulic line fittings,TECH-0569,8.32,10.78,38076.95,6202.03,44278.98,Completed - Monitor
MR-00176,SR-00176,EQ-0068,Motor Grader,14M Class Grader,SITE-05,2026-06-01,Preventive,Medium,8439,Hydraulic Hose,Hose failure,bucket cylinder leaking externally,restricted return filter,inspected valve spool movement and cleaned the valve assembly,Hydraulic hose,TECH-0274,9.03,4.86,16080.41,6105.39,22185.8,Closed
MR-00177,SR-00177,EQ-0112,Backhoe Loader,Heavy-Duty Backhoe Loader,SITE-02,2023-10-12,Corrective,Medium,16449,Boom Cylinder,Cooler restriction,boom movement slow under load,damaged cylinder seal,replaced damaged hose and pressure-tested the circuit,Hydraulic hose,TECH-0668,1.14,3.8,10221.73,1235.98,11457.71,Completed
MR-00178,SR-00178,EQ-0150,Wheel Loader,25T Class Wheel Loader,SITE-01,2022-02-02,Corrective,Medium,13830,Bucket Cylinder,Hose failure,filter restriction indicator activated,degraded hydraulic fluid,checked pressure and flow at operating temperature,Cylinder seal kit,TECH-0594,12.26,8.75,46757.04,13216.5,59973.54,Completed
MR-00179,SR-00179,EQ-0145,Wheel Loader,25T Class Wheel Loader,SITE-07,2024-10-21,Condition-Based,High,17612,Engine Cooling System,Low pilot pressure,pump noise increases during operation,loss of accumulator pre-charge,inspected hydraulic circuit and isolated the affected component,Pilot filter,TECH-0749,14.24,1.61,5337.66,7896.27,13233.93,Completed
MR-00180,SR-00180,EQ-0235,Hydraulic Excavator,30T Class Excavator,SITE-07,2022-12-18,Preventive,High,13351,Hydraulic Line,Pump wear,visible oil leak near hydraulic line,restricted hydraulic line,replaced damaged hose and pressure-tested the circuit,Hydraulic hose,TECH-0445,11.78,0.25,38428.0,8641.44,47069.44,Completed
MR-00181,SR-00181,EQ-0127,Hydraulic Excavator,20T Class Excavator,SITE-06,2025-12-05,Corrective,High,2330,Travel Motor,Line restriction,hydraulic response is jerky,blocked cooler core,replaced restricted hydraulic filter and checked contamination source,Hydraulic oil,TECH-0933,8.54,3.26,37293.79,6668.25,43962.04,Completed
MR-00182,SR-00182,EQ-0063,Hydraulic Excavator,45T Class Excavator,SITE-01,2026-04-09,Corrective,High,5840,Accumulator,Cooler restriction,pump noise increases during operation,sticking spool valve,tested pilot pressure and inspected pilot circuit,Hydraulic filter,TECH-0001,2.1,11.01,62005.87,1548.62,63554.49,Completed
MR-00183,SR-00183,EQ-0071,Wheel Loader,25T Class Wheel Loader,SITE-05,2022-10-08,Condition-Based,Low,3521,Fuel System,Pump wear,hydraulic response is jerky,low pilot supply pressure,inspected valve spool movement and cleaned the valve assembly,Cylinder seal kit,TECH-0675,2.98,5.41,23618.67,2579.87,26198.54,Completed
MR-00184,SR-00184,EQ-0163,Hydraulic Excavator,20T Class Excavator,SITE-02,2024-08-04,Corrective,High,1975,Hydraulic Pump,Valve sticking,visible oil leak near hydraulic line,internal cylinder leakage,replaced damaged hose and pressure-tested the circuit,Return filter element,TECH-0534,2.59,3.19,27152.18,2374.43,29526.61,Completed
MR-00185,SR-00185,EQ-0038,Hydraulic Excavator,35T Class Excavator,SITE-03,2024-05-25,Corrective,Medium,15321,Hydraulic Cooler,External leakage,visible oil leak near hydraulic line,damaged cylinder seal,replaced damaged seal kit and performed leak test,Accumulator charging kit,TECH-0683,13.78,6.72,34323.12,13127.87,47450.99,Completed
MR-00186,SR-00186,EQ-0024,Hydraulic Excavator,45T Class Excavator,SITE-02,2022-11-05,Corrective,High,4814,Accumulator,Overheating,pilot pressure below expected range,restricted return filter,tested pilot pressure and inspected pilot circuit,Hydraulic hose,TECH-0296,3.73,6.66,25482.2,2121.59,27603.79,Closed
MR-00187,SR-00187,EQ-0141,Wheel Loader,25T Class Wheel Loader,SITE-01,2023-05-05,Preventive,Medium,9110,Bucket Cylinder,Oil contamination,visible oil leak near hydraulic line,degraded hydraulic fluid,replaced damaged seal kit and performed leak test,Accumulator charging kit,TECH-0982,0.91,9.37,38696.24,838.03,39534.27,Completed
MR-00188,SR-00188,EQ-0228,Hydraulic Excavator,35T Class Excavator,SITE-01,2023-09-06,Condition-Based,High,14309,Swing Motor,Restricted flow,filter restriction indicator activated,degraded hydraulic fluid,replaced damaged seal kit and performed leak test,Hydraulic filter,TECH-0749,4.28,1.5,41912.11,1993.76,43905.87,Completed
MR-00189,SR-00189,EQ-0191,Hydraulic Excavator,45T Class Excavator,SITE-07,2025-07-28,Corrective,High,8958,Travel Motor,Pump wear,bucket cylinder leaking externally,restricted return filter,checked accumulator pre-charge and restored it to service specification,No replacement part,TECH-0296,8.39,1.02,29749.56,8409.45,38159.01,Completed - Monitor
MR-00190,SR-00190,EQ-0162,Hydraulic Excavator,45T Class Excavator,SITE-01,2026-05-02,Corrective,Medium,11668,Travel Motor,External leakage,hydraulic response is jerky,damaged hydraulic hose,inspected hydraulic circuit and isolated the affected component,Accumulator charging kit,TECH-0439,13.48,1.07,48146.23,14528.25,62674.48,Follow-up Required
MR-00191,SR-00191,EQ-0132,Wheel Loader,25T Class Wheel Loader,SITE-01,2022-10-03,Corrective,Low,13499,Bucket Cylinder,Overheating,pilot pressure below expected range,high oil temperature,inspected valve spool movement and cleaned the valve assembly,Pilot filter,TECH-0279,6.91,3.23,37265.24,3234.29,40499.53,Follow-up Required
MR-00192,SR-00192,EQ-0034,Motor Grader,14M Class Grader,SITE-08,2022-09-16,Corrective,Medium,13059,Travel Motor,Pump wear,travel function loses power on incline,damaged hydraulic hose,checked pressure and flow at operating temperature,Hydraulic filter,TECH-0471,9.13,5.01,30221.52,6629.22,36850.74,Completed
MR-00193,SR-00193,EQ-0147,Crawler Dozer,35T Class Dozer,SITE-06,2024-09-26,Corrective,High,14988,Bucket Cylinder,Overheating,boom movement slow under load,contaminated hydraulic oil,inspected valve spool movement and cleaned the valve assembly,Hydraulic oil,TECH-0116,10.09,1.62,26274.97,10177.51,36452.48,Completed - Monitor
MR-00194,SR-00194,EQ-0118,Hydraulic Excavator,20T Class Excavator,SITE-05,2025-05-26,Condition-Based,Medium,6942,Boom Cylinder,Cylinder seal wear,travel function loses power on incline,damaged cylinder seal,inspected hydraulic circuit and isolated the affected component,Hydraulic filter,TECH-0638,13.02,9.98,16295.59,10997.55,27293.14,Closed
MR-00195,SR-00195,EQ-0192,Crawler Dozer,35T Class Dozer,SITE-07,2023-07-27,Corrective,Medium,12813,Hydraulic Filter,Restricted flow,boom movement slow under load,damaged cylinder seal,replaced damaged hose and pressure-tested the circuit,Cooler gasket set,TECH-0994,8.53,4.8,37452.84,7405.75,44858.59,Completed - Monitor
MR-00196,SR-00196,EQ-0160,Wheel Loader,20T Class Wheel Loader,SITE-06,2026-02-24,Corrective,Low,12366,Travel Motor,Cylinder seal wear,arm movement slow after hydraulic oil warms,contaminated hydraulic oil,inspected suction line for air ingress and corrected the connection,No replacement part,TECH-0415,12.18,3.84,4971.88,7418.19,12390.07,Closed
MR-00197,SR-00197,EQ-0224,Hydraulic Excavator,35T Class Excavator,SITE-02,2023-11-13,Preventive,High,8044,Fuel System,Valve sticking,boom movement slow under load,low pilot supply pressure,inspected suction line for air ingress and corrected the connection,Hydraulic oil,TECH-0292,12.1,2.05,35399.22,11561.41,46960.63,Completed
MR-00198,SR-00198,EQ-0158,Hydraulic Excavator,20T Class Excavator,SITE-01,2025-01-28,Corrective,Medium,9144,Travel Motor,Valve sticking,bucket cylinder leaking externally,air entering suction line,inspected valve spool movement and cleaned the valve assembly,Pump seal kit,TECH-0318,6.48,0.74,58691.29,3913.4,62604.69,Completed
MR-00199,SR-00199,EQ-0132,Wheel Loader,25T Class Wheel Loader,SITE-01,2023-07-08,Corrective,Medium,11945,Bucket Cylinder,Cylinder seal wear,travel function loses power on incline,worn pump components,checked pressure and flow at operating temperature,Hydraulic oil,TECH-0192,11.25,8.51,14582.32,11413.41,25995.73,Completed
MR-00200,SR-00200,EQ-0106,Hydraulic Excavator,30T Class Excavator,SITE-04,2022-04-05,Condition-Based,Medium,14839,Main Control Valve,Valve sticking,hydraulic oil temperature rises during continuous operation,loss of accumulator pre-charge,replaced damaged hose and pressure-tested the circuit,Cooler gasket set,TECH-0789,6.84,4.25,53284.54,7132.96,60417.5,Completed
MR-00201,SR-00201,EQ-0113,Hydraulic Excavator,35T Class Excavator,SITE-06,2022-11-24,Corrective,High,13655,Travel Motor,Line restriction,hydraulic response is jerky,damaged hydraulic hose,checked accumulator pre-charge and restored it to service specification,Valve O-rings,TECH-0047,11.59,9.21,564.43,6499.17,7063.6,Completed
MR-00202,SR-00202,EQ-0232,Hydraulic Excavator,45T Class Excavator,SITE-08,2022-12-24,Preventive,High,8264,Bucket Cylinder,Line restriction,bucket cylinder leaking externally,degraded hydraulic fluid,replaced damaged hose and pressure-tested the circuit,Pilot filter,TECH-0813,1.3,4.21,45382.44,889.53,46271.97,Completed
MR-00203,SR-00203,EQ-0226,Hydraulic Excavator,30T Class Excavator,SITE-08,2023-05-15,Corrective,Medium,17261,Bucket Cylinder,Cylinder seal wear,hydraulic oil temperature rises during continuous operation,low pilot supply pressure,replaced damaged seal kit and performed leak test,Pilot filter,TECH-0660,1.63,6.09,37.12,1566.43,1603.55,Completed
MR-00204,SR-00204,EQ-0011,Crawler Dozer,25T Class Dozer,SITE-08,2023-09-01,Inspection,High,6467,Accumulator,Low pilot pressure,bucket will not open normally,air entering suction line,replaced damaged seal kit and performed leak test,Pump seal kit,TECH-0360,4.37,6.71,14649.96,4426.37,19076.33,Completed - Monitor
MR-00205,SR-00205,EQ-0006,Hydraulic Excavator,20T Class Excavator,SITE-05,2026-05-07,Condition-Based,Medium,12747,Arm Cylinder,Hose failure,swing movement is slow,low pilot supply pressure,inspected hydraulic circuit and isolated the affected component,Hydraulic filter,TECH-0916,12.9,7.36,59862.65,7695.68,67558.33,Completed
MR-00206,SR-00206,EQ-0121,Motor Grader,16M Class Grader,SITE-01,2023-06-27,Condition-Based,Low,17398,Hydraulic Line,Internal leakage,hydraulic flow is low at operating temperature,degraded hydraulic fluid,"drained contaminated oil, flushed circuit and refilled with filtered oil",Pilot filter,TECH-0004,4.6,7.93,19853.72,3757.15,23610.87,Completed
MR-00207,SR-00207,EQ-0119,Hydraulic Excavator,35T Class Excavator,SITE-05,2025-05-26,Corrective,Critical,2360,Accumulator,Hose failure,hydraulic flow is low at operating temperature,restricted hydraulic line,checked pump output and inspected for internal leakage,Hydraulic filter,TECH-0205,12.86,4.32,4887.97,11477.41,16365.38,Completed
MR-00208,SR-00208,EQ-0211,Motor Grader,14M Class Grader,SITE-07,2025-04-15,Condition-Based,Medium,6904,Main Control Valve,Internal leakage,reduced digging force,air entering suction line,"drained contaminated oil, flushed circuit and refilled with filtered oil",Pump seal kit,TECH-0132,5.46,6.44,53231.59,3312.56,56544.15,Completed
MR-00209,SR-00209,EQ-0139,Hydraulic Excavator,20T Class Excavator,SITE-02,2022-12-26,Corrective,High,9254,Pilot Valve,Accumulator pressure loss,travel function loses power on incline,damaged hydraulic hose,replaced restricted hydraulic filter and checked contamination source,Accumulator charging kit,TECH-0995,5.87,11.51,29280.72,3187.47,32468.19,Follow-up Required
MR-00210,SR-00210,EQ-0003,Crawler Dozer,35T Class Dozer,SITE-07,2025-05-13,Corrective,Critical,12864,Hydraulic Tank,Air ingress,bucket cylinder leaking externally,restricted return filter,inspected valve spool movement and cleaned the valve assembly,No replacement part,TECH-0657,2.44,7.21,54629.66,1264.98,55894.64,Completed
MR-00211,SR-00211,EQ-0086,Crawler Dozer,35T Class Dozer,SITE-07,2024-12-27,Inspection,High,7392,Pilot Valve,Hose failure,pump noise increases during operation,restricted hydraulic line,"drained contaminated oil, flushed circuit and refilled with filtered oil",Return filter element,TECH-0987,5.2,7.6,24018.07,2813.21,26831.28,Completed
MR-00212,SR-00212,EQ-0075,Wheel Loader,20T Class Wheel Loader,SITE-08,2025-04-24,Corrective,Low,8204,Pilot Valve,Oil contamination,pilot pressure below expected range,worn pump components,checked pump output and inspected for internal leakage,Hydraulic hose,TECH-0163,6.79,1.06,11769.64,4462.85,16232.49,Completed - Monitor
MR-00213,SR-00213,EQ-0023,Wheel Loader,25T Class Wheel Loader,SITE-03,2024-06-19,Inspection,Medium,4637,Pilot Valve,Overheating,hydraulic oil appears contaminated,damaged cylinder seal,inspected suction line for air ingress and corrected the connection,Cooler gasket set,TECH-0162,5.09,6.71,64768.27,3000.41,67768.68,Completed
MR-00214,SR-00214,EQ-0039,Hydraulic Excavator,30T Class Excavator,SITE-07,2025-05-19,Corrective,Critical,7617,Accumulator,Hose failure,hydraulic flow is low at operating temperature,sticking spool valve,"drained contaminated oil, flushed circuit and refilled with filtered oil",No replacement part,TECH-0209,10.24,3.35,34858.11,4707.42,39565.53,Completed
MR-00215,SR-00215,EQ-0026,Hydraulic Excavator,45T Class Excavator,SITE-03,2024-04-14,Condition-Based,High,2188,Hydraulic Line,Cooler restriction,filter restriction indicator activated,restricted hydraulic line,replaced restricted hydraulic filter and checked contamination source,Valve O-rings,TECH-0333,11.28,3.18,54565.61,6344.55,60910.16,Completed
MR-00216,SR-00216,EQ-0177,Crawler Dozer,25T Class Dozer,SITE-03,2022-04-30,Preventive,Critical,6343,Fuel System,External leakage,pilot pressure below expected range,degraded hydraulic fluid,"drained contaminated oil, flushed circuit and refilled with filtered oil",Valve O-rings,TECH-0797,4.12,2.54,34109.55,4283.61,38393.16,Completed
MR-00217,SR-00217,EQ-0166,Hydraulic Excavator,20T Class Excavator,SITE-04,2026-07-27,Preventive,Medium,4009,Bucket Cylinder,Hose failure,hydraulic flow is low at operating temperature,restricted return filter,inspected hydraulic circuit and isolated the affected component,Accumulator charging kit,TECH-0746,15.35,3.55,52600.7,13861.52,66462.22,Closed
MR-00218,SR-00218,EQ-0120,Crawler Dozer,35T Class Dozer,SITE-04,2026-01-16,Preventive,Low,17809,Boom Cylinder,Restricted flow,bucket cylinder leaking externally,low pilot supply pressure,replaced damaged hose and pressure-tested the circuit,Cylinder seal kit,TECH-0787,4.3,8.33,50117.14,4552.73,54669.87,Completed - Monitor
MR-00219,SR-00219,EQ-0185,Hydraulic Excavator,20T Class Excavator,SITE-08,2025-10-16,Corrective,Medium,16173,Arm Cylinder,Overheating,pilot pressure below expected range,high oil temperature,replaced restricted hydraulic filter and checked contamination source,Pump seal kit,TECH-0327,0.91,2.58,61284.58,730.47,62015.05,Completed
MR-00220,SR-00220,EQ-0018,Hydraulic Excavator,45T Class Excavator,SITE-07,2023-05-29,Corrective,Critical,6537,Boom Cylinder,Internal leakage,arm movement slow after hydraulic oil warms,blocked cooler core,checked pressure and flow at operating temperature,Hydraulic hose,TECH-0328,14.16,9.08,31434.28,14147.39,45581.67,Completed
MR-00221,SR-00221,EQ-0106,Hydraulic Excavator,30T Class Excavator,SITE-04,2026-02-14,Inspection,Medium,10459,Hydraulic Line,Oil contamination,pump noise increases during operation,worn pump components,checked accumulator pre-charge and restored it to service specification,Hydraulic filter,TECH-0682,14.79,5.24,3649.33,10664.76,14314.09,Completed
MR-00222,SR-00222,EQ-0216,Backhoe Loader,4WD Backhoe Loader,SITE-01,2024-04-09,Inspection,Medium,4085,Pilot Valve,Valve sticking,hydraulic oil temperature rises during continuous operation,damaged cylinder seal,cleaned cooler and verified hydraulic oil temperature,Hydraulic oil,TECH-0153,9.3,4.5,35048.7,4836.35,39885.05,Follow-up Required
MR-00223,SR-00223,EQ-0212,Hydraulic Excavator,45T Class Excavator,SITE-01,2023-02-16,Condition-Based,Medium,13268,Arm Cylinder,Restricted flow,hydraulic response is jerky,low pilot supply pressure,inspected suction line for air ingress and corrected the connection,Hydraulic oil,TECH-0893,2.11,1.43,17428.27,1855.97,19284.24,Closed
MR-00224,SR-00224,EQ-0052,Wheel Loader,20T Class Wheel Loader,SITE-01,2023-08-15,Corrective,Medium,13142,Hydraulic Pump,Air ingress,arm movement slow after hydraulic oil warms,loss of accumulator pre-charge,inspected valve spool movement and cleaned the valve assembly,Return filter element,TECH-0375,5.4,0.25,29.22,5662.55,5691.77,Completed
MR-00225,SR-00225,EQ-0013,Hydraulic Excavator,35T Class Excavator,SITE-04,2022-06-26,Corrective,High,10342,Swing Motor,Cylinder seal wear,hydraulic oil appears contaminated,air entering suction line,replaced damaged seal kit and performed leak test,Valve O-rings,TECH-0810,3.88,4.06,23302.32,1769.42,25071.74,Completed
MR-00226,SR-00226,EQ-0136,Backhoe Loader,Heavy-Duty Backhoe Loader,SITE-03,2022-04-12,Preventive,High,12072,Hydraulic Hose,Internal leakage,filter restriction indicator activated,low pilot supply pressure,inspected hydraulic circuit and isolated the affected component,Hydraulic oil,TECH-0279,11.54,5.78,47084.54,10728.8,57813.34,Completed
MR-00227,SR-00227,EQ-0112,Backhoe Loader,Heavy-Duty Backhoe Loader,SITE-02,2024-11-22,Inspection,Medium,4758,Fuel System,Air ingress,hydraulic response is jerky,sticking spool valve,checked pump output and inspected for internal leakage,Hydraulic oil,TECH-0528,6.23,3.64,19468.18,2817.09,22285.27,Completed
MR-00228,SR-00228,EQ-0076,Motor Grader,14M Class Grader,SITE-01,2026-05-02,Inspection,Critical,16791,Hydraulic Pump,Accumulator pressure loss,hydraulic oil temperature rises during continuous operation,internal cylinder leakage,inspected hydraulic circuit and isolated the affected component,Cooler gasket set,TECH-0979,11.3,3.91,57733.73,8101.98,65835.71,Completed
MR-00229,SR-00229,EQ-0027,Wheel Loader,25T Class Wheel Loader,SITE-07,2023-01-30,Corrective,Medium,15000,Boom Cylinder,Internal leakage,boom movement slow under load,contaminated hydraulic oil,checked accumulator pre-charge and restored it to service specification,Hydraulic oil,TECH-0967,4.15,2.26,55364.94,3495.98,58860.92,Completed
MR-00230,SR-00230,EQ-0033,Hydraulic Excavator,45T Class Excavator,SITE-01,2025-02-15,Inspection,Medium,11867,Hydraulic Cooler,Valve sticking,boom movement slow under load,internal cylinder leakage,inspected suction line for air ingress and corrected the connection,Cooler gasket set,TECH-0129,3.57,4.19,57961.61,2764.47,60726.08,Completed
MR-00231,SR-00231,EQ-0132,Wheel Loader,25T Class Wheel Loader,SITE-01,2023-04-12,Preventive,Medium,18289,Travel Motor,Oil contamination,travel function loses power on incline,worn pump components,tested pilot pressure and inspected pilot circuit,Cooler gasket set,TECH-0846,4.49,0.36,39712.43,3623.07,43335.5,Closed
MR-00232,SR-00232,EQ-0122,Hydraulic Excavator,30T Class Excavator,SITE-06,2024-04-10,Preventive,Critical,3129,Hydraulic Line,Restricted flow,arm movement slow after hydraulic oil warms,worn pump components,inspected hydraulic circuit and isolated the affected component,Valve O-rings,TECH-0212,6.03,4.91,63327.48,4349.45,67676.93,Completed - Monitor
MR-00233,SR-00233,EQ-0195,Hydraulic Excavator,20T Class Excavator,SITE-04,2022-11-16,Corrective,Medium,8277,Pilot Valve,Low pilot pressure,pilot pressure below expected range,worn pump components,checked pump output and inspected for internal leakage,Hydraulic hose,TECH-0581,13.64,6.83,494.96,7811.34,8306.3,Closed
MR-00234,SR-00234,EQ-0224,Hydraulic Excavator,35T Class Excavator,SITE-02,2022-01-31,Condition-Based,Medium,9620,Hydraulic Line,Valve sticking,swing movement is slow,damaged hydraulic hose,inspected suction line for air ingress and corrected the connection,Hydraulic line fittings,TECH-0269,9.36,11.41,53850.72,5818.26,59668.98,Completed
MR-00235,SR-00235,EQ-0056,Hydraulic Excavator,30T Class Excavator,SITE-07,2024-01-08,Preventive,High,10830,Hydraulic Hose,Pump wear,swing movement is slow,damaged hydraulic hose,replaced restricted hydraulic filter and checked contamination source,Cooler gasket set,TECH-0472,3.7,6.9,5012.68,2191.59,7204.27,Completed - Monitor
MR-00236,SR-00236,EQ-0120,Crawler Dozer,35T Class Dozer,SITE-04,2023-02-20,Preventive,High,7998,Bucket Cylinder,Accumulator pressure loss,boom movement slow under load,low pilot supply pressure,checked pressure and flow at operating temperature,Hydraulic filter,TECH-0641,8.71,5.24,44317.06,7397.35,51714.41,Completed
MR-00237,SR-00237,EQ-0016,Crawler Dozer,35T Class Dozer,SITE-04,2025-12-27,Corrective,High,11423,Boom Cylinder,Cylinder seal wear,travel function loses power on incline,restricted hydraulic line,checked pump output and inspected for internal leakage,Cylinder seal kit,TECH-0309,9.41,5.14,28637.59,4565.84,33203.43,Completed
MR-00238,SR-00238,EQ-0194,Hydraulic Excavator,35T Class Excavator,SITE-04,2022-12-23,Corrective,High,18498,Arm Cylinder,Cylinder seal wear,pilot pressure below expected range,degraded hydraulic fluid,replaced damaged hose and pressure-tested the circuit,Hydraulic filter,TECH-0940,4.82,4.62,1499.55,2576.12,4075.67,Completed
MR-00239,SR-00239,EQ-0239,Crawler Dozer,25T Class Dozer,SITE-02,2022-03-27,Corrective,Medium,6209,Accumulator,External leakage,pump noise increases during operation,worn pump components,cleaned cooler and verified hydraulic oil temperature,Accumulator charging kit,TECH-0472,10.15,5.5,7244.29,9744.83,16989.12,Completed
MR-00240,SR-00240,EQ-0001,Crawler Dozer,35T Class Dozer,SITE-04,2026-08-21,Corrective,High,17627,Main Control Valve,Restricted flow,pilot pressure below expected range,air entering suction line,replaced restricted hydraulic filter and checked contamination source,Pilot filter,TECH-0627,5.39,4.34,64307.04,4593.45,68900.49,Completed
MR-00241,SR-00241,EQ-0221,Hydraulic Excavator,35T Class Excavator,SITE-08,2023-05-10,Condition-Based,High,8013,Bucket Cylinder,Internal leakage,hydraulic oil appears contaminated,contaminated hydraulic oil,inspected valve spool movement and cleaned the valve assembly,Valve O-rings,TECH-0084,12.65,5.59,11341.98,8949.06,20291.04,Completed
MR-00242,SR-00242,EQ-0159,Hydraulic Excavator,20T Class Excavator,SITE-03,2023-10-15,Corrective,Medium,15031,Hydraulic Line,Air ingress,bucket will not open normally,low pilot supply pressure,checked accumulator pre-charge and restored it to service specification,Cylinder seal kit,TECH-0547,9.49,5.29,54272.03,6723.53,60995.56,Completed
MR-00243,SR-00243,EQ-0180,Hydraulic Excavator,35T Class Excavator,SITE-02,2025-10-11,Inspection,High,12407,Fuel System,Line restriction,bucket cylinder leaking externally,degraded hydraulic fluid,replaced restricted hydraulic filter and checked contamination source,Hydraulic filter,TECH-0197,2.71,8.0,64576.79,2340.47,66917.26,Completed
MR-00244,SR-00244,EQ-0229,Wheel Loader,25T Class Wheel Loader,SITE-03,2025-03-29,Preventive,High,13607,Fuel System,Air ingress,hydraulic oil appears contaminated,sticking spool valve,cleaned cooler and verified hydraulic oil temperature,Hydraulic hose,TECH-0813,3.36,0.3,50381.51,3163.21,53544.72,Completed
MR-00245,SR-00245,EQ-0129,Hydraulic Excavator,35T Class Excavator,SITE-08,2024-03-02,Corrective,High,2827,Hydraulic Pump,Hose failure,hydraulic response is jerky,air entering suction line,replaced damaged seal kit and performed leak test,Cylinder seal kit,TECH-0783,10.72,8.62,61881.98,11140.27,73022.25,Completed - Monitor
MR-00246,SR-00246,EQ-0116,Crawler Dozer,35T Class Dozer,SITE-08,2022-07-06,Corrective,High,15588,Hydraulic Filter,Pump wear,pump noise increases during operation,high oil temperature,replaced damaged hose and pressure-tested the circuit,Cylinder seal kit,TECH-0327,11.69,6.18,22642.09,10502.78,33144.87,Completed - Monitor
MR-00247,SR-00247,EQ-0126,Hydraulic Excavator,20T Class Excavator,SITE-08,2023-05-13,Corrective,High,8381,Bucket Cylinder,Cooler restriction,travel function loses power on incline,restricted return filter,inspected suction line for air ingress and corrected the connection,Hydraulic line fittings,TECH-0926,9.23,6.88,60107.63,5439.57,65547.2,Closed
MR-00248,SR-00248,EQ-0185,Hydraulic Excavator,20T Class Excavator,SITE-08,2025-12-03,Corrective,Medium,13752,Hydraulic Filter,Hose failure,arm movement slow after hydraulic oil warms,high oil temperature,"drained contaminated oil, flushed circuit and refilled with filtered oil",Cylinder seal kit,TECH-0205,10.34,3.46,11337.02,10241.11,21578.13,Completed
MR-00249,SR-00249,EQ-0124,Backhoe Loader,Heavy-Duty Backhoe Loader,SITE-07,2023-11-01,Preventive,High,6166,Hydraulic Tank,Valve sticking,hydraulic oil temperature rises during continuous operation,blocked cooler core,replaced damaged hose and pressure-tested the circuit,Hydraulic line fittings,TECH-0515,2.07,2.38,26992.97,1616.66,28609.63,Completed
MR-00250,SR-00250,EQ-0165,Wheel Loader,25T Class Wheel Loader,SITE-03,2022-04-18,Inspection,High,8161,Engine Cooling System,Cylinder seal wear,bucket cylinder leaking externally,degraded hydraulic fluid,inspected valve spool movement and cleaned the valve assembly,Cooler gasket set,TECH-0130,7.69,0.25,30712.55,3814.55,34527.1,Closed
MR-00251,SR-00251,EQ-0080,Crawler Dozer,35T Class Dozer,SITE-01,2025-08-24,Corrective,Critical,14623,Pilot Valve,Air ingress,travel function loses power on incline,damaged hydraulic hose,checked pump output and inspected for internal leakage,Cylinder seal kit,TECH-0875,3.87,9.55,57185.15,2098.49,59283.64,Completed
MR-00252,SR-00252,EQ-0073,Hydraulic Excavator,30T Class Excavator,SITE-01,2024-01-20,Condition-Based,Medium,4692,Engine Cooling System,Internal leakage,swing movement is slow,high oil temperature,tested pilot pressure and inspected pilot circuit,Accumulator charging kit,TECH-0473,4.37,2.82,55582.24,3691.43,59273.67,Completed
MR-00253,SR-00253,EQ-0058,Hydraulic Excavator,45T Class Excavator,SITE-03,2026-03-13,Condition-Based,Medium,13457,Hydraulic Pump,Cylinder seal wear,hydraulic response is jerky,damaged cylinder seal,checked pump output and inspected for internal leakage,Return filter element,TECH-0635,13.46,5.88,63508.08,11628.85,75136.93,Completed
MR-00254,SR-00254,EQ-0196,Wheel Loader,20T Class Wheel Loader,SITE-02,2025-10-20,Corrective,Medium,16241,Bucket Cylinder,Cooler restriction,filter restriction indicator activated,sticking spool valve,tested pilot pressure and inspected pilot circuit,Hydraulic hose,TECH-0009,12.33,6.69,31071.91,6606.67,37678.58,Completed - Monitor
MR-00255,SR-00255,EQ-0103,Hydraulic Excavator,35T Class Excavator,SITE-06,2025-09-17,Corrective,Low,15086,Engine Cooling System,Cylinder seal wear,hydraulic flow is low at operating temperature,sticking spool valve,checked accumulator pre-charge and restored it to service specification,Hydraulic filter,TECH-0224,5.22,4.84,61676.07,4297.51,65973.58,Completed
MR-00256,SR-00256,EQ-0024,Hydraulic Excavator,45T Class Excavator,SITE-02,2025-12-13,Preventive,Medium,13377,Hydraulic Cooler,Valve sticking,travel function loses power on incline,low pilot supply pressure,"drained contaminated oil, flushed circuit and refilled with filtered oil",No replacement part,TECH-0674,8.08,0.64,56863.18,6316.99,63180.17,Completed
MR-00257,SR-00257,EQ-0149,Hydraulic Excavator,20T Class Excavator,SITE-06,2025-08-23,Inspection,High,4175,Hydraulic Cooler,Cooler restriction,boom movement slow under load,restricted hydraulic line,cleaned cooler and verified hydraulic oil temperature,No replacement part,TECH-0112,10.96,7.27,36485.44,11918.35,48403.79,Completed
MR-00258,SR-00258,EQ-0163,Hydraulic Excavator,20T Class Excavator,SITE-02,2024-11-10,Corrective,Medium,1849,Hydraulic Filter,Valve sticking,pilot pressure below expected range,internal cylinder leakage,replaced damaged seal kit and performed leak test,Pump seal kit,TECH-0862,9.35,7.96,18159.92,4418.47,22578.39,Completed
MR-00259,SR-00259,EQ-0005,Wheel Loader,20T Class Wheel Loader,SITE-07,2023-06-12,Corrective,Low,18242,Boom Cylinder,Cylinder seal wear,reduced digging force,air entering suction line,checked pressure and flow at operating temperature,No replacement part,TECH-0720,4.69,7.88,23482.84,3300.84,26783.68,Completed - Monitor
MR-00260,SR-00260,EQ-0226,Hydraulic Excavator,30T Class Excavator,SITE-08,2024-05-28,Corrective,High,8283,Hydraulic Pump,Cooler restriction,travel function loses power on incline,internal cylinder leakage,"drained contaminated oil, flushed circuit and refilled with filtered oil",Return filter element,TECH-0584,5.52,3.67,44268.84,3125.8,47394.64,Completed
MR-00261,SR-00261,EQ-0173,Hydraulic Excavator,20T Class Excavator,SITE-06,2026-04-06,Preventive,Medium,12416,Accumulator,Line restriction,reduced digging force,high oil temperature,replaced damaged hose and pressure-tested the circuit,Hydraulic hose,TECH-0485,5.24,0.95,27922.55,5085.26,33007.81,Completed - Monitor
MR-00262,SR-00262,EQ-0073,Hydraulic Excavator,30T Class Excavator,SITE-01,2026-02-14,Corrective,High,15991,Hydraulic Tank,Pump wear,bucket cylinder leaking externally,damaged cylinder seal,cleaned cooler and verified hydraulic oil temperature,Hydraulic line fittings,TECH-0869,10.23,4.9,16237.14,11182.21,27419.35,Closed
MR-00263,SR-00263,EQ-0017,Wheel Loader,25T Class Wheel Loader,SITE-02,2022-09-03,Corrective,Critical,11137,Travel Motor,Restricted flow,boom movement slow under load,degraded hydraulic fluid,replaced restricted hydraulic filter and checked contamination source,Hydraulic line fittings,TECH-0031,3.54,6.69,61108.78,3590.91,64699.69,Completed
MR-00264,SR-00264,EQ-0143,Hydraulic Excavator,30T Class Excavator,SITE-07,2023-05-14,Corrective,Critical,9059,Hydraulic Hose,Cooler restriction,hydraulic flow is low at operating temperature,worn pump components,replaced restricted hydraulic filter and checked contamination source,Pump seal kit,TECH-0407,5.35,7.53,6593.68,2656.63,9250.31,Completed - Monitor
MR-00265,SR-00265,EQ-0170,Backhoe Loader,4WD Backhoe Loader,SITE-04,2022-12-06,Corrective,Medium,13333,Engine Cooling System,Overheating,pump noise increases during operation,damaged cylinder seal,replaced damaged seal kit and performed leak test,Hydraulic hose,TECH-0356,8.78,8.33,28172.35,8290.53,36462.88,Completed
MR-00266,SR-00266,EQ-0165,Wheel Loader,25T Class Wheel Loader,SITE-03,2022-07-27,Preventive,High,3919,Boom Cylinder,Overheating,hydraulic oil temperature rises during continuous operation,damaged cylinder seal,checked pump output and inspected for internal leakage,No replacement part,TECH-0085,13.03,8.36,58878.36,11848.44,70726.8,Completed
MR-00267,SR-00267,EQ-0057,Hydraulic Excavator,20T Class Excavator,SITE-08,2023-02-18,Condition-Based,Medium,13261,Bucket Cylinder,Valve sticking,bucket cylinder leaking externally,restricted hydraulic line,replaced damaged seal kit and performed leak test,Accumulator charging kit,TECH-0453,11.04,8.7,25416.47,10438.83,35855.3,Completed
MR-00268,SR-00268,EQ-0131,Wheel Loader,20T Class Wheel Loader,SITE-01,2026-07-13,Corrective,Medium,10192,Hydraulic Pump,External leakage,boom movement slow under load,restricted return filter,checked pump output and inspected for internal leakage,Hydraulic line fittings,TECH-0217,15.93,7.3,15121.12,12304.38,27425.5,Completed
MR-00269,SR-00269,EQ-0058,Hydraulic Excavator,45T Class Excavator,SITE-03,2025-07-13,Corrective,Medium,8102,Fuel System,Air ingress,filter restriction indicator activated,high oil temperature,cleaned cooler and verified hydraulic oil temperature,No replacement part,TECH-0858,1.67,1.47,15724.82,1695.95,17420.77,Completed
MR-00270,SR-00270,EQ-0231,Hydraulic Excavator,30T Class Excavator,SITE-08,2022-10-03,Corrective,Medium,18013,Swing Motor,Valve sticking,boom movement slow under load,degraded hydraulic fluid,checked pressure and flow at operating temperature,Return filter element,TECH-0310,1.76,3.38,1537.99,1718.03,3256.02,Closed
MR-00271,SR-00271,EQ-0080,Crawler Dozer,35T Class Dozer,SITE-01,2025-08-29,Corrective,High,1817,Engine Cooling System,Cylinder seal wear,hydraulic oil appears contaminated,degraded hydraulic fluid,checked pressure and flow at operating temperature,Return filter element,TECH-0658,8.79,3.14,46618.35,6062.58,52680.93,Completed
MR-00272,SR-00272,EQ-0134,Hydraulic Excavator,20T Class Excavator,SITE-03,2025-09-02,Preventive,Medium,16811,Fuel System,Accumulator pressure loss,hydraulic oil temperature rises during continuous operation,damaged cylinder seal,replaced restricted hydraulic filter and checked contamination source,Cooler gasket set,TECH-0291,12.72,10.46,24497.31,13320.54,37817.85,Completed
MR-00273,SR-00273,EQ-0128,Motor Grader,14M Class Grader,SITE-07,2023-03-14,Inspection,Medium,8203,Hydraulic Filter,Overheating,reduced digging force,degraded hydraulic fluid,replaced damaged hose and pressure-tested the circuit,Return filter element,TECH-0455,15.06,6.09,49186.63,15812.29,64998.92,Follow-up Required
MR-00274,SR-00274,EQ-0134,Hydraulic Excavator,20T Class Excavator,SITE-03,2026-06-26,Preventive,Medium,10417,Engine Cooling System,Oil contamination,bucket will not open normally,degraded hydraulic fluid,replaced damaged seal kit and performed leak test,No replacement part,TECH-0364,15.15,7.54,26300.86,12244.49,38545.35,Closed
MR-00275,SR-00275,EQ-0103,Hydraulic Excavator,35T Class Excavator,SITE-06,2022-04-28,Corrective,Medium,6344,Hydraulic Filter,Filter blockage,filter restriction indicator activated,damaged hydraulic hose,inspected suction line for air ingress and corrected the connection,Hydraulic hose,TECH-0609,3.05,4.13,46244.97,1811.9,48056.87,Completed
MR-00276,SR-00276,EQ-0063,Hydraulic Excavator,45T Class Excavator,SITE-01,2022-11-04,Inspection,High,3704,Hydraulic Tank,Air ingress,filter restriction indicator activated,restricted hydraulic line,inspected valve spool movement and cleaned the valve assembly,Pilot filter,TECH-0548,9.03,5.26,52183.58,4304.12,56487.7,Closed
MR-00277,SR-00277,EQ-0081,Backhoe Loader,4WD Backhoe Loader,SITE-07,2024-09-01,Condition-Based,Medium,12990,Hydraulic Filter,Accumulator pressure loss,hydraulic flow is low at operating temperature,loss of accumulator pre-charge,"drained contaminated oil, flushed circuit and refilled with filtered oil",Pump seal kit,TECH-0120,5.15,7.77,37115.36,4047.34,41162.7,Completed
MR-00278,SR-00278,EQ-0165,Wheel Loader,25T Class Wheel Loader,SITE-03,2023-02-17,Preventive,Low,7681,Fuel System,Pump wear,pump noise increases during operation,internal cylinder leakage,"drained contaminated oil, flushed circuit and refilled with filtered oil",Pilot filter,TECH-0410,15.04,4.4,17106.28,16495.67,33601.95,Completed
MR-00279,SR-00279,EQ-0095,Hydraulic Excavator,20T Class Excavator,SITE-02,2022-03-04,Condition-Based,Medium,6565,Hydraulic Filter,Valve sticking,bucket cylinder leaking externally,low pilot supply pressure,cleaned cooler and verified hydraulic oil temperature,No replacement part,TECH-0519,10.07,3.52,57621.61,7468.57,65090.18,Completed
MR-00280,SR-00280,EQ-0033,Hydraulic Excavator,45T Class Excavator,SITE-01,2025-06-10,Corrective,Medium,9843,Travel Motor,Oil contamination,hydraulic response is jerky,blocked cooler core,replaced restricted hydraulic filter and checked contamination source,Return filter element,TECH-0230,7.07,3.08,14966.95,4472.89,19439.84,Completed
MR-00281,SR-00281,EQ-0215,Hydraulic Excavator,45T Class Excavator,SITE-02,2023-12-09,Corrective,High,17773,Main Control Valve,Valve sticking,visible oil leak near hydraulic line,blocked cooler core,"drained contaminated oil, flushed circuit and refilled with filtered oil",Return filter element,TECH-0432,5.56,3.3,33802.72,3325.51,37128.23,Completed - Monitor
MR-00282,SR-00282,EQ-0165,Wheel Loader,25T Class Wheel Loader,SITE-03,2025-05-29,Preventive,High,12976,Hydraulic Line,External leakage,reduced digging force,high oil temperature,inspected suction line for air ingress and corrected the connection,Hydraulic hose,TECH-0638,4.37,3.8,24351.89,2088.88,26440.77,Completed - Monitor
MR-00283,SR-00283,EQ-0127,Hydraulic Excavator,20T Class Excavator,SITE-06,2026-03-23,Preventive,High,4684,Fuel System,Valve sticking,filter restriction indicator activated,high oil temperature,inspected valve spool movement and cleaned the valve assembly,Cylinder seal kit,TECH-0157,12.95,8.35,27861.85,8872.82,36734.67,Completed
MR-00284,SR-00284,EQ-0026,Hydraulic Excavator,45T Class Excavator,SITE-03,2023-09-10,Corrective,High,3201,Accumulator,Restricted flow,pilot pressure below expected range,blocked cooler core,checked pressure and flow at operating temperature,Return filter element,TECH-0287,11.06,10.65,62040.36,7243.04,69283.4,Completed
MR-00285,SR-00285,EQ-0233,Crawler Dozer,25T Class Dozer,SITE-05,2023-01-25,Condition-Based,High,16190,Engine Cooling System,Low pilot pressure,reduced digging force,contaminated hydraulic oil,inspected valve spool movement and cleaned the valve assembly,Hydraulic hose,TECH-0791,14.57,0.97,11085.19,9652.22,20737.41,Completed
MR-00286,SR-00286,EQ-0007,Backhoe Loader,4WD Backhoe Loader,SITE-06,2022-07-05,Preventive,Medium,7523,Accumulator,Cooler restriction,arm movement slow after hydraulic oil warms,air entering suction line,inspected hydraulic circuit and isolated the affected component,Hydraulic hose,TECH-0420,12.2,7.78,2299.4,12673.5,14972.9,Closed
MR-00287,SR-00287,EQ-0184,Hydraulic Excavator,30T Class Excavator,SITE-04,2025-11-11,Inspection,Medium,16557,Arm Cylinder,Pump wear,reduced digging force,contaminated hydraulic oil,"drained contaminated oil, flushed circuit and refilled with filtered oil",Return filter element,TECH-0189,11.85,3.38,4668.64,10790.18,15458.82,Completed - Monitor
MR-00288,SR-00288,EQ-0140,Crawler Dozer,35T Class Dozer,SITE-02,2024-10-16,Corrective,Low,5682,Hydraulic Filter,Accumulator pressure loss,filter restriction indicator activated,restricted return filter,inspected suction line for air ingress and corrected the connection,No replacement part,TECH-0796,1.76,5.52,61103.05,1365.92,62468.97,Completed
MR-00289,SR-00289,EQ-0141,Wheel Loader,25T Class Wheel Loader,SITE-01,2023-03-09,Preventive,Low,4565,Swing Motor,Cylinder seal wear,reduced digging force,restricted hydraulic line,replaced restricted hydraulic filter and checked contamination source,Cooler gasket set,TECH-0118,2.24,0.25,7808.92,1980.89,9789.81,Completed
MR-00290,SR-00290,EQ-0040,Crawler Dozer,35T Class Dozer,SITE-04,2024-11-13,Inspection,Medium,7042,Accumulator,Air ingress,travel function loses power on incline,degraded hydraulic fluid,checked pressure and flow at operating temperature,Hydraulic oil,TECH-0980,2.15,4.64,24485.61,1698.88,26184.49,Completed - Monitor
MR-00291,SR-00291,EQ-0201,Hydraulic Excavator,45T Class Excavator,SITE-07,2022-12-22,Corrective,High,14276,Swing Motor,Cooler restriction,bucket cylinder leaking externally,damaged cylinder seal,cleaned cooler and verified hydraulic oil temperature,Hydraulic hose,TECH-0077,1.69,0.25,3537.3,1667.58,5204.88,Completed - Monitor
MR-00292,SR-00292,EQ-0106,Hydraulic Excavator,30T Class Excavator,SITE-04,2022-05-14,Corrective,High,4356,Hydraulic Line,Cylinder seal wear,bucket cylinder leaking externally,damaged cylinder seal,"drained contaminated oil, flushed circuit and refilled with filtered oil",No replacement part,TECH-0731,4.36,10.12,16263.53,3460.41,19723.94,Completed
MR-00293,SR-00293,EQ-0188,Hydraulic Excavator,45T Class Excavator,SITE-07,2022-04-04,Corrective,Medium,11162,Accumulator,Cooler restriction,swing movement is slow,worn pump components,"drained contaminated oil, flushed circuit and refilled with filtered oil",Hydraulic hose,TECH-0200,14.15,2.6,18644.57,6937.57,25582.14,Completed
MR-00294,SR-00294,EQ-0165,Wheel Loader,25T Class Wheel Loader,SITE-03,2026-06-18,Corrective,Low,14863,Arm Cylinder,Filter blockage,reduced digging force,air entering suction line,replaced restricted hydraulic filter and checked contamination source,Cylinder seal kit,TECH-0398,2.68,3.97,19915.42,1365.79,21281.21,Completed
MR-00295,SR-00295,EQ-0167,Hydraulic Excavator,45T Class Excavator,SITE-05,2023-05-16,Corrective,Medium,7833,Swing Motor,Filter blockage,hydraulic oil temperature rises during continuous operation,degraded hydraulic fluid,"drained contaminated oil, flushed circuit and refilled with filtered oil",Return filter element,TECH-0863,3.24,6.85,31811.16,3248.14,35059.3,Completed - Monitor
MR-00296,SR-00296,EQ-0177,Crawler Dozer,25T Class Dozer,SITE-03,2025-12-14,Inspection,Medium,18247,Hydraulic Hose,Valve sticking,pump noise increases during operation,low pilot supply pressure,inspected suction line for air ingress and corrected the connection,Hydraulic line fittings,TECH-0237,0.91,7.83,26242.61,756.21,26998.82,Completed
MR-00297,SR-00297,EQ-0225,Motor Grader,16M Class Grader,SITE-06,2024-01-07,Corrective,Medium,10347,Arm Cylinder,Oil contamination,boom movement slow under load,worn pump components,replaced damaged seal kit and performed leak test,Accumulator charging kit,TECH-0223,13.86,5.41,22147.26,12471.49,34618.75,Completed
MR-00298,SR-00298,EQ-0231,Hydraulic Excavator,30T Class Excavator,SITE-08,2022-06-30,Corrective,Medium,10337,Engine Cooling System,Cylinder seal wear,hydraulic response is jerky,degraded hydraulic fluid,cleaned cooler and verified hydraulic oil temperature,Cylinder seal kit,TECH-0928,4.07,7.76,11778.38,2694.49,14472.87,Completed
MR-00299,SR-00299,EQ-0016,Crawler Dozer,35T Class Dozer,SITE-04,2025-09-24,Corrective,Medium,4249,Arm Cylinder,Internal leakage,hydraulic flow is low at operating temperature,blocked cooler core,replaced restricted hydraulic filter and checked contamination source,Return filter element,TECH-0737,7.8,2.88,33719.1,8188.25,41907.35,Completed
MR-00300,SR-00300,EQ-0199,Hydraulic Excavator,30T Class Excavator,SITE-03,2026-04-19,Corrective,High,11199,Fuel System,External leakage,reduced digging force,damaged hydraulic hose,replaced damaged hose and pressure-tested the circuit,Accumulator charging kit,TECH-0623,3.35,7.14,8374.42,3598.08,11972.5,Completed
MR-00301,SR-00301,EQ-0031,Hydraulic Excavator,30T Class Excavator,SITE-06,2023-08-25,Corrective,Medium,7371,Arm Cylinder,Hose failure,boom movement slow under load,sticking spool valve,replaced restricted hydraulic filter and checked contamination source,Cooler gasket set,TECH-0301,4.59,5.68,45899.38,2567.57,48466.95,Completed
MR-00302,SR-00302,EQ-0110,Hydraulic Excavator,45T Class Excavator,SITE-06,2025-11-26,Preventive,Medium,17796,Hydraulic Filter,Accumulator pressure loss,hydraulic oil appears contaminated,low pilot supply pressure,checked pump output and inspected for internal leakage,No replacement part,TECH-0820,9.48,4.03,11224.24,8051.51,19275.75,Completed
MR-00303,SR-00303,EQ-0077,Wheel Loader,25T Class Wheel Loader,SITE-01,2022-06-17,Inspection,Medium,14316,Boom Cylinder,Restricted flow,boom movement slow under load,restricted return filter,replaced damaged seal kit and performed leak test,Hydraulic filter,TECH-0513,12.47,4.89,53004.51,13247.4,66251.91,Completed - Monitor
MR-00304,SR-00304,EQ-0157,Hydraulic Excavator,30T Class Excavator,SITE-05,2022-09-28,Corrective,High,4701,Boom Cylinder,Oil contamination,filter restriction indicator activated,sticking spool valve,checked accumulator pre-charge and restored it to service specification,Return filter element,TECH-0807,11.75,2.8,33440.77,9411.18,42851.95,Completed
MR-00305,SR-00305,EQ-0212,Hydraulic Excavator,45T Class Excavator,SITE-01,2024-04-20,Corrective,Medium,14966,Pilot Valve,Filter blockage,boom movement slow under load,contaminated hydraulic oil,replaced damaged hose and pressure-tested the circuit,Hydraulic oil,TECH-0850,4.65,6.15,35307.25,4623.73,39930.98,Follow-up Required
MR-00306,SR-00306,EQ-0022,Crawler Dozer,35T Class Dozer,SITE-06,2026-03-07,Corrective,Medium,16374,Hydraulic Pump,Accumulator pressure loss,bucket will not open normally,restricted hydraulic line,inspected hydraulic circuit and isolated the affected component,Hydraulic filter,TECH-0355,5.17,3.21,23271.71,5068.29,28340.0,Completed - Monitor
MR-00307,SR-00307,EQ-0194,Hydraulic Excavator,35T Class Excavator,SITE-04,2025-03-26,Corrective,High,15921,Hydraulic Pump,External leakage,bucket will not open normally,worn pump components,cleaned cooler and verified hydraulic oil temperature,Hydraulic filter,TECH-0039,10.26,9.77,8055.56,9278.4,17333.96,Completed
MR-00308,SR-00308,EQ-0230,Motor Grader,16M Class Grader,SITE-07,2022-02-15,Corrective,Medium,15932,Bucket Cylinder,Internal leakage,swing movement is slow,high oil temperature,checked pressure and flow at operating temperature,Accumulator charging kit,TECH-0475,0.99,0.25,34669.6,698.96,35368.56,Completed
MR-00309,SR-00309,EQ-0192,Crawler Dozer,35T Class Dozer,SITE-07,2024-10-18,Corrective,High,6330,Swing Motor,Line restriction,bucket will not open normally,sticking spool valve,replaced restricted hydraulic filter and checked contamination source,Valve O-rings,TECH-0613,15.96,6.55,7997.81,9936.56,17934.37,Completed
MR-00310,SR-00310,EQ-0104,Hydraulic Excavator,30T Class Excavator,SITE-04,2026-01-03,Corrective,High,15817,Hydraulic Tank,External leakage,hydraulic response is jerky,loss of accumulator pre-charge,inspected hydraulic circuit and isolated the affected component,Return filter element,TECH-0557,11.79,5.18,39149.96,9732.48,48882.44,Completed
MR-00311,SR-00311,EQ-0013,Hydraulic Excavator,35T Class Excavator,SITE-04,2026-04-03,Inspection,High,2627,Main Control Valve,Low pilot pressure,pilot pressure below expected range,damaged hydraulic hose,cleaned cooler and verified hydraulic oil temperature,Cylinder seal kit,TECH-0106,7.28,8.83,23609.26,6568.62,30177.88,Completed
MR-00312,SR-00312,EQ-0067,Hydraulic Excavator,30T Class Excavator,SITE-03,2022-07-09,Preventive,Medium,6845,Arm Cylinder,Internal leakage,travel function loses power on incline,damaged hydraulic hose,inspected valve spool movement and cleaned the valve assembly,No replacement part,TECH-0384,11.72,0.25,55176.37,9417.2,64593.57,Completed
MR-00313,SR-00313,EQ-0167,Hydraulic Excavator,45T Class Excavator,SITE-05,2022-12-06,Preventive,High,7186,Hydraulic Line,Valve sticking,filter restriction indicator activated,air entering suction line,checked pressure and flow at operating temperature,Valve O-rings,TECH-0432,14.5,3.39,4420.43,9674.45,14094.88,Completed
MR-00314,SR-00314,EQ-0134,Hydraulic Excavator,20T Class Excavator,SITE-03,2026-01-11,Condition-Based,High,18245,Swing Motor,Overheating,reduced digging force,high oil temperature,cleaned cooler and verified hydraulic oil temperature,Return filter element,TECH-0965,3.94,5.15,15385.31,4080.57,19465.88,Completed
MR-00315,SR-00315,EQ-0227,Hydraulic Excavator,20T Class Excavator,SITE-03,2026-03-18,Inspection,Medium,18392,Pilot Valve,Cooler restriction,swing movement is slow,loss of accumulator pre-charge,"drained contaminated oil, flushed circuit and refilled with filtered oil",Cylinder seal kit,TECH-0381,3.65,8.1,41496.34,2575.2,44071.54,Completed
MR-00316,SR-00316,EQ-0019,Crawler Dozer,25T Class Dozer,SITE-07,2022-09-04,Corrective,Medium,11692,Bucket Cylinder,Accumulator pressure loss,swing movement is slow,damaged cylinder seal,checked accumulator pre-charge and restored it to service specification,Valve O-rings,TECH-0215,12.75,7.74,32211.71,11322.41,43534.12,Closed
MR-00317,SR-00317,EQ-0227,Hydraulic Excavator,20T Class Excavator,SITE-03,2025-08-09,Corrective,Medium,9933,Arm Cylinder,Filter blockage,hydraulic oil temperature rises during continuous operation,loss of accumulator pre-charge,replaced damaged hose and pressure-tested the circuit,Accumulator charging kit,TECH-0979,8.54,3.0,46139.17,8905.74,55044.91,Follow-up Required
MR-00318,SR-00318,EQ-0019,Crawler Dozer,25T Class Dozer,SITE-07,2024-09-18,Corrective,Medium,11452,Hydraulic Tank,Restricted flow,hydraulic flow is low at operating temperature,restricted return filter,replaced damaged seal kit and performed leak test,Pump seal kit,TECH-0194,8.79,0.38,36594.79,5173.17,41767.96,Completed
MR-00319,SR-00319,EQ-0160,Wheel Loader,20T Class Wheel Loader,SITE-06,2022-10-14,Corrective,Medium,12745,Hydraulic Filter,Overheating,hydraulic oil appears contaminated,air entering suction line,inspected hydraulic circuit and isolated the affected component,Valve O-rings,TECH-0146,11.46,5.05,29659.19,10144.26,39803.45,Completed
MR-00320,SR-00320,EQ-0114,Motor Grader,16M Class Grader,SITE-02,2026-05-27,Corrective,Medium,17611,Hydraulic Pump,Cooler restriction,bucket will not open normally,blocked cooler core,replaced restricted hydraulic filter and checked contamination source,Cylinder seal kit,TECH-0477,13.98,1.07,54870.7,13939.14,68809.84,Completed
MR-00321,SR-00321,EQ-0099,Backhoe Loader,Heavy-Duty Backhoe Loader,SITE-08,2024-06-07,Corrective,Medium,14025,Accumulator,Low pilot pressure,boom movement slow under load,air entering suction line,replaced damaged seal kit and performed leak test,Hydraulic hose,TECH-0657,8.84,6.59,52840.34,6217.98,59058.32,Completed - Monitor
MR-00322,SR-00322,EQ-0121,Motor Grader,16M Class Grader,SITE-01,2024-02-26,Preventive,High,18276,Hydraulic Filter,External leakage,pilot pressure below expected range,restricted hydraulic line,inspected hydraulic circuit and isolated the affected component,Pump seal kit,TECH-0728,6.11,7.15,56534.14,3979.13,60513.27,Completed - Monitor
MR-00323,SR-00323,EQ-0012,Hydraulic Excavator,20T Class Excavator,SITE-04,2025-02-07,Corrective,Low,13364,Hydraulic Pump,Hose failure,hydraulic flow is low at operating temperature,restricted hydraulic line,replaced damaged seal kit and performed leak test,Hydraulic oil,TECH-0095,11.43,0.83,55768.19,7945.63,63713.82,Follow-up Required
MR-00324,SR-00324,EQ-0201,Hydraulic Excavator,45T Class Excavator,SITE-07,2025-04-27,Preventive,Medium,8516,Travel Motor,External leakage,travel function loses power on incline,high oil temperature,cleaned cooler and verified hydraulic oil temperature,Hydraulic hose,TECH-0007,7.05,6.03,18785.54,3872.16,22657.7,Completed
MR-00325,SR-00325,EQ-0007,Backhoe Loader,4WD Backhoe Loader,SITE-06,2023-05-28,Preventive,Critical,6806,Hydraulic Line,Cylinder seal wear,pump noise increases during operation,low pilot supply pressure,tested pilot pressure and inspected pilot circuit,Accumulator charging kit,TECH-0115,9.61,6.01,30794.03,4757.24,35551.27,Completed
MR-00326,SR-00326,EQ-0017,Wheel Loader,25T Class Wheel Loader,SITE-02,2023-10-04,Corrective,Medium,9939,Swing Motor,Pump wear,boom movement slow under load,restricted hydraulic line,replaced damaged seal kit and performed leak test,Accumulator charging kit,TECH-0011,1.14,4.38,22458.28,780.99,23239.27,Closed
MR-00327,SR-00327,EQ-0230,Motor Grader,16M Class Grader,SITE-07,2022-05-20,Preventive,Medium,4945,Hydraulic Pump,Pump wear,hydraulic response is jerky,restricted hydraulic line,cleaned cooler and verified hydraulic oil temperature,Hydraulic filter,TECH-0578,11.67,4.47,42398.91,6586.15,48985.06,Completed
MR-00328,SR-00328,EQ-0118,Hydraulic Excavator,20T Class Excavator,SITE-05,2023-11-27,Preventive,High,7104,Arm Cylinder,Cooler restriction,reduced digging force,damaged hydraulic hose,"drained contaminated oil, flushed circuit and refilled with filtered oil",No replacement part,TECH-0683,10.06,4.79,12858.08,10038.09,22896.17,Follow-up Required
MR-00329,SR-00329,EQ-0026,Hydraulic Excavator,45T Class Excavator,SITE-03,2026-06-24,Corrective,Low,14946,Hydraulic Pump,Cooler restriction,pump noise increases during operation,air entering suction line,replaced restricted hydraulic filter and checked contamination source,Cooler gasket set,TECH-0998,5.71,3.88,42562.11,5151.0,47713.11,Completed
MR-00330,SR-00330,EQ-0044,Wheel Loader,25T Class Wheel Loader,SITE-02,2024-09-13,Corrective,Medium,16558,Boom Cylinder,Internal leakage,arm movement slow after hydraulic oil warms,degraded hydraulic fluid,replaced damaged seal kit and performed leak test,No replacement part,TECH-0627,14.83,5.07,1026.19,15478.95,16505.14,Closed
MR-00331,SR-00331,EQ-0099,Backhoe Loader,Heavy-Duty Backhoe Loader,SITE-08,2025-12-23,Corrective,Low,5999,Hydraulic Hose,Cooler restriction,travel function loses power on incline,air entering suction line,cleaned cooler and verified hydraulic oil temperature,Pilot filter,TECH-0453,6.36,5.82,15540.67,4183.22,19723.89,Completed
MR-00332,SR-00332,EQ-0149,Hydraulic Excavator,20T Class Excavator,SITE-06,2025-10-01,Corrective,Medium,14201,Engine Cooling System,Overheating,pump noise increases during operation,worn pump components,checked accumulator pre-charge and restored it to service specification,No replacement part,TECH-0457,3.37,1.2,2515.11,2850.38,5365.49,Completed
MR-00333,SR-00333,EQ-0123,Crawler Dozer,25T Class Dozer,SITE-06,2025-10-06,Preventive,Medium,11690,Fuel System,Air ingress,bucket cylinder leaking externally,worn pump components,replaced damaged seal kit and performed leak test,Hydraulic filter,TECH-0377,15.23,0.62,25864.89,16531.99,42396.88,Completed
MR-00334,SR-00334,EQ-0003,Crawler Dozer,35T Class Dozer,SITE-07,2022-02-26,Corrective,Medium,16739,Arm Cylinder,Oil contamination,hydraulic flow is low at operating temperature,low pilot supply pressure,"drained contaminated oil, flushed circuit and refilled with filtered oil",Return filter element,TECH-0129,15.27,8.23,27513.34,11408.36,38921.7,Completed
MR-00335,SR-00335,EQ-0054,Crawler Dozer,25T Class Dozer,SITE-01,2023-08-05,Condition-Based,High,6291,Fuel System,Accumulator pressure loss,boom movement slow under load,blocked cooler core,inspected hydraulic circuit and isolated the affected component,Cooler gasket set,TECH-0618,15.78,6.65,51662.51,13948.35,65610.86,Follow-up Required
MR-00336,SR-00336,EQ-0178,Crawler Dozer,35T Class Dozer,SITE-04,2023-08-17,Corrective,High,3119,Hydraulic Line,Overheating,swing movement is slow,high oil temperature,replaced damaged seal kit and performed leak test,Return filter element,TECH-0955,12.77,2.23,9096.65,11021.1,20117.75,Closed
MR-00337,SR-00337,EQ-0209,Motor Grader,14M Class Grader,SITE-04,2023-12-01,Corrective,Medium,4889,Hydraulic Cooler,Oil contamination,swing movement is slow,air entering suction line,replaced damaged seal kit and performed leak test,Pilot filter,TECH-1000,10.38,3.59,28040.12,8201.93,36242.05,Completed
MR-00338,SR-00338,EQ-0107,Hydraulic Excavator,45T Class Excavator,SITE-08,2025-07-09,Corrective,High,2549,Engine Cooling System,Low pilot pressure,travel function loses power on incline,air entering suction line,replaced damaged hose and pressure-tested the circuit,Pilot filter,TECH-0443,3.46,4.37,15985.7,2126.47,18112.17,Completed
MR-00339,SR-00339,EQ-0210,Hydraulic Excavator,20T Class Excavator,SITE-05,2022-05-17,Condition-Based,Medium,5813,Bucket Cylinder,Filter blockage,travel function loses power on incline,air entering suction line,checked pump output and inspected for internal leakage,Hydraulic hose,TECH-0519,1.88,6.51,16266.33,1928.75,18195.08,Completed
MR-00340,SR-00340,EQ-0109,Backhoe Loader,4WD Backhoe Loader,SITE-06,2022-11-17,Condition-Based,High,13185,Arm Cylinder,Hose failure,reduced digging force,sticking spool valve,checked pressure and flow at operating temperature,Pilot filter,TECH-0433,13.82,11.48,9372.67,13447.68,22820.35,Completed
MR-00341,SR-00341,EQ-0091,Hydraulic Excavator,20T Class Excavator,SITE-02,2023-12-05,Condition-Based,Medium,5739,Fuel System,Cooler restriction,visible oil leak near hydraulic line,sticking spool valve,checked accumulator pre-charge and restored it to service specification,Hydraulic filter,TECH-0618,14.6,4.23,29726.44,15636.96,45363.4,Completed
MR-00342,SR-00342,EQ-0015,Crawler Dozer,25T Class Dozer,SITE-03,2024-09-21,Corrective,Medium,11845,Hydraulic Pump,Filter blockage,pump noise increases during operation,worn pump components,checked accumulator pre-charge and restored it to service specification,Pilot filter,TECH-0452,1.08,5.55,39872.81,1120.83,40993.64,Completed
MR-00343,SR-00343,EQ-0143,Hydraulic Excavator,30T Class Excavator,SITE-07,2024-03-13,Corrective,High,10681,Hydraulic Filter,Cylinder seal wear,hydraulic response is jerky,air entering suction line,checked pressure and flow at operating temperature,Cylinder seal kit,TECH-0195,11.77,3.97,4522.68,11447.21,15969.89,Closed
MR-00344,SR-00344,EQ-0030,Hydraulic Excavator,35T Class Excavator,SITE-02,2025-04-10,Corrective,Medium,5107,Hydraulic Tank,Air ingress,hydraulic oil temperature rises during continuous operation,restricted hydraulic line,inspected valve spool movement and cleaned the valve assembly,Pilot filter,TECH-0435,14.82,1.96,23284.3,15422.57,38706.87,Completed
MR-00345,SR-00345,EQ-0011,Crawler Dozer,25T Class Dozer,SITE-08,2025-02-07,Corrective,Medium,3237,Bucket Cylinder,Pump wear,hydraulic oil temperature rises during continuous operation,internal cylinder leakage,checked pressure and flow at operating temperature,Hydraulic oil,TECH-0738,10.65,1.9,10252.87,7321.45,17574.32,Completed
MR-00346,SR-00346,EQ-0239,Crawler Dozer,25T Class Dozer,SITE-02,2026-03-14,Condition-Based,Medium,16136,Engine Cooling System,Restricted flow,arm movement slow after hydraulic oil warms,low pilot supply pressure,cleaned cooler and verified hydraulic oil temperature,Valve O-rings,TECH-0273,12.44,4.53,9917.41,6188.3,16105.71,Completed
MR-00347,SR-00347,EQ-0146,Hydraulic Excavator,20T Class Excavator,SITE-01,2022-08-23,Corrective,Low,11972,Main Control Valve,Oil contamination,hydraulic oil temperature rises during continuous operation,damaged hydraulic hose,replaced damaged seal kit and performed leak test,Pump seal kit,TECH-0293,2.98,3.08,27086.53,2504.4,29590.93,Completed
MR-00348,SR-00348,EQ-0168,Backhoe Loader,4WD Backhoe Loader,SITE-08,2024-01-01,Preventive,Medium,18215,Main Control Valve,Internal leakage,boom movement slow under load,internal cylinder leakage,tested pilot pressure and inspected pilot circuit,Hydraulic hose,TECH-0285,6.57,0.25,4650.62,4420.35,9070.97,Completed
MR-00349,SR-00349,EQ-0170,Backhoe Loader,4WD Backhoe Loader,SITE-04,2024-12-25,Preventive,Low,10417,Hydraulic Cooler,Overheating,bucket cylinder leaking externally,internal cylinder leakage,inspected suction line for air ingress and corrected the connection,Hydraulic oil,TECH-0948,3.44,8.1,52048.28,3493.83,55542.11,Completed
MR-00350,SR-00350,EQ-0181,Motor Grader,16M Class Grader,SITE-05,2025-12-28,Corrective,Medium,3547,Swing Motor,Valve sticking,hydraulic oil temperature rises during continuous operation,restricted hydraulic line,replaced damaged hose and pressure-tested the circuit,Return filter element,TECH-0690,12.53,7.6,35222.66,5936.47,41159.13,Closed
MR-00351,SR-00351,EQ-0154,Wheel Loader,25T Class Wheel Loader,SITE-05,2022-02-22,Corrective,Critical,12296,Accumulator,External leakage,reduced digging force,internal cylinder leakage,inspected hydraulic circuit and isolated the affected component,Accumulator charging kit,TECH-0706,3.37,0.25,4576.41,1694.15,6270.56,Completed
MR-00352,SR-00352,EQ-0067,Hydraulic Excavator,30T Class Excavator,SITE-03,2024-08-01,Condition-Based,Medium,2511,Hydraulic Hose,Air ingress,travel function loses power on incline,worn pump components,replaced restricted hydraulic filter and checked contamination source,Hydraulic oil,TECH-0174,5.82,4.71,19767.72,5681.46,25449.18,Closed
MR-00353,SR-00353,EQ-0238,Wheel Loader,20T Class Wheel Loader,SITE-07,2023-05-07,Corrective,High,3230,Arm Cylinder,Internal leakage,pilot pressure below expected range,restricted return filter,checked pressure and flow at operating temperature,Cylinder seal kit,TECH-0391,6.58,0.25,9480.94,3585.99,13066.93,Completed
MR-00354,SR-00354,EQ-0182,Motor Grader,16M Class Grader,SITE-02,2024-06-02,Preventive,Medium,9883,Swing Motor,Oil contamination,visible oil leak near hydraulic line,damaged hydraulic hose,checked accumulator pre-charge and restored it to service specification,Hydraulic oil,TECH-0260,3.01,3.66,3598.93,2674.52,6273.45,Closed
MR-00355,SR-00355,EQ-0184,Hydraulic Excavator,30T Class Excavator,SITE-04,2022-09-04,Preventive,Medium,13866,Hydraulic Cooler,Oil contamination,reduced digging force,degraded hydraulic fluid,"drained contaminated oil, flushed circuit and refilled with filtered oil",Accumulator charging kit,TECH-0429,1.76,10.15,842.89,1375.22,2218.11,Closed
MR-00356,SR-00356,EQ-0121,Motor Grader,16M Class Grader,SITE-01,2026-03-15,Preventive,Medium,3642,Arm Cylinder,Pump wear,arm movement slow after hydraulic oil warms,sticking spool valve,inspected suction line for air ingress and corrected the connection,Hydraulic line fittings,TECH-0605,11.03,13.09,33350.8,10860.96,44211.76,Closed
MR-00357,SR-00357,EQ-0128,Motor Grader,14M Class Grader,SITE-07,2026-05-31,Corrective,High,2673,Hydraulic Cooler,Cooler restriction,visible oil leak near hydraulic line,blocked cooler core,inspected valve spool movement and cleaned the valve assembly,Cylinder seal kit,TECH-0698,14.55,7.78,273.83,9498.65,9772.48,Completed - Monitor
MR-00358,SR-00358,EQ-0113,Hydraulic Excavator,35T Class Excavator,SITE-06,2024-05-12,Corrective,Low,13977,Bucket Cylinder,Oil contamination,filter restriction indicator activated,high oil temperature,checked pressure and flow at operating temperature,Hydraulic hose,TECH-0395,3.44,3.6,8976.16,3192.68,12168.84,Completed
MR-00359,SR-00359,EQ-0106,Hydraulic Excavator,30T Class Excavator,SITE-04,2024-10-27,Condition-Based,Medium,5171,Fuel System,Cylinder seal wear,travel function loses power on incline,worn pump components,checked accumulator pre-charge and restored it to service specification,Return filter element,TECH-0532,9.1,5.05,61088.41,6101.47,67189.88,Completed
MR-00360,SR-00360,EQ-0054,Crawler Dozer,25T Class Dozer,SITE-01,2022-03-10,Corrective,Medium,12206,Accumulator,Valve sticking,swing movement is slow,damaged hydraulic hose,inspected suction line for air ingress and corrected the connection,Return filter element,TECH-0164,14.15,1.13,43451.23,9830.35,53281.58,Completed
MR-00361,SR-00361,EQ-0153,Motor Grader,16M Class Grader,SITE-04,2025-09-30,Corrective,High,15891,Pilot Valve,Line restriction,travel function loses power on incline,damaged hydraulic hose,replaced restricted hydraulic filter and checked contamination source,Hydraulic hose,TECH-0351,8.88,6.53,55816.24,6667.96,62484.2,Completed
MR-00362,SR-00362,EQ-0087,Hydraulic Excavator,30T Class Excavator,SITE-05,2023-01-16,Preventive,Medium,7693,Arm Cylinder,Restricted flow,hydraulic flow is low at operating temperature,internal cylinder leakage,checked pressure and flow at operating temperature,Pilot filter,TECH-0997,5.34,4.95,6038.4,4191.38,10229.78,Completed - Monitor
MR-00363,SR-00363,EQ-0207,Hydraulic Excavator,30T Class Excavator,SITE-01,2024-01-31,Corrective,Medium,17194,Hydraulic Hose,External leakage,visible oil leak near hydraulic line,high oil temperature,inspected valve spool movement and cleaned the valve assembly,Hydraulic line fittings,TECH-0946,4.31,8.07,32714.19,3233.05,35947.24,Completed
MR-00364,SR-00364,EQ-0103,Hydraulic Excavator,35T Class Excavator,SITE-06,2022-03-30,Corrective,Medium,11908,Bucket Cylinder,Line restriction,hydraulic oil appears contaminated,sticking spool valve,inspected suction line for air ingress and corrected the connection,Hydraulic hose,TECH-0010,14.43,1.83,13867.74,11580.19,25447.93,Completed
MR-00365,SR-00365,EQ-0175,Hydraulic Excavator,20T Class Excavator,SITE-05,2023-05-28,Corrective,High,6049,Hydraulic Cooler,Internal leakage,visible oil leak near hydraulic line,restricted return filter,replaced damaged seal kit and performed leak test,Hydraulic hose,TECH-0154,12.69,3.1,50408.82,8374.83,58783.65,Completed
MR-00366,SR-00366,EQ-0046,Hydraulic Excavator,20T Class Excavator,SITE-08,2024-05-31,Inspection,Low,4999,Swing Motor,Cooler restriction,swing movement is slow,restricted hydraulic line,cleaned cooler and verified hydraulic oil temperature,Pump seal kit,TECH-0735,4.16,10.73,38480.52,3688.39,42168.91,Completed - Monitor
MR-00367,SR-00367,EQ-0169,Hydraulic Excavator,30T Class Excavator,SITE-07,2025-10-13,Preventive,Medium,14844,Fuel System,Pump wear,hydraulic flow is low at operating temperature,low pilot supply pressure,inspected suction line for air ingress and corrected the connection,Hydraulic hose,TECH-0935,14.7,3.68,40962.06,15844.71,56806.77,Closed
MR-00368,SR-00368,EQ-0154,Wheel Loader,25T Class Wheel Loader,SITE-05,2022-01-19,Corrective,Low,5553,Main Control Valve,Valve sticking,reduced digging force,degraded hydraulic fluid,tested pilot pressure and inspected pilot circuit,Cylinder seal kit,TECH-0919,15.97,6.27,16909.17,16042.14,32951.31,Completed
MR-00369,SR-00369,EQ-0018,Hydraulic Excavator,45T Class Excavator,SITE-07,2023-07-07,Corrective,High,9012,Engine Cooling System,External leakage,swing movement is slow,worn pump components,"drained contaminated oil, flushed circuit and refilled with filtered oil",Pilot filter,TECH-0504,4.2,8.32,10594.63,3710.94,14305.57,Completed
MR-00370,SR-00370,EQ-0108,Hydraulic Excavator,45T Class Excavator,SITE-03,2024-06-16,Condition-Based,Medium,6983,Travel Motor,Cooler restriction,filter restriction indicator activated,blocked cooler core,checked pump output and inspected for internal leakage,Accumulator charging kit,TECH-0444,2.78,7.17,22918.69,1477.79,24396.48,Completed
MR-00371,SR-00371,EQ-0083,Wheel Loader,20T Class Wheel Loader,SITE-04,2025-04-15,Preventive,Medium,2338,Main Control Valve,External leakage,reduced digging force,contaminated hydraulic oil,"drained contaminated oil, flushed circuit and refilled with filtered oil",Hydraulic hose,TECH-0289,9.85,6.35,42476.88,8072.96,50549.84,Follow-up Required
MR-00372,SR-00372,EQ-0207,Hydraulic Excavator,30T Class Excavator,SITE-01,2025-01-15,Corrective,Medium,15894,Boom Cylinder,Air ingress,travel function loses power on incline,air entering suction line,replaced damaged hose and pressure-tested the circuit,No replacement part,TECH-0823,0.75,4.63,31690.26,737.87,32428.13,Completed
MR-00373,SR-00373,EQ-0092,Wheel Loader,25T Class Wheel Loader,SITE-06,2023-11-22,Corrective,Medium,11434,Engine Cooling System,Low pilot pressure,hydraulic flow is low at operating temperature,contaminated hydraulic oil,checked accumulator pre-charge and restored it to service specification,Accumulator charging kit,TECH-0391,1.46,3.14,32934.35,1467.94,34402.29,Completed
MR-00374,SR-00374,EQ-0050,Hydraulic Excavator,45T Class Excavator,SITE-04,2024-05-21,Corrective,Low,18048,Hydraulic Line,Cooler restriction,pilot pressure below expected range,damaged hydraulic hose,checked pump output and inspected for internal leakage,Return filter element,TECH-0145,9.16,7.78,15581.81,8087.87,23669.68,Completed
MR-00375,SR-00375,EQ-0178,Crawler Dozer,35T Class Dozer,SITE-04,2025-02-25,Corrective,Medium,17722,Hydraulic Line,Restricted flow,hydraulic oil appears contaminated,restricted return filter,inspected valve spool movement and cleaned the valve assembly,Pilot filter,TECH-0656,5.18,7.35,55533.11,4567.3,60100.41,Completed
MR-00376,SR-00376,EQ-0020,Wheel Loader,20T Class Wheel Loader,SITE-02,2022-12-06,Corrective,Medium,3171,Hydraulic Filter,Valve sticking,swing movement is slow,damaged hydraulic hose,checked accumulator pre-charge and restored it to service specification,Hydraulic hose,TECH-0330,10.34,4.0,60880.69,7404.52,68285.21,Completed
MR-00377,SR-00377,EQ-0114,Motor Grader,16M Class Grader,SITE-02,2024-06-20,Condition-Based,Medium,8824,Hydraulic Hose,Filter blockage,pilot pressure below expected range,sticking spool valve,checked accumulator pre-charge and restored it to service specification,Accumulator charging kit,TECH-0257,6.12,8.44,30151.44,5456.19,35607.63,Closed
MR-00378,SR-00378,EQ-0060,Motor Grader,14M Class Grader,SITE-08,2023-04-19,Corrective,Medium,3370,Hydraulic Filter,Pump wear,hydraulic response is jerky,restricted return filter,inspected suction line for air ingress and corrected the connection,Pump seal kit,TECH-0436,12.2,4.86,21403.46,5962.77,27366.23,Completed
MR-00379,SR-00379,EQ-0004,Hydraulic Excavator,35T Class Excavator,SITE-03,2025-08-21,Preventive,High,8853,Fuel System,Line restriction,reduced digging force,air entering suction line,"drained contaminated oil, flushed circuit and refilled with filtered oil",Pump seal kit,TECH-0641,10.64,4.92,47958.83,11095.34,59054.17,Closed
MR-00380,SR-00380,EQ-0049,Hydraulic Excavator,45T Class Excavator,SITE-03,2025-12-12,Preventive,Medium,14396,Accumulator,Valve sticking,hydraulic oil appears contaminated,restricted return filter,replaced restricted hydraulic filter and checked contamination source,Hydraulic hose,TECH-0576,3.17,2.03,36211.18,2409.08,38620.26,Completed
MR-00381,SR-00381,EQ-0188,Hydraulic Excavator,45T Class Excavator,SITE-07,2025-08-18,Preventive,Medium,6504,Hydraulic Filter,Air ingress,reduced digging force,restricted hydraulic line,replaced restricted hydraulic filter and checked contamination source,Return filter element,TECH-0779,11.99,2.3,47366.2,12820.42,60186.62,Completed
MR-00382,SR-00382,EQ-0160,Wheel Loader,20T Class Wheel Loader,SITE-06,2024-08-26,Corrective,Medium,10007,Swing Motor,Pump wear,pilot pressure below expected range,worn pump components,tested pilot pressure and inspected pilot circuit,Cooler gasket set,TECH-0702,14.4,4.97,21109.7,8279.93,29389.63,Completed
MR-00383,SR-00383,EQ-0085,Hydraulic Excavator,35T Class Excavator,SITE-02,2024-04-12,Corrective,High,5503,Pilot Valve,Cylinder seal wear,arm movement slow after hydraulic oil warms,contaminated hydraulic oil,inspected hydraulic circuit and isolated the affected component,Valve O-rings,TECH-0104,15.29,1.71,36260.07,13853.25,50113.32,Completed
MR-00384,SR-00384,EQ-0017,Wheel Loader,25T Class Wheel Loader,SITE-02,2026-04-20,Corrective,High,2778,Hydraulic Filter,Oil contamination,hydraulic oil appears contaminated,internal cylinder leakage,replaced restricted hydraulic filter and checked contamination source,Pilot filter,TECH-0204,2.18,5.69,15155.92,1792.68,16948.6,Follow-up Required
MR-00385,SR-00385,EQ-0231,Hydraulic Excavator,30T Class Excavator,SITE-08,2025-06-22,Corrective,Medium,6829,Boom Cylinder,External leakage,arm movement slow after hydraulic oil warms,damaged hydraulic hose,replaced damaged hose and pressure-tested the circuit,Accumulator charging kit,TECH-0143,9.52,0.25,18937.55,7455.3,26392.85,Completed - Monitor
MR-00386,SR-00386,EQ-0181,Motor Grader,16M Class Grader,SITE-05,2025-04-01,Preventive,Medium,2946,Hydraulic Hose,Internal leakage,hydraulic flow is low at operating temperature,damaged hydraulic hose,checked pump output and inspected for internal leakage,Hydraulic hose,TECH-0922,3.12,8.85,16499.03,2748.93,19247.96,Completed
MR-00387,SR-00387,EQ-0158,Hydraulic Excavator,20T Class Excavator,SITE-01,2025-10-26,Corrective,Medium,3388,Swing Motor,Low pilot pressure,boom movement slow under load,low pilot supply pressure,checked accumulator pre-charge and restored it to service specification,Accumulator charging kit,TECH-0153,1.13,7.06,6266.65,600.23,6866.88,Closed
MR-00388,SR-00388,EQ-0105,Hydraulic Excavator,30T Class Excavator,SITE-03,2026-01-02,Inspection,Critical,4226,Fuel System,Hose failure,arm movement slow after hydraulic oil warms,blocked cooler core,replaced damaged seal kit and performed leak test,Cooler gasket set,TECH-0320,5.99,2.25,57378.29,3360.44,60738.73,Completed
MR-00389,SR-00389,EQ-0196,Wheel Loader,20T Class Wheel Loader,SITE-02,2022-10-26,Corrective,High,11390,Hydraulic Line,Accumulator pressure loss,pump noise increases during operation,sticking spool valve,"drained contaminated oil, flushed circuit and refilled with filtered oil",Pump seal kit,TECH-0079,3.01,2.13,51865.54,1811.97,53677.51,Completed
MR-00390,SR-00390,EQ-0098,Hydraulic Excavator,30T Class Excavator,SITE-08,2024-02-18,Corrective,Low,6624,Hydraulic Tank,Accumulator pressure loss,hydraulic response is jerky,internal cylinder leakage,checked pump output and inspected for internal leakage,No replacement part,TECH-0555,2.81,1.64,17524.63,2534.67,20059.3,Completed
MR-00391,SR-00391,EQ-0212,Hydraulic Excavator,45T Class Excavator,SITE-01,2024-12-23,Corrective,High,10226,Pilot Valve,Internal leakage,reduced digging force,damaged hydraulic hose,replaced damaged hose and pressure-tested the circuit,Hydraulic line fittings,TECH-0331,9.89,2.48,46172.07,9462.58,55634.65,Completed - Monitor
MR-00392,SR-00392,EQ-0157,Hydraulic Excavator,30T Class Excavator,SITE-05,2024-12-09,Condition-Based,Low,6156,Hydraulic Cooler,Overheating,boom movement slow under load,high oil temperature,replaced damaged seal kit and performed leak test,Hydraulic oil,TECH-0193,14.97,3.04,6697.13,8164.39,14861.52,Completed
MR-00393,SR-00393,EQ-0054,Crawler Dozer,25T Class Dozer,SITE-01,2026-01-13,Preventive,Low,5253,Hydraulic Hose,Overheating,travel function loses power on incline,sticking spool valve,inspected valve spool movement and cleaned the valve assembly,Accumulator charging kit,TECH-0921,6.4,9.31,54964.11,4100.65,59064.76,Completed
MR-00394,SR-00394,EQ-0067,Hydraulic Excavator,30T Class Excavator,SITE-03,2026-01-21,Corrective,High,9690,Accumulator,Cooler restriction,visible oil leak near hydraulic line,degraded hydraulic fluid,checked accumulator pre-charge and restored it to service specification,Valve O-rings,TECH-0635,8.61,2.85,10189.64,5391.8,15581.44,Completed
MR-00395,SR-00395,EQ-0180,Hydraulic Excavator,35T Class Excavator,SITE-02,2024-05-17,Condition-Based,Medium,10740,Bucket Cylinder,Overheating,pump noise increases during operation,low pilot supply pressure,inspected hydraulic circuit and isolated the affected component,Pump seal kit,TECH-0502,7.27,2.45,2730.65,6190.56,8921.21,Completed - Monitor
MR-00396,SR-00396,EQ-0035,Hydraulic Excavator,45T Class Excavator,SITE-08,2022-05-12,Inspection,Medium,16762,Fuel System,Low pilot pressure,visible oil leak near hydraulic line,contaminated hydraulic oil,inspected hydraulic circuit and isolated the affected component,Hydraulic hose,TECH-0967,4.43,3.61,39897.39,4534.44,44431.83,Completed
MR-00397,SR-00397,EQ-0117,Wheel Loader,20T Class Wheel Loader,SITE-01,2023-10-20,Inspection,Medium,15157,Hydraulic Hose,Line restriction,bucket cylinder leaking externally,damaged cylinder seal,checked pump output and inspected for internal leakage,Hydraulic filter,TECH-0172,3.49,3.91,20379.34,1807.03,22186.37,Completed
MR-00398,SR-00398,EQ-0208,Hydraulic Excavator,45T Class Excavator,SITE-08,2026-02-26,Corrective,High,5022,Travel Motor,Internal leakage,reduced digging force,blocked cooler core,replaced damaged seal kit and performed leak test,Return filter element,TECH-0062,2.57,3.97,38005.94,2476.79,40482.73,Completed
MR-00399,SR-00399,EQ-0118,Hydraulic Excavator,20T Class Excavator,SITE-05,2023-03-30,Inspection,High,2170,Hydraulic Tank,Overheating,swing movement is slow,restricted return filter,checked pressure and flow at operating temperature,No replacement part,TECH-0786,8.49,2.37,18838.37,8936.91,27775.28,Completed
MR-00400,SR-00400,EQ-0121,Motor Grader,16M Class Grader,SITE-01,2026-04-21,Corrective,Medium,9170,Main Control Valve,Cooler restriction,visible oil leak near hydraulic line,degraded hydraulic fluid,inspected valve spool movement and cleaned the valve assembly,Cylinder seal kit,TECH-0896,10.43,6.16,5004.4,8741.87,13746.27,Completed
MR-00401,SR-00401,EQ-0163,Hydraulic Excavator,20T Class Excavator,SITE-02,2025-11-07,Corrective,High,13101,Arm Cylinder,Overheating,arm movement slow after hydraulic oil warms,contaminated hydraulic oil,cleaned cooler and verified hydraulic oil temperature,Hydraulic oil,TECH-0743,7.55,1.28,53886.0,5920.24,59806.24,Completed
MR-00402,SR-00402,EQ-0124,Backhoe Loader,Heavy-Duty Backhoe Loader,SITE-07,2023-02-12,Corrective,High,3806,Travel Motor,Overheating,hydraulic oil temperature rises during continuous operation,blocked cooler core,checked pressure and flow at operating temperature,Pilot filter,TECH-0439,6.95,1.56,54939.28,3803.62,58742.9,Completed
MR-00403,SR-00403,EQ-0212,Hydraulic Excavator,45T Class Excavator,SITE-01,2025-04-24,Corrective,Medium,8396,Accumulator,Pump wear,hydraulic oil appears contaminated,restricted hydraulic line,replaced restricted hydraulic filter and checked contamination source,Hydraulic hose,TECH-0489,13.39,12.31,2214.8,6630.7,8845.5,Completed
MR-00404,SR-00404,EQ-0036,Crawler Dozer,35T Class Dozer,SITE-04,2024-10-30,Corrective,High,14828,Bucket Cylinder,External leakage,arm movement slow after hydraulic oil warms,contaminated hydraulic oil,checked pump output and inspected for internal leakage,No replacement part,TECH-0534,10.32,8.39,30818.95,7488.07,38307.02,Completed
MR-00405,SR-00405,EQ-0102,Hydraulic Excavator,45T Class Excavator,SITE-07,2022-02-19,Corrective,Medium,14937,Travel Motor,Line restriction,bucket will not open normally,sticking spool valve,cleaned cooler and verified hydraulic oil temperature,No replacement part,TECH-0380,8.11,3.39,37532.23,6734.19,44266.42,Completed
MR-00406,SR-00406,EQ-0096,Hydraulic Excavator,30T Class Excavator,SITE-01,2023-01-30,Corrective,High,12442,Hydraulic Tank,Line restriction,pump noise increases during operation,sticking spool valve,replaced restricted hydraulic filter and checked contamination source,No replacement part,TECH-0954,3.86,3.66,28806.25,3261.7,32067.95,Completed
MR-00407,SR-00407,EQ-0124,Backhoe Loader,Heavy-Duty Backhoe Loader,SITE-07,2025-05-07,Corrective,Medium,3944,Arm Cylinder,Cooler restriction,bucket will not open normally,contaminated hydraulic oil,checked accumulator pre-charge and restored it to service specification,Pump seal kit,TECH-0368,0.82,2.75,60533.45,700.28,61233.73,Completed
MR-00408,SR-00408,EQ-0235,Hydraulic Excavator,30T Class Excavator,SITE-07,2025-08-16,Preventive,High,7580,Boom Cylinder,Line restriction,filter restriction indicator activated,blocked cooler core,inspected suction line for air ingress and corrected the connection,Hydraulic hose,TECH-0301,3.03,1.78,9432.35,2118.4,11550.75,Completed
MR-00409,SR-00409,EQ-0049,Hydraulic Excavator,45T Class Excavator,SITE-03,2024-07-08,Condition-Based,Medium,7645,Travel Motor,Valve sticking,arm movement slow after hydraulic oil warms,low pilot supply pressure,replaced restricted hydraulic filter and checked contamination source,Hydraulic oil,TECH-0567,0.78,5.23,53779.63,380.76,54160.39,Completed
MR-00410,SR-00410,EQ-0035,Hydraulic Excavator,45T Class Excavator,SITE-08,2024-04-15,Inspection,High,17289,Bucket Cylinder,Low pilot pressure,boom movement slow under load,loss of accumulator pre-charge,checked accumulator pre-charge and restored it to service specification,Hydraulic filter,TECH-0945,7.27,2.72,40634.57,5568.62,46203.19,Completed - Monitor
MR-00411,SR-00411,EQ-0184,Hydraulic Excavator,30T Class Excavator,SITE-04,2024-06-11,Corrective,High,10745,Main Control Valve,Accumulator pressure loss,hydraulic flow is low at operating temperature,sticking spool valve,tested pilot pressure and inspected pilot circuit,Accumulator charging kit,TECH-0863,1.63,2.14,50814.76,1137.77,51952.53,Completed
MR-00412,SR-00412,EQ-0099,Backhoe Loader,Heavy-Duty Backhoe Loader,SITE-08,2023-08-03,Inspection,Medium,7625,Pilot Valve,Cooler restriction,swing movement is slow,blocked cooler core,checked accumulator pre-charge and restored it to service specification,Valve O-rings,TECH-0148,1.55,8.48,6808.88,1539.49,8348.37,Completed
MR-00413,SR-00413,EQ-0216,Backhoe Loader,4WD Backhoe Loader,SITE-01,2026-08-25,Condition-Based,Critical,12156,Hydraulic Line,Restricted flow,hydraulic response is jerky,low pilot supply pressure,replaced damaged seal kit and performed leak test,Pump seal kit,TECH-0629,10.48,6.95,8081.43,9171.15,17252.58,Completed - Monitor
MR-00414,SR-00414,EQ-0124,Backhoe Loader,Heavy-Duty Backhoe Loader,SITE-07,2023-05-23,Inspection,High,16042,Fuel System,Internal leakage,arm movement slow after hydraulic oil warms,blocked cooler core,replaced damaged seal kit and performed leak test,Cylinder seal kit,TECH-0594,12.19,2.8,1703.88,13123.1,14826.98,Completed
MR-00415,SR-00415,EQ-0042,Hydraulic Excavator,45T Class Excavator,SITE-01,2024-03-09,Condition-Based,High,9172,Pilot Valve,Air ingress,hydraulic response is jerky,blocked cooler core,replaced damaged seal kit and performed leak test,Cooler gasket set,TECH-0738,14.27,6.02,1482.75,8330.35,9813.1,Closed
MR-00416,SR-00416,EQ-0069,Hydraulic Excavator,20T Class Excavator,SITE-02,2023-01-23,Condition-Based,Medium,4173,Arm Cylinder,Cooler restriction,reduced digging force,damaged cylinder seal,tested pilot pressure and inspected pilot circuit,Accumulator charging kit,TECH-0737,2.72,0.25,32519.24,1849.02,34368.26,Completed
MR-00417,SR-00417,EQ-0039,Hydraulic Excavator,30T Class Excavator,SITE-07,2025-07-14,Corrective,Medium,3073,Hydraulic Pump,Restricted flow,filter restriction indicator activated,restricted return filter,checked pressure and flow at operating temperature,Cooler gasket set,TECH-0929,12.24,5.89,63597.24,6964.91,70562.15,Completed
MR-00418,SR-00418,EQ-0121,Motor Grader,16M Class Grader,SITE-01,2025-11-08,Corrective,Medium,15363,Travel Motor,Valve sticking,boom movement slow under load,sticking spool valve,cleaned cooler and verified hydraulic oil temperature,Return filter element,TECH-0472,7.16,3.93,57976.76,5718.7,63695.46,Closed
MR-00419,SR-00419,EQ-0180,Hydraulic Excavator,35T Class Excavator,SITE-02,2023-09-06,Condition-Based,Medium,10430,Accumulator,Oil contamination,bucket cylinder leaking externally,internal cylinder leakage,replaced damaged seal kit and performed leak test,Hydraulic hose,TECH-0494,9.21,2.75,42577.29,5426.49,48003.78,Completed
MR-00420,SR-00420,EQ-0153,Motor Grader,16M Class Grader,SITE-04,2024-07-26,Preventive,High,17058,Arm Cylinder,External leakage,swing movement is slow,air entering suction line,tested pilot pressure and inspected pilot circuit,Accumulator charging kit,TECH-0043,2.43,6.35,15339.02,1274.52,16613.54,Completed
MR-00421,SR-00421,EQ-0020,Wheel Loader,20T Class Wheel Loader,SITE-02,2024-07-30,Corrective,High,14517,Hydraulic Line,Filter blockage,visible oil leak near hydraulic line,high oil temperature,checked pressure and flow at operating temperature,Return filter element,TECH-0158,0.95,2.52,16076.79,862.22,16939.01,Completed
MR-00422,SR-00422,EQ-0168,Backhoe Loader,4WD Backhoe Loader,SITE-08,2023-01-19,Corrective,Medium,16249,Fuel System,Restricted flow,hydraulic oil temperature rises during continuous operation,restricted hydraulic line,checked pressure and flow at operating temperature,No replacement part,TECH-0673,7.36,2.5,50810.47,4752.06,55562.53,Completed
MR-00423,SR-00423,EQ-0054,Crawler Dozer,25T Class Dozer,SITE-01,2023-05-17,Corrective,Medium,1862,Travel Motor,Overheating,visible oil leak near hydraulic line,low pilot supply pressure,"drained contaminated oil, flushed circuit and refilled with filtered oil",Return filter element,TECH-0620,15.96,0.25,63251.63,13956.56,77208.19,Closed
MR-00424,SR-00424,EQ-0137,Hydraulic Excavator,35T Class Excavator,SITE-08,2022-11-27,Corrective,Medium,7468,Swing Motor,Hose failure,pilot pressure below expected range,sticking spool valve,replaced damaged hose and pressure-tested the circuit,Hydraulic oil,TECH-0581,8.59,3.38,42626.6,8855.83,51482.43,Follow-up Required
MR-00425,SR-00425,EQ-0158,Hydraulic Excavator,20T Class Excavator,SITE-01,2024-04-26,Corrective,Medium,2021,Hydraulic Pump,Overheating,hydraulic oil appears contaminated,restricted return filter,replaced damaged hose and pressure-tested the circuit,Cylinder seal kit,TECH-0206,12.61,2.81,19271.52,8314.48,27586.0,Completed
MR-00426,SR-00426,EQ-0010,Hydraulic Excavator,35T Class Excavator,SITE-02,2025-01-26,Preventive,High,18241,Hydraulic Pump,External leakage,swing movement is slow,restricted hydraulic line,inspected suction line for air ingress and corrected the connection,Hydraulic hose,TECH-0872,8.53,4.7,29320.3,6368.45,35688.75,Completed
MR-00427,SR-00427,EQ-0237,Hydraulic Excavator,45T Class Excavator,SITE-04,2022-08-30,Corrective,Low,2786,Fuel System,Line restriction,boom movement slow under load,loss of accumulator pre-charge,replaced damaged seal kit and performed leak test,Hydraulic filter,TECH-0114,3.15,6.46,53835.16,3020.99,56856.15,Completed
MR-00428,SR-00428,EQ-0178,Crawler Dozer,35T Class Dozer,SITE-04,2024-08-03,Corrective,Low,8537,Hydraulic Line,Air ingress,swing movement is slow,damaged cylinder seal,"drained contaminated oil, flushed circuit and refilled with filtered oil",Hydraulic hose,TECH-0740,3.33,4.17,19513.41,3598.06,23111.47,Completed
MR-00429,SR-00429,EQ-0076,Motor Grader,14M Class Grader,SITE-01,2025-07-17,Corrective,Low,17427,Hydraulic Pump,Pump wear,hydraulic flow is low at operating temperature,restricted hydraulic line,replaced damaged hose and pressure-tested the circuit,Hydraulic filter,TECH-0302,14.59,3.05,48271.93,14086.54,62358.47,Closed
MR-00430,SR-00430,EQ-0109,Backhoe Loader,4WD Backhoe Loader,SITE-06,2023-02-26,Inspection,Medium,13965,Hydraulic Pump,Filter blockage,visible oil leak near hydraulic line,contaminated hydraulic oil,tested pilot pressure and inspected pilot circuit,Cooler gasket set,TECH-0706,14.01,5.0,6885.12,6896.69,13781.81,Closed
MR-00431,SR-00431,EQ-0025,Backhoe Loader,4WD Backhoe Loader,SITE-02,2024-03-08,Corrective,High,9962,Fuel System,Low pilot pressure,boom movement slow under load,contaminated hydraulic oil,replaced damaged seal kit and performed leak test,Valve O-rings,TECH-0610,3.41,6.08,7553.86,1972.55,9526.41,Completed - Monitor
MR-00432,SR-00432,EQ-0177,Crawler Dozer,25T Class Dozer,SITE-03,2023-11-07,Corrective,Medium,15153,Bucket Cylinder,Line restriction,reduced digging force,damaged cylinder seal,checked accumulator pre-charge and restored it to service specification,Return filter element,TECH-0640,15.85,5.06,29363.68,10666.62,40030.3,Follow-up Required
MR-00433,SR-00433,EQ-0094,Backhoe Loader,Heavy-Duty Backhoe Loader,SITE-01,2022-10-04,Preventive,High,7324,Hydraulic Cooler,Overheating,travel function loses power on incline,damaged hydraulic hose,checked accumulator pre-charge and restored it to service specification,Pump seal kit,TECH-0970,5.35,5.74,7672.14,5115.15,12787.29,Completed
MR-00434,SR-00434,EQ-0201,Hydraulic Excavator,45T Class Excavator,SITE-07,2026-02-13,Corrective,Medium,4358,Main Control Valve,Internal leakage,pump noise increases during operation,degraded hydraulic fluid,checked pressure and flow at operating temperature,Hydraulic hose,TECH-0203,8.9,0.25,36987.24,4783.42,41770.66,Completed - Monitor
MR-00435,SR-00435,EQ-0068,Motor Grader,14M Class Grader,SITE-05,2025-12-22,Preventive,Low,14117,Arm Cylinder,Cooler restriction,hydraulic response is jerky,low pilot supply pressure,checked pump output and inspected for internal leakage,Hydraulic oil,TECH-0055,3.0,9.66,42305.6,2771.24,45076.84,Completed
MR-00436,SR-00436,EQ-0108,Hydraulic Excavator,45T Class Excavator,SITE-03,2026-06-03,Corrective,Medium,17288,Hydraulic Cooler,Oil contamination,visible oil leak near hydraulic line,low pilot supply pressure,"drained contaminated oil, flushed circuit and refilled with filtered oil",Cylinder seal kit,TECH-0053,6.76,2.14,22558.89,3695.93,26254.82,Completed
MR-00437,SR-00437,EQ-0042,Hydraulic Excavator,45T Class Excavator,SITE-01,2024-06-05,Corrective,Medium,3391,Hydraulic Hose,Accumulator pressure loss,pump noise increases during operation,blocked cooler core,replaced restricted hydraulic filter and checked contamination source,Cooler gasket set,TECH-0778,11.53,2.15,19981.0,9433.96,29414.96,Completed
MR-00438,SR-00438,EQ-0160,Wheel Loader,20T Class Wheel Loader,SITE-06,2023-09-19,Corrective,High,12899,Swing Motor,Valve sticking,reduced digging force,contaminated hydraulic oil,"drained contaminated oil, flushed circuit and refilled with filtered oil",Valve O-rings,TECH-0398,13.72,0.25,6680.49,9883.9,16564.39,Completed
MR-00439,SR-00439,EQ-0006,Hydraulic Excavator,20T Class Excavator,SITE-05,2022-07-30,Preventive,Low,11769,Hydraulic Hose,Low pilot pressure,pump noise increases during operation,contaminated hydraulic oil,checked accumulator pre-charge and restored it to service specification,Cylinder seal kit,TECH-0542,12.73,3.14,13189.24,13254.67,26443.91,Completed
MR-00440,SR-00440,EQ-0180,Hydraulic Excavator,35T Class Excavator,SITE-02,2026-07-21,Corrective,Medium,12512,Main Control Valve,Line restriction,hydraulic oil appears contaminated,damaged cylinder seal,checked pressure and flow at operating temperature,No replacement part,TECH-0232,15.76,7.52,21164.78,9949.87,31114.65,Completed
MR-00441,SR-00441,EQ-0073,Hydraulic Excavator,30T Class Excavator,SITE-01,2023-03-16,Condition-Based,High,2175,Travel Motor,Line restriction,travel function loses power on incline,damaged cylinder seal,cleaned cooler and verified hydraulic oil temperature,Pilot filter,TECH-0968,1.79,2.31,24468.92,1583.22,26052.14,Completed - Monitor
MR-00442,SR-00442,EQ-0035,Hydraulic Excavator,45T Class Excavator,SITE-08,2026-06-19,Preventive,Medium,15631,Travel Motor,External leakage,reduced digging force,worn pump components,inspected hydraulic circuit and isolated the affected component,Pump seal kit,TECH-0991,15.77,8.41,18235.41,10899.93,29135.34,Completed
MR-00443,SR-00443,EQ-0170,Backhoe Loader,4WD Backhoe Loader,SITE-04,2025-09-12,Preventive,Medium,12780,Engine Cooling System,Overheating,hydraulic response is jerky,damaged hydraulic hose,replaced damaged seal kit and performed leak test,Hydraulic line fittings,TECH-0523,10.55,12.12,21069.49,10397.8,31467.29,Completed
MR-00444,SR-00444,EQ-0149,Hydraulic Excavator,20T Class Excavator,SITE-06,2025-01-18,Corrective,Critical,11824,Hydraulic Filter,Low pilot pressure,bucket will not open normally,damaged cylinder seal,replaced damaged seal kit and performed leak test,Hydraulic line fittings,TECH-0968,14.78,6.99,39931.14,13336.04,53267.18,Closed
MR-00445,SR-00445,EQ-0097,Hydraulic Excavator,45T Class Excavator,SITE-01,2023-03-17,Preventive,High,2582,Hydraulic Cooler,Internal leakage,pump noise increases during operation,loss of accumulator pre-charge,replaced restricted hydraulic filter and checked contamination source,Cooler gasket set,TECH-0994,10.12,6.75,19886.05,10427.24,30313.29,Completed
MR-00446,SR-00446,EQ-0206,Crawler Dozer,35T Class Dozer,SITE-06,2022-01-12,Corrective,High,3190,Boom Cylinder,Valve sticking,swing movement is slow,damaged hydraulic hose,replaced damaged seal kit and performed leak test,Hydraulic filter,TECH-0858,12.02,3.5,9651.59,7205.99,16857.58,Completed - Monitor
MR-00447,SR-00447,EQ-0211,Motor Grader,14M Class Grader,SITE-07,2025-08-17,Corrective,Medium,4897,Engine Cooling System,Valve sticking,hydraulic flow is low at operating temperature,internal cylinder leakage,tested pilot pressure and inspected pilot circuit,Hydraulic oil,TECH-0098,15.3,9.68,39524.96,8089.41,47614.37,Completed
MR-00448,SR-00448,EQ-0224,Hydraulic Excavator,35T Class Excavator,SITE-02,2026-04-25,Preventive,High,7359,Swing Motor,Hose failure,reduced digging force,air entering suction line,inspected valve spool movement and cleaned the valve assembly,Pilot filter,TECH-0987,3.93,7.36,35780.95,4311.55,40092.5,Completed
MR-00449,SR-00449,EQ-0199,Hydraulic Excavator,30T Class Excavator,SITE-03,2026-07-13,Preventive,Medium,10354,Boom Cylinder,Restricted flow,bucket will not open normally,restricted return filter,checked pressure and flow at operating temperature,Hydraulic filter,TECH-0065,5.68,4.79,20509.57,2570.71,23080.28,Completed
MR-00450,SR-00450,EQ-0053,Hydraulic Excavator,20T Class Excavator,SITE-06,2023-02-18,Corrective,High,11473,Pilot Valve,Filter blockage,bucket cylinder leaking externally,loss of accumulator pre-charge,cleaned cooler and verified hydraulic oil temperature,Pilot filter,TECH-0131,8.7,0.25,50251.06,4263.22,54514.28,Completed
MR-00451,SR-00451,EQ-0180,Hydraulic Excavator,35T Class Excavator,SITE-02,2022-07-21,Preventive,Medium,6019,Travel Motor,Cylinder seal wear,hydraulic oil temperature rises during continuous operation,degraded hydraulic fluid,inspected valve spool movement and cleaned the valve assembly,Pump seal kit,TECH-0202,10.1,0.25,34122.99,6103.56,40226.55,Completed
MR-00452,SR-00452,EQ-0204,Hydraulic Excavator,35T Class Excavator,SITE-05,2026-03-19,Preventive,Medium,12292,Hydraulic Cooler,Air ingress,filter restriction indicator activated,air entering suction line,inspected hydraulic circuit and isolated the affected component,Cylinder seal kit,TECH-0872,13.46,7.4,33188.0,9304.16,42492.16,Closed
MR-00453,SR-00453,EQ-0154,Wheel Loader,25T Class Wheel Loader,SITE-05,2025-03-13,Condition-Based,High,4614,Hydraulic Hose,Cylinder seal wear,hydraulic oil appears contaminated,loss of accumulator pre-charge,checked accumulator pre-charge and restored it to service specification,Pilot filter,TECH-0599,9.54,8.58,34019.67,9815.47,43835.14,Completed
MR-00454,SR-00454,EQ-0208,Hydraulic Excavator,45T Class Excavator,SITE-08,2024-02-15,Corrective,Medium,6702,Hydraulic Filter,Air ingress,bucket cylinder leaking externally,worn pump components,tested pilot pressure and inspected pilot circuit,Cooler gasket set,TECH-0394,10.23,5.74,24523.52,6840.77,31364.29,Completed
MR-00455,SR-00455,EQ-0077,Wheel Loader,25T Class Wheel Loader,SITE-01,2023-05-27,Corrective,High,11724,Travel Motor,Cooler restriction,swing movement is slow,high oil temperature,"drained contaminated oil, flushed circuit and refilled with filtered oil",Pump seal kit,TECH-0607,6.85,2.86,46889.97,3129.5,50019.47,Closed
MR-00456,SR-00456,EQ-0135,Crawler Dozer,35T Class Dozer,SITE-01,2026-01-04,Corrective,High,11685,Arm Cylinder,Filter blockage,visible oil leak near hydraulic line,high oil temperature,tested pilot pressure and inspected pilot circuit,Cooler gasket set,TECH-0250,1.49,3.77,11224.57,1257.35,12481.92,Completed
MR-00457,SR-00457,EQ-0007,Backhoe Loader,4WD Backhoe Loader,SITE-06,2023-09-22,Corrective,High,3316,Hydraulic Line,Hose failure,hydraulic response is jerky,worn pump components,replaced damaged seal kit and performed leak test,Hydraulic filter,TECH-0557,11.47,8.17,43515.83,9009.64,52525.47,Follow-up Required
MR-00458,SR-00458,EQ-0202,Crawler Dozer,25T Class Dozer,SITE-08,2023-06-01,Inspection,Low,3927,Swing Motor,Low pilot pressure,pump noise increases during operation,worn pump components,checked accumulator pre-charge and restored it to service specification,Accumulator charging kit,TECH-0010,10.79,4.99,587.15,6477.56,7064.71,Completed
MR-00459,SR-00459,EQ-0085,Hydraulic Excavator,35T Class Excavator,SITE-02,2026-01-17,Corrective,Medium,11788,Pilot Valve,Air ingress,pump noise increases during operation,internal cylinder leakage,checked pump output and inspected for internal leakage,Pump seal kit,TECH-0738,11.73,0.25,48487.79,6184.99,54672.78,Completed - Monitor
MR-00460,SR-00460,EQ-0211,Motor Grader,14M Class Grader,SITE-07,2023-09-07,Corrective,Medium,17819,Hydraulic Cooler,Hose failure,pilot pressure below expected range,restricted hydraulic line,replaced restricted hydraulic filter and checked contamination source,Accumulator charging kit,TECH-0832,8.5,12.38,29412.44,8417.71,37830.15,Completed
MR-00461,SR-00461,EQ-0146,Hydraulic Excavator,20T Class Excavator,SITE-01,2023-11-03,Condition-Based,Medium,16737,Pilot Valve,Cylinder seal wear,hydraulic oil temperature rises during continuous operation,internal cylinder leakage,checked pump output and inspected for internal leakage,Cylinder seal kit,TECH-0125,14.42,5.58,17989.72,8100.59,26090.31,Completed
MR-00462,SR-00462,EQ-0078,Hydraulic Excavator,20T Class Excavator,SITE-08,2024-05-06,Preventive,Critical,7630,Bucket Cylinder,Valve sticking,pilot pressure below expected range,loss of accumulator pre-charge,cleaned cooler and verified hydraulic oil temperature,Pilot filter,TECH-0844,3.09,5.61,58018.09,3171.44,61189.53,Completed
MR-00463,SR-00463,EQ-0113,Hydraulic Excavator,35T Class Excavator,SITE-06,2024-08-10,Corrective,High,10298,Hydraulic Cooler,Oil contamination,travel function loses power on incline,blocked cooler core,tested pilot pressure and inspected pilot circuit,Pilot filter,TECH-0389,1.57,5.55,26760.26,1165.17,27925.43,Completed
MR-00464,SR-00464,EQ-0162,Hydraulic Excavator,45T Class Excavator,SITE-01,2024-12-03,Corrective,Medium,1826,Travel Motor,Oil contamination,arm movement slow after hydraulic oil warms,degraded hydraulic fluid,inspected suction line for air ingress and corrected the connection,Valve O-rings,TECH-0173,12.27,4.61,27935.53,13464.05,41399.58,Completed
MR-00465,SR-00465,EQ-0132,Wheel Loader,25T Class Wheel Loader,SITE-01,2026-02-12,Preventive,Medium,14535,Bucket Cylinder,Pump wear,reduced digging force,restricted hydraulic line,replaced damaged hose and pressure-tested the circuit,No replacement part,TECH-0325,7.08,7.31,21257.91,6373.46,27631.37,Closed
MR-00466,SR-00466,EQ-0083,Wheel Loader,20T Class Wheel Loader,SITE-04,2025-10-05,Corrective,Critical,5385,Bucket Cylinder,Internal leakage,boom movement slow under load,blocked cooler core,"drained contaminated oil, flushed circuit and refilled with filtered oil",Hydraulic line fittings,TECH-0519,12.77,5.09,54169.42,13831.15,68000.57,Completed
MR-00467,SR-00467,EQ-0087,Hydraulic Excavator,30T Class Excavator,SITE-05,2024-11-09,Condition-Based,Medium,17803,Fuel System,Restricted flow,reduced digging force,degraded hydraulic fluid,replaced damaged hose and pressure-tested the circuit,Hydraulic hose,TECH-0752,7.19,7.65,14736.64,6977.97,21714.61,Completed - Monitor
MR-00468,SR-00468,EQ-0006,Hydraulic Excavator,20T Class Excavator,SITE-05,2026-05-24,Condition-Based,High,4372,Arm Cylinder,Accumulator pressure loss,travel function loses power on incline,restricted return filter,replaced restricted hydraulic filter and checked contamination source,Valve O-rings,TECH-0886,13.06,7.27,63515.94,9079.49,72595.43,Completed
MR-00469,SR-00469,EQ-0155,Motor Grader,16M Class Grader,SITE-03,2025-05-31,Corrective,Medium,6389,Boom Cylinder,Pump wear,reduced digging force,worn pump components,inspected hydraulic circuit and isolated the affected component,Pilot filter,TECH-0222,7.68,0.25,30318.6,6338.12,36656.72,Completed - Monitor
MR-00470,SR-00470,EQ-0059,Hydraulic Excavator,35T Class Excavator,SITE-01,2026-06-20,Preventive,High,11724,Travel Motor,Valve sticking,hydraulic oil appears contaminated,loss of accumulator pre-charge,inspected suction line for air ingress and corrected the connection,Return filter element,TECH-0843,15.32,5.88,27024.75,10655.73,37680.48,Completed
MR-00471,SR-00471,EQ-0185,Hydraulic Excavator,20T Class Excavator,SITE-08,2023-04-19,Preventive,Medium,13987,Boom Cylinder,Low pilot pressure,bucket will not open normally,loss of accumulator pre-charge,checked accumulator pre-charge and restored it to service specification,Pump seal kit,TECH-0702,11.9,4.43,25417.52,10695.98,36113.5,Completed
MR-00472,SR-00472,EQ-0140,Crawler Dozer,35T Class Dozer,SITE-02,2023-06-13,Preventive,High,10792,Fuel System,Air ingress,reduced digging force,restricted return filter,checked accumulator pre-charge and restored it to service specification,Pump seal kit,TECH-0668,13.18,5.41,64540.88,13958.27,78499.15,Completed
MR-00473,SR-00473,EQ-0092,Wheel Loader,25T Class Wheel Loader,SITE-06,2023-08-25,Corrective,Medium,3853,Hydraulic Cooler,Overheating,hydraulic flow is low at operating temperature,internal cylinder leakage,checked pressure and flow at operating temperature,Pump seal kit,TECH-0837,2.36,4.96,13378.54,2218.31,15596.85,Completed
MR-00474,SR-00474,EQ-0144,Crawler Dozer,35T Class Dozer,SITE-08,2025-05-07,Preventive,Medium,14847,Swing Motor,Low pilot pressure,visible oil leak near hydraulic line,low pilot supply pressure,checked pump output and inspected for internal leakage,Valve O-rings,TECH-0464,6.77,4.14,23088.86,4932.24,28021.1,Completed
MR-00475,SR-00475,EQ-0166,Hydraulic Excavator,20T Class Excavator,SITE-04,2023-08-11,Corrective,Low,4947,Hydraulic Tank,Oil contamination,travel function loses power on incline,loss of accumulator pre-charge,cleaned cooler and verified hydraulic oil temperature,Hydraulic oil,TECH-0340,8.29,6.12,60673.46,7263.09,67936.55,Completed
MR-00476,SR-00476,EQ-0191,Hydraulic Excavator,45T Class Excavator,SITE-07,2023-02-15,Condition-Based,Critical,4634,Fuel System,Cooler restriction,pilot pressure below expected range,degraded hydraulic fluid,checked pressure and flow at operating temperature,Valve O-rings,TECH-0775,12.47,7.47,24993.95,11262.4,36256.35,Follow-up Required
MR-00477,SR-00477,EQ-0109,Backhoe Loader,4WD Backhoe Loader,SITE-06,2023-05-31,Corrective,High,9751,Boom Cylinder,Valve sticking,arm movement slow after hydraulic oil warms,worn pump components,inspected valve spool movement and cleaned the valve assembly,No replacement part,TECH-0221,5.04,3.51,35540.56,4367.57,39908.13,Closed
MR-00478,SR-00478,EQ-0141,Wheel Loader,25T Class Wheel Loader,SITE-01,2025-12-11,Preventive,High,9444,Main Control Valve,Oil contamination,travel function loses power on incline,damaged cylinder seal,inspected suction line for air ingress and corrected the connection,Hydraulic hose,TECH-0406,15.61,4.48,51515.56,12160.99,63676.55,Completed
MR-00479,SR-00479,EQ-0097,Hydraulic Excavator,45T Class Excavator,SITE-01,2024-08-11,Preventive,High,9250,Travel Motor,Accumulator pressure loss,bucket cylinder leaking externally,blocked cooler core,replaced restricted hydraulic filter and checked contamination source,No replacement part,TECH-0569,14.62,1.09,26258.81,13994.37,40253.18,Completed - Monitor
MR-00480,SR-00480,EQ-0178,Crawler Dozer,35T Class Dozer,SITE-04,2025-04-07,Corrective,Medium,11868,Hydraulic Cooler,Cooler restriction,visible oil leak near hydraulic line,loss of accumulator pre-charge,checked accumulator pre-charge and restored it to service specification,Pilot filter,TECH-0148,9.04,3.86,54444.62,5625.89,60070.51,Completed
MR-00481,SR-00481,EQ-0072,Crawler Dozer,25T Class Dozer,SITE-06,2025-06-27,Corrective,Medium,11339,Travel Motor,Hose failure,filter restriction indicator activated,internal cylinder leakage,checked accumulator pre-charge and restored it to service specification,Valve O-rings,TECH-0490,5.61,6.92,10117.34,3716.46,13833.8,Completed
MR-00482,SR-00482,EQ-0201,Hydraulic Excavator,45T Class Excavator,SITE-07,2026-03-11,Inspection,Medium,4386,Swing Motor,Oil contamination,filter restriction indicator activated,damaged hydraulic hose,checked accumulator pre-charge and restored it to service specification,Pilot filter,TECH-0152,9.87,5.46,59521.11,10049.92,69571.03,Completed - Monitor
MR-00483,SR-00483,EQ-0199,Hydraulic Excavator,30T Class Excavator,SITE-03,2026-08-07,Inspection,Medium,6274,Arm Cylinder,Overheating,arm movement slow after hydraulic oil warms,worn pump components,inspected suction line for air ingress and corrected the connection,Hydraulic hose,TECH-0758,5.69,6.04,57048.73,5009.04,62057.77,Completed - Monitor
MR-00484,SR-00484,EQ-0103,Hydraulic Excavator,35T Class Excavator,SITE-06,2026-07-13,Corrective,Medium,5005,Travel Motor,Low pilot pressure,pump noise increases during operation,worn pump components,tested pilot pressure and inspected pilot circuit,Cooler gasket set,TECH-0254,14.79,7.29,51718.34,8594.56,60312.9,Completed
MR-00485,SR-00485,EQ-0157,Hydraulic Excavator,30T Class Excavator,SITE-05,2026-05-18,Corrective,High,7291,Pilot Valve,Cylinder seal wear,pump noise increases during operation,worn pump components,cleaned cooler and verified hydraulic oil temperature,Hydraulic filter,TECH-0586,10.05,0.49,26684.42,4550.59,31235.01,Completed
MR-00486,SR-00486,EQ-0057,Hydraulic Excavator,20T Class Excavator,SITE-08,2022-01-05,Corrective,Medium,18074,Hydraulic Pump,Internal leakage,hydraulic oil appears contaminated,internal cylinder leakage,inspected suction line for air ingress and corrected the connection,Hydraulic line fittings,TECH-0558,10.07,6.91,5009.2,9063.15,14072.35,Completed
MR-00487,SR-00487,EQ-0081,Backhoe Loader,4WD Backhoe Loader,SITE-07,2022-12-13,Condition-Based,Critical,13772,Bucket Cylinder,Hose failure,filter restriction indicator activated,high oil temperature,inspected suction line for air ingress and corrected the connection,Hydraulic line fittings,TECH-0632,11.24,6.5,41375.66,8185.62,49561.28,Completed
MR-00488,SR-00488,EQ-0179,Hydraulic Excavator,35T Class Excavator,SITE-02,2022-06-20,Corrective,Medium,10008,Hydraulic Hose,Overheating,bucket cylinder leaking externally,blocked cooler core,inspected valve spool movement and cleaned the valve assembly,Pump seal kit,TECH-0998,9.88,4.95,8869.99,6789.02,15659.01,Completed
MR-00489,SR-00489,EQ-0181,Motor Grader,16M Class Grader,SITE-05,2023-01-09,Corrective,Medium,8866,Pilot Valve,Cylinder seal wear,hydraulic flow is low at operating temperature,contaminated hydraulic oil,cleaned cooler and verified hydraulic oil temperature,Return filter element,TECH-0657,6.42,6.52,11589.17,6265.76,17854.93,Completed
MR-00490,SR-00490,EQ-0021,Wheel Loader,25T Class Wheel Loader,SITE-04,2024-09-10,Preventive,High,17997,Hydraulic Line,Overheating,visible oil leak near hydraulic line,restricted hydraulic line,inspected valve spool movement and cleaned the valve assembly,Hydraulic hose,TECH-0337,10.45,0.25,11620.89,11265.2,22886.09,Completed
MR-00491,SR-00491,EQ-0207,Hydraulic Excavator,30T Class Excavator,SITE-01,2026-08-22,Corrective,High,8939,Accumulator,Internal leakage,travel function loses power on incline,worn pump components,tested pilot pressure and inspected pilot circuit,Cylinder seal kit,TECH-0078,9.9,5.94,28114.96,6940.92,35055.88,Completed
MR-00492,SR-00492,EQ-0003,Crawler Dozer,35T Class Dozer,SITE-07,2025-06-30,Preventive,Low,11924,Engine Cooling System,Internal leakage,travel function loses power on incline,contaminated hydraulic oil,inspected hydraulic circuit and isolated the affected component,Cylinder seal kit,TECH-0893,2.97,7.21,8202.92,2214.26,10417.18,Completed
MR-00493,SR-00493,EQ-0091,Hydraulic Excavator,20T Class Excavator,SITE-02,2025-01-11,Condition-Based,Critical,12470,Hydraulic Filter,Low pilot pressure,pilot pressure below expected range,air entering suction line,inspected hydraulic circuit and isolated the affected component,No replacement part,TECH-0573,5.97,2.48,7962.27,3341.53,11303.8,Completed
MR-00494,SR-00494,EQ-0148,Hydraulic Excavator,45T Class Excavator,SITE-06,2025-04-17,Corrective,Low,14644,Hydraulic Cooler,Overheating,hydraulic flow is low at operating temperature,internal cylinder leakage,tested pilot pressure and inspected pilot circuit,Hydraulic line fittings,TECH-0082,6.96,0.25,3367.48,6210.84,9578.32,Completed
MR-00495,SR-00495,EQ-0162,Hydraulic Excavator,45T Class Excavator,SITE-01,2023-03-24,Corrective,High,6479,Engine Cooling System,Low pilot pressure,hydraulic flow is low at operating temperature,loss of accumulator pre-charge,checked pump output and inspected for internal leakage,Cylinder seal kit,TECH-0738,14.45,9.41,60414.87,14785.12,75199.99,Completed
MR-00496,SR-00496,EQ-0091,Hydraulic Excavator,20T Class Excavator,SITE-02,2025-08-03,Corrective,Medium,6175,Pilot Valve,Restricted flow,boom movement slow under load,worn pump components,checked pressure and flow at operating temperature,Return filter element,TECH-0053,7.05,2.75,59964.94,5768.03,65732.97,Completed
MR-00497,SR-00497,EQ-0193,Backhoe Loader,4WD Backhoe Loader,SITE-05,2025-05-05,Preventive,Medium,15246,Hydraulic Line,External leakage,pilot pressure below expected range,damaged cylinder seal,"drained contaminated oil, flushed circuit and refilled with filtered oil",Pump seal kit,TECH-0443,14.13,3.6,50292.56,7709.93,58002.49,Completed
MR-00498,SR-00498,EQ-0170,Backhoe Loader,4WD Backhoe Loader,SITE-04,2024-11-10,Corrective,High,5599,Accumulator,External leakage,arm movement slow after hydraulic oil warms,internal cylinder leakage,replaced damaged seal kit and performed leak test,Hydraulic hose,TECH-0904,11.89,5.67,59242.51,5972.77,65215.28,Completed
MR-00499,SR-00499,EQ-0149,Hydraulic Excavator,20T Class Excavator,SITE-06,2026-08-14,Preventive,High,6013,Boom Cylinder,Filter blockage,hydraulic oil appears contaminated,restricted hydraulic line,replaced restricted hydraulic filter and checked contamination source,Pump seal kit,TECH-0264,12.45,2.85,8492.22,7222.4,15714.62,Completed
MR-00500,SR-00500,EQ-0079,Motor Grader,16M Class Grader,SITE-07,2025-09-17,Corrective,High,13243,Arm Cylinder,Valve sticking,boom movement slow under load,damaged cylinder seal,cleaned cooler and verified hydraulic oil temperature,Hydraulic filter,TECH-0517,12.75,2.84,55433.66,8006.91,63440.57,Completed
MR-00501,SR-00501,EQ-0095,Hydraulic Excavator,20T Class Excavator,SITE-02,2023-02-12,Preventive,High,6451,Travel Motor,Filter blockage,swing movement is slow,damaged cylinder seal,inspected suction line for air ingress and corrected the connection,Hydraulic line fittings,TECH-0816,10.53,0.25,15847.43,7975.1,23822.53,Closed
MR-00502,SR-00502,EQ-0223,Crawler Dozer,35T Class Dozer,SITE-08,2025-08-07,Corrective,High,7440,Fuel System,Restricted flow,visible oil leak near hydraulic line,internal cylinder leakage,checked pump output and inspected for internal leakage,Cooler gasket set,TECH-0911,15.52,5.37,41163.65,12557.27,53720.92,Completed
MR-00503,SR-00503,EQ-0154,Wheel Loader,25T Class Wheel Loader,SITE-05,2022-05-18,Corrective,High,12283,Pilot Valve,Cylinder seal wear,hydraulic oil appears contaminated,sticking spool valve,replaced restricted hydraulic filter and checked contamination source,Hydraulic oil,TECH-0089,15.17,4.1,14165.25,8340.34,22505.59,Completed
MR-00504,SR-00504,EQ-0140,Crawler Dozer,35T Class Dozer,SITE-02,2026-08-01,Condition-Based,High,6063,Fuel System,External leakage,visible oil leak near hydraulic line,sticking spool valve,cleaned cooler and verified hydraulic oil temperature,Cooler gasket set,TECH-0930,9.91,4.61,4213.8,8028.49,12242.29,Completed
MR-00505,SR-00505,EQ-0104,Hydraulic Excavator,30T Class Excavator,SITE-04,2025-03-16,Inspection,High,2326,Swing Motor,Filter blockage,swing movement is slow,worn pump components,inspected hydraulic circuit and isolated the affected component,Valve O-rings,TECH-0022,13.55,3.78,19672.31,10649.16,30321.47,Closed
MR-00506,SR-00506,EQ-0188,Hydraulic Excavator,45T Class Excavator,SITE-07,2023-04-03,Condition-Based,Critical,17536,Hydraulic Hose,Internal leakage,visible oil leak near hydraulic line,contaminated hydraulic oil,checked pressure and flow at operating temperature,Hydraulic filter,TECH-0086,4.25,0.25,14544.83,3703.97,18248.8,Completed
MR-00507,SR-00507,EQ-0206,Crawler Dozer,35T Class Dozer,SITE-06,2023-07-10,Inspection,Medium,6577,Pilot Valve,Filter blockage,reduced digging force,damaged hydraulic hose,tested pilot pressure and inspected pilot circuit,Cooler gasket set,TECH-0778,10.58,2.57,60230.81,11514.86,71745.67,Completed - Monitor
MR-00508,SR-00508,EQ-0033,Hydraulic Excavator,45T Class Excavator,SITE-01,2025-06-15,Preventive,High,5108,Bucket Cylinder,Line restriction,reduced digging force,restricted hydraulic line,inspected valve spool movement and cleaned the valve assembly,Cooler gasket set,TECH-0629,14.29,0.25,14918.81,11366.85,26285.66,Completed - Monitor
MR-00509,SR-00509,EQ-0082,Hydraulic Excavator,45T Class Excavator,SITE-05,2024-11-06,Corrective,Medium,8592,Accumulator,Oil contamination,pump noise increases during operation,sticking spool valve,tested pilot pressure and inspected pilot circuit,Hydraulic line fittings,TECH-0328,2.95,7.68,33969.67,3210.18,37179.85,Completed - Monitor
MR-00510,SR-00510,EQ-0045,Wheel Loader,20T Class Wheel Loader,SITE-03,2022-12-28,Corrective,High,17044,Hydraulic Hose,Restricted flow,filter restriction indicator activated,loss of accumulator pre-charge,tested pilot pressure and inspected pilot circuit,Cooler gasket set,TECH-0835,10.59,10.65,36245.62,6949.15,43194.77,Closed
MR-00511,SR-00511,EQ-0111,Crawler Dozer,25T Class Dozer,SITE-02,2023-09-03,Corrective,High,12675,Hydraulic Filter,Pump wear,bucket will not open normally,restricted return filter,replaced damaged seal kit and performed leak test,Return filter element,TECH-0653,9.87,10.32,28354.38,8365.5,36719.88,Completed
MR-00512,SR-00512,EQ-0239,Crawler Dozer,25T Class Dozer,SITE-02,2024-03-15,Inspection,Medium,12574,Pilot Valve,Accumulator pressure loss,bucket will not open normally,low pilot supply pressure,replaced damaged hose and pressure-tested the circuit,Pump seal kit,TECH-0265,1.59,8.49,7387.78,939.72,8327.5,Completed
MR-00513,SR-00513,EQ-0077,Wheel Loader,25T Class Wheel Loader,SITE-01,2026-01-03,Preventive,Medium,16232,Hydraulic Tank,Overheating,reduced digging force,damaged cylinder seal,checked accumulator pre-charge and restored it to service specification,Pilot filter,TECH-0461,12.76,8.68,46838.07,9009.73,55847.8,Closed
MR-00514,SR-00514,EQ-0141,Wheel Loader,25T Class Wheel Loader,SITE-01,2025-05-19,Corrective,High,5821,Travel Motor,Valve sticking,hydraulic oil appears contaminated,damaged hydraulic hose,checked pressure and flow at operating temperature,Hydraulic line fittings,TECH-0163,13.45,1.17,35350.65,14545.0,49895.65,Completed
MR-00515,SR-00515,EQ-0146,Hydraulic Excavator,20T Class Excavator,SITE-01,2026-08-11,Corrective,High,11847,Hydraulic Tank,Internal leakage,travel function loses power on incline,sticking spool valve,tested pilot pressure and inspected pilot circuit,Pump seal kit,TECH-0200,14.73,2.33,42840.72,7064.99,49905.71,Completed
MR-00516,SR-00516,EQ-0009,Crawler Dozer,35T Class Dozer,SITE-02,2024-11-06,Corrective,High,8940,Fuel System,Line restriction,bucket will not open normally,contaminated hydraulic oil,checked pump output and inspected for internal leakage,No replacement part,TECH-0554,15.23,0.25,48430.25,9008.62,57438.87,Completed
MR-00517,SR-00517,EQ-0065,Hydraulic Excavator,20T Class Excavator,SITE-07,2022-09-04,Inspection,High,14710,Boom Cylinder,Air ingress,travel function loses power on incline,low pilot supply pressure,"drained contaminated oil, flushed circuit and refilled with filtered oil",Pump seal kit,TECH-0275,9.06,0.93,53173.62,6186.37,59359.99,Completed
MR-00518,SR-00518,EQ-0215,Hydraulic Excavator,45T Class Excavator,SITE-02,2026-04-26,Inspection,Medium,11334,Main Control Valve,Cylinder seal wear,hydraulic oil temperature rises during continuous operation,loss of accumulator pre-charge,checked accumulator pre-charge and restored it to service specification,Pump seal kit,TECH-0144,7.2,4.61,34790.57,5863.8,40654.37,Completed
MR-00519,SR-00519,EQ-0188,Hydraulic Excavator,45T Class Excavator,SITE-07,2024-02-08,Corrective,High,6800,Engine Cooling System,Cooler restriction,filter restriction indicator activated,restricted return filter,"drained contaminated oil, flushed circuit and refilled with filtered oil",Hydraulic oil,TECH-0077,13.43,6.55,49813.44,8211.15,58024.59,Closed
MR-00520,SR-00520,EQ-0134,Hydraulic Excavator,20T Class Excavator,SITE-03,2023-12-08,Condition-Based,High,8859,Hydraulic Tank,Air ingress,travel function loses power on incline,low pilot supply pressure,checked pressure and flow at operating temperature,Cylinder seal kit,TECH-0689,12.4,4.35,54850.73,8920.25,63770.98,Completed
MR-00521,SR-00521,EQ-0041,Wheel Loader,20T Class Wheel Loader,SITE-06,2025-03-06,Corrective,Low,14027,Engine Cooling System,Cylinder seal wear,hydraulic oil temperature rises during continuous operation,worn pump components,inspected hydraulic circuit and isolated the affected component,Accumulator charging kit,TECH-0822,8.64,4.9,37497.38,3925.12,41422.5,Closed
MR-00522,SR-00522,EQ-0210,Hydraulic Excavator,20T Class Excavator,SITE-05,2026-05-22,Corrective,Medium,9869,Boom Cylinder,Valve sticking,hydraulic response is jerky,low pilot supply pressure,"drained contaminated oil, flushed circuit and refilled with filtered oil",Cylinder seal kit,TECH-0196,6.55,3.49,31203.85,6206.39,37410.24,Closed
MR-00523,SR-00523,EQ-0016,Crawler Dozer,35T Class Dozer,SITE-04,2024-10-03,Corrective,High,11703,Fuel System,Valve sticking,swing movement is slow,low pilot supply pressure,replaced damaged hose and pressure-tested the circuit,No replacement part,TECH-0894,5.75,2.72,3203.58,2831.41,6034.99,Completed
MR-00524,SR-00524,EQ-0148,Hydraulic Excavator,45T Class Excavator,SITE-06,2023-02-24,Corrective,Medium,16616,Arm Cylinder,Air ingress,bucket will not open normally,degraded hydraulic fluid,tested pilot pressure and inspected pilot circuit,Return filter element,TECH-0084,4.96,1.61,39768.44,4213.69,43982.13,Completed
MR-00525,SR-00525,EQ-0149,Hydraulic Excavator,20T Class Excavator,SITE-06,2024-09-02,Corrective,Medium,1850,Main Control Valve,Pump wear,bucket cylinder leaking externally,sticking spool valve,inspected suction line for air ingress and corrected the connection,Cylinder seal kit,TECH-0238,9.02,2.76,35911.12,9543.4,45454.52,Closed
MR-00526,SR-00526,EQ-0101,Crawler Dozer,35T Class Dozer,SITE-02,2025-07-26,Corrective,High,3716,Fuel System,Cylinder seal wear,pilot pressure below expected range,restricted return filter,checked pressure and flow at operating temperature,Accumulator charging kit,TECH-0274,12.67,7.04,36523.7,12459.43,48983.13,Closed
MR-00527,SR-00527,EQ-0110,Hydraulic Excavator,45T Class Excavator,SITE-06,2022-05-04,Condition-Based,Low,2472,Accumulator,Restricted flow,hydraulic oil temperature rises during continuous operation,internal cylinder leakage,checked accumulator pre-charge and restored it to service specification,Pump seal kit,TECH-0358,9.93,6.04,26172.95,5053.89,31226.84,Completed
MR-00528,SR-00528,EQ-0155,Motor Grader,16M Class Grader,SITE-03,2023-03-17,Corrective,High,11768,Boom Cylinder,Internal leakage,hydraulic response is jerky,high oil temperature,replaced damaged hose and pressure-tested the circuit,Accumulator charging kit,TECH-0307,4.14,3.58,16152.77,4063.46,20216.23,Completed
MR-00529,SR-00529,EQ-0042,Hydraulic Excavator,45T Class Excavator,SITE-01,2024-06-25,Corrective,High,8727,Hydraulic Pump,Low pilot pressure,boom movement slow under load,damaged cylinder seal,inspected hydraulic circuit and isolated the affected component,Accumulator charging kit,TECH-0384,5.31,0.71,53978.4,2718.12,56696.52,Closed
MR-00530,SR-00530,EQ-0126,Hydraulic Excavator,20T Class Excavator,SITE-08,2026-04-07,Preventive,Medium,3349,Swing Motor,Internal leakage,bucket will not open normally,worn pump components,inspected valve spool movement and cleaned the valve assembly,Hydraulic hose,TECH-0754,0.95,9.88,52811.5,693.0,53504.5,Completed - Monitor
MR-00531,SR-00531,EQ-0013,Hydraulic Excavator,35T Class Excavator,SITE-04,2025-02-17,Corrective,High,5723,Engine Cooling System,Pump wear,arm movement slow after hydraulic oil warms,blocked cooler core,checked accumulator pre-charge and restored it to service specification,Hydraulic hose,TECH-0324,2.78,6.78,63485.0,2220.96,65705.96,Completed - Monitor
MR-00532,SR-00532,EQ-0085,Hydraulic Excavator,35T Class Excavator,SITE-02,2024-01-05,Inspection,Low,16275,Engine Cooling System,Low pilot pressure,swing movement is slow,damaged hydraulic hose,checked pump output and inspected for internal leakage,Cooler gasket set,TECH-0404,9.38,3.9,39326.27,4376.97,43703.24,Completed - Monitor
MR-00533,SR-00533,EQ-0194,Hydraulic Excavator,35T Class Excavator,SITE-04,2025-01-19,Corrective,High,4252,Hydraulic Line,Accumulator pressure loss,filter restriction indicator activated,high oil temperature,checked pressure and flow at operating temperature,Pump seal kit,TECH-0862,3.52,6.21,50069.36,3585.96,53655.32,Completed
MR-00534,SR-00534,EQ-0073,Hydraulic Excavator,30T Class Excavator,SITE-01,2025-10-03,Corrective,Medium,6408,Pilot Valve,Accumulator pressure loss,arm movement slow after hydraulic oil warms,damaged cylinder seal,replaced restricted hydraulic filter and checked contamination source,Cooler gasket set,TECH-0232,7.34,6.79,9949.52,4756.03,14705.55,Completed - Monitor
MR-00535,SR-00535,EQ-0231,Hydraulic Excavator,30T Class Excavator,SITE-08,2022-06-27,Corrective,High,14432,Swing Motor,Oil contamination,reduced digging force,high oil temperature,tested pilot pressure and inspected pilot circuit,Hydraulic filter,TECH-0894,10.97,1.66,45991.28,6749.22,52740.5,Completed
MR-00536,SR-00536,EQ-0142,Hydraulic Excavator,45T Class Excavator,SITE-05,2025-12-09,Corrective,High,12579,Hydraulic Cooler,Pump wear,bucket cylinder leaking externally,degraded hydraulic fluid,replaced damaged seal kit and performed leak test,No replacement part,TECH-0851,12.95,1.44,53452.63,6671.77,60124.4,Completed
MR-00537,SR-00537,EQ-0104,Hydraulic Excavator,30T Class Excavator,SITE-04,2026-05-21,Inspection,High,11223,Hydraulic Line,Oil contamination,bucket will not open normally,loss of accumulator pre-charge,inspected suction line for air ingress and corrected the connection,Return filter element,TECH-0094,13.84,9.85,52147.85,13591.87,65739.72,Closed
MR-00538,SR-00538,EQ-0071,Wheel Loader,25T Class Wheel Loader,SITE-05,2025-01-02,Inspection,High,17920,Hydraulic Hose,Accumulator pressure loss,bucket cylinder leaking externally,loss of accumulator pre-charge,inspected valve spool movement and cleaned the valve assembly,Hydraulic hose,TECH-0686,1.06,4.96,11303.89,907.54,12211.43,Completed
MR-00539,SR-00539,EQ-0163,Hydraulic Excavator,20T Class Excavator,SITE-02,2023-10-16,Corrective,Medium,7108,Swing Motor,Cylinder seal wear,filter restriction indicator activated,damaged cylinder seal,"drained contaminated oil, flushed circuit and refilled with filtered oil",Pump seal kit,TECH-0716,13.39,5.08,50010.52,7622.29,57632.81,Completed
MR-00540,SR-00540,EQ-0153,Motor Grader,16M Class Grader,SITE-04,2025-04-25,Preventive,High,5196,Swing Motor,Hose failure,hydraulic flow is low at operating temperature,restricted return filter,inspected suction line for air ingress and corrected the connection,Return filter element,TECH-0667,6.7,0.25,1590.51,4877.69,6468.2,Completed
MR-00541,SR-00541,EQ-0213,Wheel Loader,25T Class Wheel Loader,SITE-06,2024-06-25,Condition-Based,High,10656,Fuel System,Accumulator pressure loss,travel function loses power on incline,restricted return filter,"drained contaminated oil, flushed circuit and refilled with filtered oil",Pump seal kit,TECH-0465,1.75,1.76,28700.42,1263.47,29963.89,Completed
MR-00542,SR-00542,EQ-0035,Hydraulic Excavator,45T Class Excavator,SITE-08,2022-11-11,Corrective,Medium,13410,Hydraulic Cooler,Hose failure,hydraulic flow is low at operating temperature,damaged hydraulic hose,checked accumulator pre-charge and restored it to service specification,Accumulator charging kit,TECH-0573,12.88,4.52,36514.62,10521.04,47035.66,Completed
MR-00543,SR-00543,EQ-0094,Backhoe Loader,Heavy-Duty Backhoe Loader,SITE-01,2022-11-10,Corrective,Medium,17678,Hydraulic Tank,Hose failure,visible oil leak near hydraulic line,degraded hydraulic fluid,replaced damaged hose and pressure-tested the circuit,Hydraulic filter,TECH-0413,15.41,2.25,61536.58,7286.82,68823.4,Follow-up Required
MR-00544,SR-00544,EQ-0052,Wheel Loader,20T Class Wheel Loader,SITE-01,2024-12-05,Corrective,Low,3583,Swing Motor,Internal leakage,reduced digging force,degraded hydraulic fluid,cleaned cooler and verified hydraulic oil temperature,Hydraulic hose,TECH-0794,6.34,4.71,12704.29,3652.91,16357.2,Completed
MR-00545,SR-00545,EQ-0069,Hydraulic Excavator,20T Class Excavator,SITE-02,2026-05-22,Corrective,High,2510,Hydraulic Line,Pump wear,filter restriction indicator activated,blocked cooler core,tested pilot pressure and inspected pilot circuit,No replacement part,TECH-0401,9.33,0.25,29848.2,9064.13,38912.33,Completed - Monitor
MR-00546,SR-00546,EQ-0235,Hydraulic Excavator,30T Class Excavator,SITE-07,2022-10-27,Corrective,Medium,17760,Hydraulic Pump,Overheating,travel function loses power on incline,loss of accumulator pre-charge,replaced damaged seal kit and performed leak test,Return filter element,TECH-0417,9.8,4.47,60954.84,5009.1,65963.94,Completed
MR-00547,SR-00547,EQ-0232,Hydraulic Excavator,45T Class Excavator,SITE-08,2023-11-01,Preventive,High,7039,Travel Motor,Cylinder seal wear,visible oil leak near hydraulic line,air entering suction line,replaced restricted hydraulic filter and checked contamination source,Hydraulic hose,TECH-0371,12.19,4.56,15547.65,10407.24,25954.89,Completed
MR-00548,SR-00548,EQ-0109,Backhoe Loader,4WD Backhoe Loader,SITE-06,2022-11-10,Preventive,High,8979,Swing Motor,Hose failure,boom movement slow under load,restricted hydraulic line,inspected valve spool movement and cleaned the valve assembly,Pilot filter,TECH-0297,5.55,7.51,48432.61,2972.72,51405.33,Completed - Monitor
MR-00549,SR-00549,EQ-0055,Hydraulic Excavator,20T Class Excavator,SITE-01,2023-09-21,Preventive,High,6548,Hydraulic Cooler,Cooler restriction,hydraulic oil appears contaminated,worn pump components,replaced damaged seal kit and performed leak test,No replacement part,TECH-0261,9.96,6.99,5869.14,10689.38,16558.52,Closed
MR-00550,SR-00550,EQ-0195,Hydraulic Excavator,20T Class Excavator,SITE-04,2022-09-19,Condition-Based,Medium,5080,Hydraulic Tank,Pump wear,arm movement slow after hydraulic oil warms,contaminated hydraulic oil,"drained contaminated oil, flushed circuit and refilled with filtered oil",Hydraulic line fittings,TECH-0301,11.6,7.64,12848.41,6499.51,19347.92,Completed
MR-00551,SR-00551,EQ-0136,Backhoe Loader,Heavy-Duty Backhoe Loader,SITE-03,2022-09-06,Corrective,Low,7119,Hydraulic Cooler,Restricted flow,pilot pressure below expected range,worn pump components,tested pilot pressure and inspected pilot circuit,Pump seal kit,TECH-0261,12.2,7.3,44113.81,10410.9,54524.71,Closed
MR-00552,SR-00552,EQ-0191,Hydraulic Excavator,45T Class Excavator,SITE-07,2026-05-30,Inspection,Medium,9837,Engine Cooling System,Line restriction,travel function loses power on incline,internal cylinder leakage,checked pressure and flow at operating temperature,Accumulator charging kit,TECH-0508,3.12,3.13,26341.85,2871.88,29213.73,Completed
MR-00553,SR-00553,EQ-0014,Wheel Loader,25T Class Wheel Loader,SITE-04,2023-10-18,Corrective,Critical,5154,Accumulator,Restricted flow,pilot pressure below expected range,damaged cylinder seal,"drained contaminated oil, flushed circuit and refilled with filtered oil",Hydraulic hose,TECH-0901,13.1,9.85,14449.07,11619.72,26068.79,Completed
MR-00554,SR-00554,EQ-0154,Wheel Loader,25T Class Wheel Loader,SITE-05,2025-06-06,Corrective,Medium,6620,Hydraulic Tank,Air ingress,travel function loses power on incline,low pilot supply pressure,cleaned cooler and verified hydraulic oil temperature,Pump seal kit,TECH-0304,7.69,0.87,47125.36,6498.62,53623.98,Completed
MR-00555,SR-00555,EQ-0209,Motor Grader,14M Class Grader,SITE-04,2024-03-13,Corrective,High,1865,Engine Cooling System,Filter blockage,travel function loses power on incline,damaged cylinder seal,replaced restricted hydraulic filter and checked contamination source,Pilot filter,TECH-0316,9.38,0.82,998.86,7997.28,8996.14,Completed
MR-00556,SR-00556,EQ-0138,Wheel Loader,25T Class Wheel Loader,SITE-01,2024-05-29,Condition-Based,Medium,6262,Engine Cooling System,Air ingress,hydraulic flow is low at operating temperature,loss of accumulator pre-charge,checked pressure and flow at operating temperature,Return filter element,TECH-0073,5.02,5.38,37630.3,5176.78,42807.08,Completed - Monitor
MR-00557,SR-00557,EQ-0240,Hydraulic Excavator,30T Class Excavator,SITE-06,2026-04-17,Inspection,Medium,16560,Hydraulic Hose,Filter blockage,pump noise increases during operation,loss of accumulator pre-charge,"drained contaminated oil, flushed circuit and refilled with filtered oil",Hydraulic oil,TECH-0006,11.16,4.27,52524.25,9135.48,61659.73,Completed
MR-00558,SR-00558,EQ-0211,Motor Grader,14M Class Grader,SITE-07,2023-07-16,Condition-Based,Low,10750,Engine Cooling System,Cylinder seal wear,reduced digging force,high oil temperature,checked pump output and inspected for internal leakage,Hydraulic oil,TECH-0826,4.93,5.33,58418.87,4880.1,63298.97,Completed
MR-00559,SR-00559,EQ-0084,Hydraulic Excavator,20T Class Excavator,SITE-06,2025-12-01,Corrective,High,5392,Hydraulic Tank,Cylinder seal wear,bucket cylinder leaking externally,damaged cylinder seal,replaced damaged hose and pressure-tested the circuit,Valve O-rings,TECH-0216,14.88,0.41,17243.99,15991.28,33235.27,Completed
MR-00560,SR-00560,EQ-0093,Hydraulic Excavator,45T Class Excavator,SITE-05,2023-02-14,Corrective,Medium,2674,Accumulator,Filter blockage,hydraulic flow is low at operating temperature,air entering suction line,checked accumulator pre-charge and restored it to service specification,Pilot filter,TECH-0596,11.69,6.61,48622.84,7105.56,55728.4,Completed
MR-00561,SR-00561,EQ-0041,Wheel Loader,20T Class Wheel Loader,SITE-06,2024-03-08,Corrective,Low,8373,Boom Cylinder,Internal leakage,pump noise increases during operation,loss of accumulator pre-charge,tested pilot pressure and inspected pilot circuit,Hydraulic hose,TECH-0331,14.18,1.94,2341.83,13658.03,15999.86,Completed - Monitor
MR-00562,SR-00562,EQ-0224,Hydraulic Excavator,35T Class Excavator,SITE-02,2024-05-08,Condition-Based,High,17988,Bucket Cylinder,External leakage,hydraulic oil temperature rises during continuous operation,damaged hydraulic hose,cleaned cooler and verified hydraulic oil temperature,Cylinder seal kit,TECH-0604,11.43,3.69,58923.33,7700.83,66624.16,Completed
MR-00563,SR-00563,EQ-0090,Hydraulic Excavator,30T Class Excavator,SITE-01,2025-06-29,Corrective,Medium,14780,Pilot Valve,Filter blockage,hydraulic flow is low at operating temperature,loss of accumulator pre-charge,checked pressure and flow at operating temperature,No replacement part,TECH-0266,6.03,0.25,30519.7,5354.46,35874.16,Completed
MR-00564,SR-00564,EQ-0014,Wheel Loader,25T Class Wheel Loader,SITE-04,2022-08-06,Corrective,Medium,12727,Hydraulic Pump,Hose failure,hydraulic oil appears contaminated,contaminated hydraulic oil,inspected hydraulic circuit and isolated the affected component,Cylinder seal kit,TECH-0266,14.36,3.78,34611.83,9442.39,44054.22,Completed - Monitor
MR-00565,SR-00565,EQ-0080,Crawler Dozer,35T Class Dozer,SITE-01,2023-06-11,Corrective,High,11954,Main Control Valve,Low pilot pressure,boom movement slow under load,restricted hydraulic line,inspected suction line for air ingress and corrected the connection,Cylinder seal kit,TECH-0097,6.12,5.51,45990.75,2990.41,48981.16,Closed
MR-00566,SR-00566,EQ-0072,Crawler Dozer,25T Class Dozer,SITE-06,2022-09-23,Preventive,Critical,2152,Hydraulic Line,Restricted flow,reduced digging force,damaged hydraulic hose,cleaned cooler and verified hydraulic oil temperature,Accumulator charging kit,TECH-0076,3.44,5.74,60327.04,3086.49,63413.53,Completed
MR-00567,SR-00567,EQ-0184,Hydraulic Excavator,30T Class Excavator,SITE-04,2022-08-04,Corrective,Medium,5638,Fuel System,Overheating,hydraulic oil appears contaminated,blocked cooler core,checked pump output and inspected for internal leakage,Cylinder seal kit,TECH-0602,12.2,7.04,40497.62,8865.79,49363.41,Completed
MR-00568,SR-00568,EQ-0162,Hydraulic Excavator,45T Class Excavator,SITE-01,2026-06-10,Condition-Based,Low,16751,Swing Motor,Oil contamination,pilot pressure below expected range,damaged hydraulic hose,replaced restricted hydraulic filter and checked contamination source,Hydraulic hose,TECH-0047,2.38,5.2,2271.84,1981.96,4253.8,Closed
MR-00569,SR-00569,EQ-0149,Hydraulic Excavator,20T Class Excavator,SITE-06,2026-04-11,Preventive,Medium,13524,Hydraulic Filter,Hose failure,travel function loses power on incline,internal cylinder leakage,"drained contaminated oil, flushed circuit and refilled with filtered oil",Hydraulic hose,TECH-0228,11.41,4.36,38953.15,9963.27,48916.42,Completed
MR-00570,SR-00570,EQ-0209,Motor Grader,14M Class Grader,SITE-04,2026-03-16,Preventive,High,13861,Hydraulic Pump,Pump wear,pump noise increases during operation,restricted hydraulic line,inspected hydraulic circuit and isolated the affected component,Pump seal kit,TECH-0202,11.75,3.79,23616.03,5309.34,28925.37,Completed
MR-00571,SR-00571,EQ-0157,Hydraulic Excavator,30T Class Excavator,SITE-05,2023-04-04,Corrective,Medium,3077,Hydraulic Hose,Cooler restriction,hydraulic response is jerky,sticking spool valve,inspected valve spool movement and cleaned the valve assembly,Return filter element,TECH-0752,4.01,0.25,7041.36,3892.37,10933.73,Completed
MR-00572,SR-00572,EQ-0069,Hydraulic Excavator,20T Class Excavator,SITE-02,2024-07-11,Corrective,High,14948,Swing Motor,Internal leakage,pilot pressure below expected range,loss of accumulator pre-charge,inspected hydraulic circuit and isolated the affected component,Accumulator charging kit,TECH-0668,6.08,0.25,43326.28,3835.7,47161.98,Completed
MR-00573,SR-00573,EQ-0141,Wheel Loader,25T Class Wheel Loader,SITE-01,2024-07-27,Corrective,Medium,8575,Travel Motor,Valve sticking,pump noise increases during operation,contaminated hydraulic oil,checked accumulator pre-charge and restored it to service specification,Pilot filter,TECH-0557,8.53,5.44,39696.62,7998.62,47695.24,Follow-up Required
MR-00574,SR-00574,EQ-0051,Backhoe Loader,4WD Backhoe Loader,SITE-08,2025-06-14,Corrective,Medium,14772,Fuel System,Low pilot pressure,hydraulic response is jerky,sticking spool valve,replaced restricted hydraulic filter and checked contamination source,Cooler gasket set,TECH-0331,11.9,2.31,41367.12,9410.68,50777.8,Completed
MR-00575,SR-00575,EQ-0177,Crawler Dozer,25T Class Dozer,SITE-03,2024-03-22,Corrective,Low,7571,Bucket Cylinder,Pump wear,arm movement slow after hydraulic oil warms,contaminated hydraulic oil,inspected hydraulic circuit and isolated the affected component,Valve O-rings,TECH-0922,0.81,5.94,9351.84,628.25,9980.09,Completed - Monitor
MR-00576,SR-00576,EQ-0041,Wheel Loader,20T Class Wheel Loader,SITE-06,2022-02-27,Preventive,Medium,16430,Swing Motor,Cylinder seal wear,travel function loses power on incline,internal cylinder leakage,replaced restricted hydraulic filter and checked contamination source,Return filter element,TECH-0209,12.54,2.56,37995.58,13014.06,51009.64,Completed
MR-00577,SR-00577,EQ-0067,Hydraulic Excavator,30T Class Excavator,SITE-03,2025-12-26,Inspection,Low,10742,Hydraulic Tank,Overheating,reduced digging force,contaminated hydraulic oil,checked accumulator pre-charge and restored it to service specification,Hydraulic oil,TECH-0694,3.32,6.02,52662.85,1527.33,54190.18,Completed - Monitor
MR-00578,SR-00578,EQ-0156,Wheel Loader,20T Class Wheel Loader,SITE-06,2023-04-23,Condition-Based,Medium,5801,Hydraulic Pump,Internal leakage,travel function loses power on incline,contaminated hydraulic oil,checked pressure and flow at operating temperature,Cooler gasket set,TECH-0537,2.06,5.63,28490.64,1981.69,30472.33,Closed
MR-00579,SR-00579,EQ-0135,Crawler Dozer,35T Class Dozer,SITE-01,2023-01-28,Condition-Based,Medium,12325,Pilot Valve,Cylinder seal wear,arm movement slow after hydraulic oil warms,damaged cylinder seal,cleaned cooler and verified hydraulic oil temperature,No replacement part,TECH-0017,2.28,7.96,63443.71,1482.6,64926.31,Completed
MR-00580,SR-00580,EQ-0100,Crawler Dozer,35T Class Dozer,SITE-07,2022-06-19,Inspection,Medium,2902,Hydraulic Line,Overheating,visible oil leak near hydraulic line,loss of accumulator pre-charge,replaced restricted hydraulic filter and checked contamination source,Cylinder seal kit,TECH-0651,1.02,0.25,48866.69,1086.74,49953.43,Completed
MR-00581,SR-00581,EQ-0040,Crawler Dozer,35T Class Dozer,SITE-04,2026-06-25,Corrective,High,15137,Arm Cylinder,Overheating,reduced digging force,blocked cooler core,replaced restricted hydraulic filter and checked contamination source,Pilot filter,TECH-0926,6.02,2.84,7822.53,4641.9,12464.43,Completed
MR-00582,SR-00582,EQ-0182,Motor Grader,16M Class Grader,SITE-02,2025-03-26,Corrective,Medium,5062,Boom Cylinder,Cylinder seal wear,bucket cylinder leaking externally,blocked cooler core,inspected valve spool movement and cleaned the valve assembly,Hydraulic filter,TECH-0558,8.33,4.95,30482.28,5185.21,35667.49,Completed
MR-00583,SR-00583,EQ-0187,Wheel Loader,25T Class Wheel Loader,SITE-04,2026-07-15,Corrective,Medium,1897,Main Control Valve,Filter blockage,reduced digging force,degraded hydraulic fluid,replaced damaged hose and pressure-tested the circuit,Pump seal kit,TECH-0272,13.79,8.28,46792.87,14798.42,61591.29,Completed
MR-00584,SR-00584,EQ-0029,Hydraulic Excavator,20T Class Excavator,SITE-01,2024-09-14,Corrective,Low,2042,Travel Motor,Restricted flow,arm movement slow after hydraulic oil warms,contaminated hydraulic oil,inspected suction line for air ingress and corrected the connection,Cylinder seal kit,TECH-0268,4.03,1.42,831.3,4431.63,5262.93,Completed
MR-00585,SR-00585,EQ-0008,Hydraulic Excavator,20T Class Excavator,SITE-08,2024-04-29,Corrective,High,13772,Hydraulic Filter,Line restriction,filter restriction indicator activated,degraded hydraulic fluid,checked pressure and flow at operating temperature,Hydraulic hose,TECH-0713,0.82,6.12,46681.01,670.41,47351.42,Completed
MR-00586,SR-00586,EQ-0177,Crawler Dozer,25T Class Dozer,SITE-03,2022-12-04,Preventive,High,16542,Travel Motor,External leakage,boom movement slow under load,damaged hydraulic hose,inspected hydraulic circuit and isolated the affected component,Pump seal kit,TECH-0668,2.17,5.54,31257.01,1567.27,32824.28,Completed
MR-00587,SR-00587,EQ-0126,Hydraulic Excavator,20T Class Excavator,SITE-08,2026-06-14,Preventive,Medium,13799,Hydraulic Cooler,Cooler restriction,bucket will not open normally,restricted hydraulic line,replaced damaged hose and pressure-tested the circuit,Pump seal kit,TECH-0319,2.44,1.18,21937.87,2581.81,24519.68,Completed
MR-00588,SR-00588,EQ-0177,Crawler Dozer,25T Class Dozer,SITE-03,2024-06-24,Preventive,Medium,11746,Fuel System,Air ingress,pump noise increases during operation,damaged cylinder seal,checked pump output and inspected for internal leakage,Return filter element,TECH-0146,5.77,8.41,12436.11,6318.53,18754.64,Closed
MR-00589,SR-00589,EQ-0044,Wheel Loader,25T Class Wheel Loader,SITE-02,2022-07-24,Inspection,Low,18287,Hydraulic Hose,Valve sticking,hydraulic flow is low at operating temperature,degraded hydraulic fluid,replaced restricted hydraulic filter and checked contamination source,No replacement part,TECH-0806,6.44,4.73,26529.22,6963.96,33493.18,Completed
MR-00590,SR-00590,EQ-0115,Crawler Dozer,25T Class Dozer,SITE-05,2026-06-04,Corrective,High,14255,Hydraulic Filter,External leakage,hydraulic oil appears contaminated,sticking spool valve,replaced damaged seal kit and performed leak test,Valve O-rings,TECH-0676,14.46,1.17,41719.82,13859.5,55579.32,Completed
MR-00591,SR-00591,EQ-0087,Hydraulic Excavator,30T Class Excavator,SITE-05,2026-02-09,Corrective,Critical,7595,Hydraulic Hose,Pump wear,reduced digging force,restricted hydraulic line,tested pilot pressure and inspected pilot circuit,Return filter element,TECH-0825,10.36,1.76,44364.86,9883.67,54248.53,Closed
MR-00592,SR-00592,EQ-0044,Wheel Loader,25T Class Wheel Loader,SITE-02,2025-11-29,Condition-Based,High,16583,Hydraulic Cooler,Internal leakage,bucket cylinder leaking externally,restricted hydraulic line,replaced restricted hydraulic filter and checked contamination source,Hydraulic line fittings,TECH-0287,3.29,4.49,27814.73,3496.98,31311.71,Completed
MR-00593,SR-00593,EQ-0069,Hydraulic Excavator,20T Class Excavator,SITE-02,2023-07-01,Corrective,High,14176,Bucket Cylinder,Internal leakage,reduced digging force,internal cylinder leakage,cleaned cooler and verified hydraulic oil temperature,Hydraulic hose,TECH-0952,2.08,6.92,40358.3,2102.47,42460.77,Closed
MR-00594,SR-00594,EQ-0092,Wheel Loader,25T Class Wheel Loader,SITE-06,2026-06-13,Corrective,Low,4681,Accumulator,Hose failure,pilot pressure below expected range,damaged hydraulic hose,inspected hydraulic circuit and isolated the affected component,No replacement part,TECH-0223,11.93,5.34,26299.37,10370.63,36670.0,Completed
MR-00595,SR-00595,EQ-0060,Motor Grader,14M Class Grader,SITE-08,2022-04-08,Inspection,Medium,11287,Hydraulic Line,Internal leakage,travel function loses power on incline,contaminated hydraulic oil,tested pilot pressure and inspected pilot circuit,Hydraulic hose,TECH-0210,4.19,6.32,57733.52,3844.39,61577.91,Completed
MR-00596,SR-00596,EQ-0030,Hydraulic Excavator,35T Class Excavator,SITE-02,2023-08-16,Inspection,Medium,5514,Hydraulic Tank,Cylinder seal wear,visible oil leak near hydraulic line,restricted hydraulic line,inspected suction line for air ingress and corrected the connection,Cooler gasket set,TECH-0346,10.14,3.34,45206.09,9181.49,54387.58,Completed
MR-00597,SR-00597,EQ-0088,Backhoe Loader,4WD Backhoe Loader,SITE-03,2023-02-13,Corrective,Medium,3218,Hydraulic Pump,Line restriction,hydraulic oil temperature rises during continuous operation,damaged cylinder seal,"drained contaminated oil, flushed circuit and refilled with filtered oil",Return filter element,TECH-0469,4.75,3.49,47032.15,3924.96,50957.11,Completed
MR-00598,SR-00598,EQ-0051,Backhoe Loader,4WD Backhoe Loader,SITE-08,2024-09-09,Condition-Based,Medium,10570,Boom Cylinder,Oil contamination,hydraulic flow is low at operating temperature,restricted hydraulic line,tested pilot pressure and inspected pilot circuit,Return filter element,TECH-0344,10.83,10.84,14762.94,5462.12,20225.06,Completed
MR-00599,SR-00599,EQ-0115,Crawler Dozer,25T Class Dozer,SITE-05,2022-12-04,Corrective,High,10589,Engine Cooling System,Cooler restriction,travel function loses power on incline,loss of accumulator pre-charge,checked pump output and inspected for internal leakage,Pump seal kit,TECH-0245,3.95,4.66,44867.14,3593.4,48460.54,Follow-up Required
MR-00600,SR-00600,EQ-0178,Crawler Dozer,35T Class Dozer,SITE-04,2025-09-24,Condition-Based,High,4205,Accumulator,Pump wear,pump noise increases during operation,low pilot supply pressure,inspected suction line for air ingress and corrected the connection,Hydraulic oil,TECH-0249,13.42,0.53,19676.97,8312.61,27989.58,Closed
MR-00601,SR-00601,EQ-0177,Crawler Dozer,25T Class Dozer,SITE-03,2022-12-21,Corrective,Medium,12387,Hydraulic Pump,External leakage,arm movement slow after hydraulic oil warms,degraded hydraulic fluid,inspected valve spool movement and cleaned the valve assembly,Valve O-rings,TECH-0519,7.84,0.99,58544.48,7464.99,66009.47,Completed - Monitor
MR-00602,SR-00602,EQ-0236,Wheel Loader,20T Class Wheel Loader,SITE-07,2025-06-11,Inspection,Medium,15144,Hydraulic Filter,Line restriction,pump noise increases during operation,sticking spool valve,checked accumulator pre-charge and restored it to service specification,Valve O-rings,TECH-0595,9.83,8.3,22583.49,10482.2,33065.69,Completed
MR-00603,SR-00603,EQ-0117,Wheel Loader,20T Class Wheel Loader,SITE-01,2026-07-18,Corrective,High,3037,Hydraulic Hose,Internal leakage,travel function loses power on incline,damaged hydraulic hose,replaced damaged seal kit and performed leak test,Valve O-rings,TECH-0029,6.06,0.25,4089.52,3547.52,7637.04,Completed - Monitor
MR-00604,SR-00604,EQ-0207,Hydraulic Excavator,30T Class Excavator,SITE-01,2025-01-05,Corrective,Medium,2361,Hydraulic Hose,Oil contamination,reduced digging force,loss of accumulator pre-charge,inspected hydraulic circuit and isolated the affected component,Cylinder seal kit,TECH-0936,1.24,2.49,19890.44,875.1,20765.54,Completed
MR-00605,SR-00605,EQ-0215,Hydraulic Excavator,45T Class Excavator,SITE-02,2025-04-22,Preventive,Medium,13427,Hydraulic Tank,Cooler restriction,arm movement slow after hydraulic oil warms,sticking spool valve,inspected hydraulic circuit and isolated the affected component,Pump seal kit,TECH-0695,14.01,5.44,54692.2,11136.41,65828.61,Completed - Monitor
MR-00606,SR-00606,EQ-0006,Hydraulic Excavator,20T Class Excavator,SITE-05,2025-09-25,Corrective,Critical,15868,Bucket Cylinder,External leakage,pump noise increases during operation,internal cylinder leakage,inspected suction line for air ingress and corrected the connection,Hydraulic hose,TECH-0035,10.16,7.13,57436.01,6556.56,63992.57,Completed
MR-00607,SR-00607,EQ-0146,Hydraulic Excavator,20T Class Excavator,SITE-01,2025-05-16,Preventive,High,4682,Travel Motor,Oil contamination,filter restriction indicator activated,restricted return filter,replaced damaged hose and pressure-tested the circuit,Pump seal kit,TECH-0864,15.14,3.04,23775.18,8774.5,32549.68,Follow-up Required
MR-00608,SR-00608,EQ-0053,Hydraulic Excavator,20T Class Excavator,SITE-06,2023-01-26,Corrective,Medium,11741,Bucket Cylinder,Cylinder seal wear,bucket will not open normally,restricted hydraulic line,checked pressure and flow at operating temperature,Accumulator charging kit,TECH-0014,13.4,4.71,57661.1,13939.75,71600.85,Follow-up Required
MR-00609,SR-00609,EQ-0106,Hydraulic Excavator,30T Class Excavator,SITE-04,2024-06-10,Preventive,High,17390,Fuel System,Restricted flow,visible oil leak near hydraulic line,damaged cylinder seal,tested pilot pressure and inspected pilot circuit,Hydraulic filter,TECH-0624,12.83,8.68,26474.7,6340.71,32815.41,Closed
MR-00610,SR-00610,EQ-0165,Wheel Loader,25T Class Wheel Loader,SITE-03,2025-06-11,Corrective,Low,7858,Main Control Valve,External leakage,pump noise increases during operation,low pilot supply pressure,inspected suction line for air ingress and corrected the connection,Hydraulic filter,TECH-0034,9.84,1.73,61650.27,5549.62,67199.89,Completed
MR-00611,SR-00611,EQ-0040,Crawler Dozer,35T Class Dozer,SITE-04,2024-10-13,Corrective,Medium,5927,Hydraulic Tank,Cooler restriction,swing movement is slow,restricted hydraulic line,replaced restricted hydraulic filter and checked contamination source,Pilot filter,TECH-0781,9.25,5.76,47381.41,7577.24,54958.65,Completed
MR-00612,SR-00612,EQ-0078,Hydraulic Excavator,20T Class Excavator,SITE-08,2022-12-21,Corrective,High,15250,Hydraulic Pump,Pump wear,swing movement is slow,degraded hydraulic fluid,inspected valve spool movement and cleaned the valve assembly,Pilot filter,TECH-0428,7.42,4.7,37136.76,4491.19,41627.95,Completed
MR-00613,SR-00613,EQ-0131,Wheel Loader,20T Class Wheel Loader,SITE-01,2026-05-25,Corrective,High,16051,Fuel System,Valve sticking,bucket cylinder leaking externally,degraded hydraulic fluid,cleaned cooler and verified hydraulic oil temperature,No replacement part,TECH-0434,3.55,6.81,63954.91,1821.44,65776.35,Closed
MR-00614,SR-00614,EQ-0027,Wheel Loader,25T Class Wheel Loader,SITE-07,2022-01-25,Corrective,Medium,17856,Hydraulic Hose,Pump wear,hydraulic oil appears contaminated,low pilot supply pressure,checked accumulator pre-charge and restored it to service specification,Cylinder seal kit,TECH-0096,6.68,8.04,11257.42,6050.94,17308.36,Completed
MR-00615,SR-00615,EQ-0127,Hydraulic Excavator,20T Class Excavator,SITE-06,2025-01-09,Inspection,Low,17817,Accumulator,Cylinder seal wear,hydraulic oil temperature rises during continuous operation,damaged cylinder seal,inspected valve spool movement and cleaned the valve assembly,Hydraulic line fittings,TECH-0142,1.41,7.57,18165.04,1243.75,19408.79,Completed
MR-00616,SR-00616,EQ-0203,Backhoe Loader,4WD Backhoe Loader,SITE-01,2023-04-10,Corrective,Medium,12297,Engine Cooling System,Internal leakage,arm movement slow after hydraulic oil warms,damaged hydraulic hose,replaced damaged hose and pressure-tested the circuit,Hydraulic hose,TECH-0210,1.52,0.25,52507.8,989.47,53497.27,Completed
MR-00617,SR-00617,EQ-0195,Hydraulic Excavator,20T Class Excavator,SITE-04,2025-01-05,Corrective,Medium,12637,Main Control Valve,Cooler restriction,reduced digging force,worn pump components,cleaned cooler and verified hydraulic oil temperature,Pilot filter,TECH-0464,7.3,6.43,10347.15,7849.04,18196.19,Completed
MR-00618,SR-00618,EQ-0046,Hydraulic Excavator,20T Class Excavator,SITE-08,2025-07-15,Corrective,Medium,5310,Hydraulic Filter,External leakage,hydraulic response is jerky,loss of accumulator pre-charge,checked accumulator pre-charge and restored it to service specification,No replacement part,TECH-0895,11.5,4.15,58441.04,12383.21,70824.25,Completed
MR-00619,SR-00619,EQ-0151,Hydraulic Excavator,20T Class Excavator,SITE-08,2026-06-20,Preventive,Medium,4157,Hydraulic Pump,Valve sticking,arm movement slow after hydraulic oil warms,sticking spool valve,checked pump output and inspected for internal leakage,Hydraulic line fittings,TECH-0593,8.33,2.49,41319.46,4535.02,45854.48,Completed
MR-00620,SR-00620,EQ-0146,Hydraulic Excavator,20T Class Excavator,SITE-01,2022-07-09,Condition-Based,Medium,5740,Swing Motor,Line restriction,swing movement is slow,degraded hydraulic fluid,replaced restricted hydraulic filter and checked contamination source,No replacement part,TECH-0762,11.05,7.19,601.18,9437.19,10038.37,Completed
MR-00621,SR-00621,EQ-0144,Crawler Dozer,35T Class Dozer,SITE-08,2025-01-24,Corrective,High,8552,Arm Cylinder,Oil contamination,arm movement slow after hydraulic oil warms,worn pump components,inspected suction line for air ingress and corrected the connection,Valve O-rings,TECH-0999,12.37,1.2,33914.63,12986.16,46900.79,Completed
MR-00622,SR-00622,EQ-0213,Wheel Loader,25T Class Wheel Loader,SITE-06,2024-05-01,Corrective,Medium,6368,Pilot Valve,Cylinder seal wear,boom movement slow under load,degraded hydraulic fluid,tested pilot pressure and inspected pilot circuit,Accumulator charging kit,TECH-0917,14.34,5.58,42000.56,14067.09,56067.65,Completed
MR-00623,SR-00623,EQ-0004,Hydraulic Excavator,35T Class Excavator,SITE-03,2024-08-31,Corrective,Medium,5166,Main Control Valve,Overheating,bucket will not open normally,sticking spool valve,checked accumulator pre-charge and restored it to service specification,No replacement part,TECH-0350,6.43,3.79,31870.02,6422.39,38292.41,Closed
MR-00624,SR-00624,EQ-0236,Wheel Loader,20T Class Wheel Loader,SITE-07,2024-07-17,Preventive,High,17135,Main Control Valve,Filter blockage,hydraulic response is jerky,sticking spool valve,inspected valve spool movement and cleaned the valve assembly,No replacement part,TECH-0242,9.26,0.25,19461.87,5997.19,25459.06,Completed
MR-00625,SR-00625,EQ-0048,Hydraulic Excavator,30T Class Excavator,SITE-08,2024-04-16,Corrective,High,13169,Boom Cylinder,Air ingress,hydraulic oil appears contaminated,loss of accumulator pre-charge,cleaned cooler and verified hydraulic oil temperature,Return filter element,TECH-0154,7.4,4.72,64134.41,6794.95,70929.36,Completed
MR-00626,SR-00626,EQ-0171,Hydraulic Excavator,45T Class Excavator,SITE-07,2022-02-06,Inspection,Medium,13604,Pilot Valve,Oil contamination,arm movement slow after hydraulic oil warms,contaminated hydraulic oil,checked pressure and flow at operating temperature,Cylinder seal kit,TECH-0807,3.32,0.25,29919.87,3477.12,33396.99,Completed
MR-00627,SR-00627,EQ-0179,Hydraulic Excavator,35T Class Excavator,SITE-02,2022-05-07,Preventive,Medium,3903,Arm Cylinder,Low pilot pressure,hydraulic oil temperature rises during continuous operation,internal cylinder leakage,replaced damaged hose and pressure-tested the circuit,Hydraulic hose,TECH-0904,5.04,5.32,47381.1,2939.97,50321.07,Completed
MR-00628,SR-00628,EQ-0172,Hydraulic Excavator,35T Class Excavator,SITE-03,2023-03-09,Condition-Based,Medium,12054,Fuel System,Low pilot pressure,hydraulic oil appears contaminated,air entering suction line,cleaned cooler and verified hydraulic oil temperature,Pump seal kit,TECH-0743,12.34,7.93,64158.59,8436.82,72595.41,Completed
MR-00629,SR-00629,EQ-0144,Crawler Dozer,35T Class Dozer,SITE-08,2022-02-03,Inspection,Medium,7890,Bucket Cylinder,Overheating,travel function loses power on incline,low pilot supply pressure,checked accumulator pre-charge and restored it to service specification,Hydraulic line fittings,TECH-0215,13.12,6.55,36803.38,7764.36,44567.74,Follow-up Required
MR-00630,SR-00630,EQ-0149,Hydraulic Excavator,20T Class Excavator,SITE-06,2022-03-20,Corrective,High,8013,Hydraulic Hose,Valve sticking,hydraulic oil temperature rises during continuous operation,damaged hydraulic hose,tested pilot pressure and inspected pilot circuit,Hydraulic line fittings,TECH-0551,11.75,5.07,64081.36,7221.5,71302.86,Closed
MR-00631,SR-00631,EQ-0067,Hydraulic Excavator,30T Class Excavator,SITE-03,2024-10-13,Corrective,Medium,6455,Hydraulic Hose,Valve sticking,hydraulic oil appears contaminated,internal cylinder leakage,inspected suction line for air ingress and corrected the connection,Hydraulic oil,TECH-0730,3.29,3.0,49757.42,1738.71,51496.13,Completed
MR-00632,SR-00632,EQ-0130,Motor Grader,14M Class Grader,SITE-01,2025-10-16,Corrective,Medium,17427,Accumulator,Hose failure,travel function loses power on incline,damaged hydraulic hose,checked pressure and flow at operating temperature,Hydraulic hose,TECH-0092,2.12,0.25,2420.21,1744.41,4164.62,Completed
MR-00633,SR-00633,EQ-0035,Hydraulic Excavator,45T Class Excavator,SITE-08,2025-11-11,Corrective,Low,10144,Hydraulic Pump,Restricted flow,travel function loses power on incline,blocked cooler core,replaced damaged hose and pressure-tested the circuit,No replacement part,TECH-0293,5.97,5.65,60281.23,4614.35,64895.58,Completed
MR-00634,SR-00634,EQ-0053,Hydraulic Excavator,20T Class Excavator,SITE-06,2026-07-07,Inspection,Low,4113,Bucket Cylinder,Filter blockage,visible oil leak near hydraulic line,contaminated hydraulic oil,"drained contaminated oil, flushed circuit and refilled with filtered oil",Valve O-rings,TECH-0564,4.68,5.19,49061.41,3194.34,52255.75,Completed
MR-00635,SR-00635,EQ-0135,Crawler Dozer,35T Class Dozer,SITE-01,2024-10-12,Corrective,High,13556,Boom Cylinder,Restricted flow,boom movement slow under load,low pilot supply pressure,checked accumulator pre-charge and restored it to service specification,No replacement part,TECH-0679,3.04,6.03,20947.64,1470.24,22417.88,Completed
MR-00636,SR-00636,EQ-0010,Hydraulic Excavator,35T Class Excavator,SITE-02,2026-07-27,Corrective,High,4577,Travel Motor,Oil contamination,boom movement slow under load,damaged cylinder seal,"drained contaminated oil, flushed circuit and refilled with filtered oil",Pump seal kit,TECH-0251,8.46,4.88,46015.61,5415.19,51430.8,Completed
MR-00637,SR-00637,EQ-0144,Crawler Dozer,35T Class Dozer,SITE-08,2025-06-28,Corrective,Medium,3678,Engine Cooling System,Restricted flow,hydraulic oil temperature rises during continuous operation,internal cylinder leakage,tested pilot pressure and inspected pilot circuit,Accumulator charging kit,TECH-0330,10.29,0.25,62413.82,6497.5,68911.32,Completed
MR-00638,SR-00638,EQ-0089,Motor Grader,16M Class Grader,SITE-02,2025-10-31,Preventive,High,3989,Boom Cylinder,Cylinder seal wear,visible oil leak near hydraulic line,degraded hydraulic fluid,cleaned cooler and verified hydraulic oil temperature,Hydraulic oil,TECH-0383,11.37,0.6,44763.81,10020.96,54784.77,Completed
MR-00639,SR-00639,EQ-0172,Hydraulic Excavator,35T Class Excavator,SITE-03,2024-12-06,Corrective,Low,11138,Bucket Cylinder,External leakage,reduced digging force,worn pump components,checked pump output and inspected for internal leakage,Hydraulic filter,TECH-0542,6.85,7.73,52565.13,3736.02,56301.15,Completed
MR-00640,SR-00640,EQ-0087,Hydraulic Excavator,30T Class Excavator,SITE-05,2025-04-13,Corrective,High,15000,Accumulator,External leakage,visible oil leak near hydraulic line,blocked cooler core,cleaned cooler and verified hydraulic oil temperature,Cooler gasket set,TECH-0112,12.72,7.5,31899.62,6449.49,38349.11,Completed - Monitor
MR-00641,SR-00641,EQ-0212,Hydraulic Excavator,45T Class Excavator,SITE-01,2022-08-26,Corrective,Medium,3721,Main Control Valve,Valve sticking,arm movement slow after hydraulic oil warms,damaged cylinder seal,checked pump output and inspected for internal leakage,Return filter element,TECH-0627,12.03,3.16,32093.94,9544.78,41638.72,Follow-up Required
MR-00642,SR-00642,EQ-0027,Wheel Loader,25T Class Wheel Loader,SITE-07,2023-10-20,Condition-Based,Medium,4078,Hydraulic Hose,Low pilot pressure,hydraulic oil appears contaminated,damaged cylinder seal,"drained contaminated oil, flushed circuit and refilled with filtered oil",Hydraulic line fittings,TECH-0958,6.18,2.43,62030.21,3866.83,65897.04,Completed
MR-00643,SR-00643,EQ-0163,Hydraulic Excavator,20T Class Excavator,SITE-02,2024-10-03,Corrective,Medium,14917,Swing Motor,Hose failure,arm movement slow after hydraulic oil warms,restricted return filter,checked pump output and inspected for internal leakage,No replacement part,TECH-0796,15.02,4.39,5123.82,7743.34,12867.16,Completed
MR-00644,SR-00644,EQ-0103,Hydraulic Excavator,35T Class Excavator,SITE-06,2022-10-07,Corrective,Medium,17928,Hydraulic Cooler,Cooler restriction,visible oil leak near hydraulic line,low pilot supply pressure,inspected valve spool movement and cleaned the valve assembly,Pump seal kit,TECH-0952,3.09,3.38,17903.28,2653.91,20557.19,Completed
MR-00645,SR-00645,EQ-0182,Motor Grader,16M Class Grader,SITE-02,2024-03-21,Condition-Based,Medium,15425,Main Control Valve,Restricted flow,filter restriction indicator activated,internal cylinder leakage,inspected valve spool movement and cleaned the valve assembly,Valve O-rings,TECH-0394,2.33,6.06,42489.39,1798.91,44288.3,Completed
MR-00646,SR-00646,EQ-0169,Hydraulic Excavator,30T Class Excavator,SITE-07,2025-01-03,Condition-Based,High,17145,Travel Motor,Line restriction,travel function loses power on incline,air entering suction line,checked pump output and inspected for internal leakage,Cooler gasket set,TECH-0999,2.32,6.25,42033.48,1881.91,43915.39,Completed
MR-00647,SR-00647,EQ-0185,Hydraulic Excavator,20T Class Excavator,SITE-08,2026-03-13,Corrective,Medium,16735,Hydraulic Cooler,Cylinder seal wear,bucket will not open normally,damaged hydraulic hose,inspected valve spool movement and cleaned the valve assembly,Hydraulic oil,TECH-0676,12.33,7.09,2475.82,12964.61,15440.43,Follow-up Required
MR-00648,SR-00648,EQ-0165,Wheel Loader,25T Class Wheel Loader,SITE-03,2026-07-29,Corrective,Medium,5794,Arm Cylinder,Pump wear,pump noise increases during operation,restricted hydraulic line,inspected suction line for air ingress and corrected the connection,Pump seal kit,TECH-0573,7.38,5.57,2509.1,6254.45,8763.55,Closed
MR-00649,SR-00649,EQ-0160,Wheel Loader,20T Class Wheel Loader,SITE-06,2023-11-25,Preventive,Medium,11137,Hydraulic Cooler,Hose failure,pilot pressure below expected range,sticking spool valve,inspected hydraulic circuit and isolated the affected component,Hydraulic filter,TECH-0518,7.32,6.91,45177.52,6016.74,51194.26,Completed
MR-00650,SR-00650,EQ-0104,Hydraulic Excavator,30T Class Excavator,SITE-04,2025-05-17,Corrective,High,11597,Hydraulic Cooler,Air ingress,hydraulic response is jerky,high oil temperature,replaced damaged seal kit and performed leak test,No replacement part,TECH-0955,10.8,1.9,60434.71,11431.25,71865.96,Closed
MR-00651,SR-00651,EQ-0178,Crawler Dozer,35T Class Dozer,SITE-04,2025-06-26,Preventive,Medium,13270,Hydraulic Pump,Line restriction,pilot pressure below expected range,restricted return filter,checked accumulator pre-charge and restored it to service specification,No replacement part,TECH-0650,14.6,4.65,35902.0,13331.93,49233.93,Completed
MR-00652,SR-00652,EQ-0157,Hydraulic Excavator,30T Class Excavator,SITE-05,2026-01-12,Corrective,Medium,12616,Hydraulic Line,Cooler restriction,arm movement slow after hydraulic oil warms,blocked cooler core,"drained contaminated oil, flushed circuit and refilled with filtered oil",Cooler gasket set,TECH-0309,14.06,4.12,26185.25,9067.94,35253.19,Completed
MR-00653,SR-00653,EQ-0161,Hydraulic Excavator,45T Class Excavator,SITE-02,2022-10-30,Inspection,Medium,12238,Hydraulic Filter,External leakage,swing movement is slow,restricted return filter,cleaned cooler and verified hydraulic oil temperature,Pump seal kit,TECH-0255,12.88,3.99,15925.82,12191.69,28117.51,Completed
MR-00654,SR-00654,EQ-0194,Hydraulic Excavator,35T Class Excavator,SITE-04,2024-03-18,Corrective,Medium,11987,Boom Cylinder,Cylinder seal wear,arm movement slow after hydraulic oil warms,contaminated hydraulic oil,checked accumulator pre-charge and restored it to service specification,Return filter element,TECH-0627,15.16,6.22,30194.78,16290.52,46485.3,Completed
MR-00655,SR-00655,EQ-0056,Hydraulic Excavator,30T Class Excavator,SITE-07,2023-06-05,Corrective,High,10700,Fuel System,Filter blockage,boom movement slow under load,restricted hydraulic line,inspected hydraulic circuit and isolated the affected component,Hydraulic hose,TECH-0060,4.73,1.75,58220.59,2394.64,60615.23,Completed - Monitor
MR-00656,SR-00656,EQ-0080,Crawler Dozer,35T Class Dozer,SITE-01,2025-09-11,Condition-Based,Critical,4059,Bucket Cylinder,Hose failure,arm movement slow after hydraulic oil warms,restricted return filter,"drained contaminated oil, flushed circuit and refilled with filtered oil",Pump seal kit,TECH-0672,0.91,5.18,55936.82,567.97,56504.79,Completed
MR-00657,SR-00657,EQ-0220,Hydraulic Excavator,35T Class Excavator,SITE-05,2026-03-11,Corrective,High,9010,Accumulator,Pump wear,bucket will not open normally,damaged hydraulic hose,inspected valve spool movement and cleaned the valve assembly,Pump seal kit,TECH-0452,4.83,5.09,89.03,2529.07,2618.1,Completed
MR-00658,SR-00658,EQ-0197,Hydraulic Excavator,30T Class Excavator,SITE-01,2023-04-03,Corrective,Medium,15473,Hydraulic Line,Overheating,pump noise increases during operation,restricted hydraulic line,inspected suction line for air ingress and corrected the connection,Accumulator charging kit,TECH-0530,5.94,3.61,39874.28,4973.12,44847.4,Completed - Monitor
MR-00659,SR-00659,EQ-0155,Motor Grader,16M Class Grader,SITE-03,2024-03-12,Condition-Based,Critical,17023,Hydraulic Filter,Accumulator pressure loss,arm movement slow after hydraulic oil warms,restricted hydraulic line,inspected valve spool movement and cleaned the valve assembly,Hydraulic hose,TECH-0085,6.58,1.63,11888.75,6698.07,18586.82,Closed
MR-00660,SR-00660,EQ-0204,Hydraulic Excavator,35T Class Excavator,SITE-05,2025-07-29,Corrective,High,13671,Arm Cylinder,Internal leakage,bucket cylinder leaking externally,air entering suction line,tested pilot pressure and inspected pilot circuit,Hydraulic oil,TECH-0811,14.26,13.15,47655.3,9989.66,57644.96,Completed
MR-00661,SR-00661,EQ-0230,Motor Grader,16M Class Grader,SITE-07,2026-08-14,Condition-Based,Medium,14307,Hydraulic Filter,Overheating,reduced digging force,high oil temperature,cleaned cooler and verified hydraulic oil temperature,Cylinder seal kit,TECH-0761,14.56,2.49,53623.45,8491.23,62114.68,Completed
MR-00662,SR-00662,EQ-0140,Crawler Dozer,35T Class Dozer,SITE-02,2025-05-14,Corrective,Medium,2310,Boom Cylinder,Overheating,hydraulic response is jerky,restricted hydraulic line,inspected valve spool movement and cleaned the valve assembly,Pump seal kit,TECH-0224,4.87,4.71,61469.89,4582.36,66052.25,Completed
MR-00663,SR-00663,EQ-0022,Crawler Dozer,35T Class Dozer,SITE-06,2025-07-02,Corrective,High,12461,Arm Cylinder,Restricted flow,arm movement slow after hydraulic oil warms,degraded hydraulic fluid,"drained contaminated oil, flushed circuit and refilled with filtered oil",Pilot filter,TECH-0126,5.29,2.39,10721.37,5726.29,16447.66,Completed
MR-00664,SR-00664,EQ-0006,Hydraulic Excavator,20T Class Excavator,SITE-05,2024-11-21,Corrective,Low,13335,Hydraulic Cooler,Line restriction,visible oil leak near hydraulic line,low pilot supply pressure,cleaned cooler and verified hydraulic oil temperature,Hydraulic oil,TECH-0925,0.96,5.89,17259.56,795.41,18054.97,Closed
MR-00665,SR-00665,EQ-0222,Hydraulic Excavator,35T Class Excavator,SITE-03,2025-02-23,Condition-Based,Medium,14070,Bucket Cylinder,Hose failure,hydraulic oil temperature rises during continuous operation,sticking spool valve,tested pilot pressure and inspected pilot circuit,Hydraulic line fittings,TECH-0561,7.68,2.98,9170.04,3654.97,12825.01,Completed
MR-00666,SR-00666,EQ-0023,Wheel Loader,25T Class Wheel Loader,SITE-03,2023-04-20,Preventive,Medium,5763,Hydraulic Filter,Overheating,boom movement slow under load,worn pump components,inspected valve spool movement and cleaned the valve assembly,Return filter element,TECH-0107,13.38,1.64,26216.82,9924.91,36141.73,Follow-up Required
MR-00667,SR-00667,EQ-0204,Hydraulic Excavator,35T Class Excavator,SITE-05,2023-09-09,Corrective,Low,18409,Bucket Cylinder,Line restriction,hydraulic response is jerky,sticking spool valve,cleaned cooler and verified hydraulic oil temperature,Hydraulic oil,TECH-0568,4.55,6.04,18105.12,3255.31,21360.43,Completed
MR-00668,SR-00668,EQ-0190,Hydraulic Excavator,35T Class Excavator,SITE-03,2023-12-21,Condition-Based,High,17149,Bucket Cylinder,Internal leakage,swing movement is slow,sticking spool valve,cleaned cooler and verified hydraulic oil temperature,Cooler gasket set,TECH-0051,5.12,5.5,44324.01,2612.4,46936.41,Closed
MR-00669,SR-00669,EQ-0032,Hydraulic Excavator,20T Class Excavator,SITE-03,2023-02-12,Condition-Based,Critical,12664,Boom Cylinder,Air ingress,swing movement is slow,sticking spool valve,replaced restricted hydraulic filter and checked contamination source,Pilot filter,TECH-0869,13.87,11.18,4596.7,10781.9,15378.6,Closed
MR-00670,SR-00670,EQ-0105,Hydraulic Excavator,30T Class Excavator,SITE-03,2025-08-28,Corrective,High,4876,Hydraulic Hose,Low pilot pressure,filter restriction indicator activated,restricted hydraulic line,inspected hydraulic circuit and isolated the affected component,Pilot filter,TECH-0912,15.45,6.48,22608.04,9664.25,32272.29,Completed
MR-00671,SR-00671,EQ-0040,Crawler Dozer,35T Class Dozer,SITE-04,2022-12-18,Corrective,Critical,17576,Swing Motor,Filter blockage,pump noise increases during operation,loss of accumulator pre-charge,tested pilot pressure and inspected pilot circuit,Pump seal kit,TECH-0949,2.33,5.85,59860.03,2045.86,61905.89,Completed
MR-00672,SR-00672,EQ-0044,Wheel Loader,25T Class Wheel Loader,SITE-02,2025-03-27,Condition-Based,High,6768,Hydraulic Pump,External leakage,pilot pressure below expected range,damaged cylinder seal,inspected hydraulic circuit and isolated the affected component,Hydraulic line fittings,TECH-0925,2.6,8.64,5272.09,2232.72,7504.81,Completed
MR-00673,SR-00673,EQ-0077,Wheel Loader,25T Class Wheel Loader,SITE-01,2022-09-09,Inspection,High,2757,Hydraulic Pump,Line restriction,hydraulic response is jerky,degraded hydraulic fluid,checked pressure and flow at operating temperature,Cooler gasket set,TECH-0549,11.7,6.48,7585.65,7014.67,14600.32,Completed - Monitor
MR-00674,SR-00674,EQ-0166,Hydraulic Excavator,20T Class Excavator,SITE-04,2023-09-03,Preventive,High,17187,Pilot Valve,Low pilot pressure,bucket will not open normally,internal cylinder leakage,cleaned cooler and verified hydraulic oil temperature,Accumulator charging kit,TECH-0505,11.83,6.4,54511.73,5905.73,60417.46,Completed
MR-00675,SR-00675,EQ-0175,Hydraulic Excavator,20T Class Excavator,SITE-05,2026-02-04,Corrective,Medium,4422,Hydraulic Cooler,External leakage,reduced digging force,damaged cylinder seal,cleaned cooler and verified hydraulic oil temperature,Cooler gasket set,TECH-0971,13.98,1.86,15914.25,9866.01,25780.26,Closed
MR-00676,SR-00676,EQ-0017,Wheel Loader,25T Class Wheel Loader,SITE-02,2026-03-02,Corrective,High,8459,Arm Cylinder,Filter blockage,bucket will not open normally,loss of accumulator pre-charge,checked accumulator pre-charge and restored it to service specification,Hydraulic oil,TECH-0546,12.83,4.91,61549.0,7444.4,68993.4,Completed
MR-00677,SR-00677,EQ-0228,Hydraulic Excavator,35T Class Excavator,SITE-01,2022-04-13,Corrective,Medium,6589,Pilot Valve,Valve sticking,swing movement is slow,air entering suction line,cleaned cooler and verified hydraulic oil temperature,Hydraulic oil,TECH-0083,6.89,6.72,61149.41,6657.99,67807.4,Completed
MR-00678,SR-00678,EQ-0203,Backhoe Loader,4WD Backhoe Loader,SITE-01,2024-05-31,Corrective,Low,5339,Hydraulic Hose,Cylinder seal wear,arm movement slow after hydraulic oil warms,loss of accumulator pre-charge,checked pump output and inspected for internal leakage,Cylinder seal kit,TECH-0753,2.46,5.24,53278.69,1615.77,54894.46,Completed
MR-00679,SR-00679,EQ-0011,Crawler Dozer,25T Class Dozer,SITE-08,2025-10-05,Corrective,High,10041,Hydraulic Line,Cylinder seal wear,bucket cylinder leaking externally,high oil temperature,inspected hydraulic circuit and isolated the affected component,Return filter element,TECH-0814,5.72,9.26,43958.33,4882.15,48840.48,Completed
MR-00680,SR-00680,EQ-0139,Hydraulic Excavator,20T Class Excavator,SITE-02,2025-08-16,Preventive,Low,9810,Hydraulic Hose,External leakage,boom movement slow under load,contaminated hydraulic oil,replaced restricted hydraulic filter and checked contamination source,Hydraulic filter,TECH-0805,10.7,2.7,24163.72,7161.31,31325.03,Completed
MR-00681,SR-00681,EQ-0018,Hydraulic Excavator,45T Class Excavator,SITE-07,2022-12-09,Preventive,High,10634,Travel Motor,Internal leakage,boom movement slow under load,high oil temperature,replaced damaged hose and pressure-tested the circuit,Hydraulic hose,TECH-0976,10.32,2.88,64626.68,6011.64,70638.32,Completed
MR-00682,SR-00682,EQ-0103,Hydraulic Excavator,35T Class Excavator,SITE-06,2023-10-31,Corrective,Medium,16131,Main Control Valve,Air ingress,boom movement slow under load,damaged cylinder seal,replaced restricted hydraulic filter and checked contamination source,Hydraulic line fittings,TECH-0259,5.59,7.33,56220.72,5886.06,62106.78,Completed - Monitor
MR-00683,SR-00683,EQ-0218,Backhoe Loader,Heavy-Duty Backhoe Loader,SITE-06,2025-07-25,Corrective,Medium,2127,Hydraulic Pump,Cooler restriction,hydraulic oil temperature rises during continuous operation,high oil temperature,replaced restricted hydraulic filter and checked contamination source,Accumulator charging kit,TECH-0909,11.65,0.25,6769.55,7302.17,14071.72,Completed
MR-00684,SR-00684,EQ-0122,Hydraulic Excavator,30T Class Excavator,SITE-06,2023-01-09,Inspection,Low,4808,Arm Cylinder,Filter blockage,hydraulic oil temperature rises during continuous operation,damaged hydraulic hose,replaced restricted hydraulic filter and checked contamination source,Pilot filter,TECH-0272,10.36,4.53,9686.15,8489.05,18175.2,Completed
MR-00685,SR-00685,EQ-0024,Hydraulic Excavator,45T Class Excavator,SITE-02,2024-04-01,Corrective,Low,10969,Travel Motor,Filter blockage,arm movement slow after hydraulic oil warms,loss of accumulator pre-charge,tested pilot pressure and inspected pilot circuit,Valve O-rings,TECH-0002,8.9,4.78,39890.31,9783.78,49674.09,Completed
MR-00686,SR-00686,EQ-0150,Wheel Loader,25T Class Wheel Loader,SITE-01,2022-07-16,Inspection,Low,2072,Engine Cooling System,Restricted flow,boom movement slow under load,blocked cooler core,replaced damaged seal kit and performed leak test,Return filter element,TECH-0506,9.94,3.69,30586.63,7328.02,37914.65,Completed - Monitor
MR-00687,SR-00687,EQ-0149,Hydraulic Excavator,20T Class Excavator,SITE-06,2023-01-28,Corrective,High,17335,Travel Motor,Line restriction,arm movement slow after hydraulic oil warms,internal cylinder leakage,checked pump output and inspected for internal leakage,Accumulator charging kit,TECH-0731,12.99,3.64,3054.49,12100.91,15155.4,Completed
MR-00688,SR-00688,EQ-0235,Hydraulic Excavator,30T Class Excavator,SITE-07,2024-09-11,Condition-Based,Low,16381,Pilot Valve,Cylinder seal wear,hydraulic flow is low at operating temperature,internal cylinder leakage,inspected hydraulic circuit and isolated the affected component,Hydraulic hose,TECH-0484,2.37,8.32,49630.44,1822.96,51453.4,Completed
MR-00689,SR-00689,EQ-0047,Crawler Dozer,25T Class Dozer,SITE-01,2024-08-21,Preventive,Critical,5882,Hydraulic Tank,Filter blockage,visible oil leak near hydraulic line,degraded hydraulic fluid,inspected suction line for air ingress and corrected the connection,Accumulator charging kit,TECH-0247,10.78,5.77,7332.32,10325.1,17657.42,Completed
MR-00690,SR-00690,EQ-0135,Crawler Dozer,35T Class Dozer,SITE-01,2026-04-29,Corrective,Low,13863,Pilot Valve,Air ingress,boom movement slow under load,blocked cooler core,checked accumulator pre-charge and restored it to service specification,Hydraulic filter,TECH-0948,3.53,6.08,11651.6,2347.61,13999.21,Completed
MR-00691,SR-00691,EQ-0085,Hydraulic Excavator,35T Class Excavator,SITE-02,2026-02-03,Corrective,High,15179,Hydraulic Cooler,Restricted flow,reduced digging force,high oil temperature,inspected suction line for air ingress and corrected the connection,Hydraulic filter,TECH-0428,7.01,0.25,18755.86,5743.02,24498.88,Completed
MR-00692,SR-00692,EQ-0005,Wheel Loader,20T Class Wheel Loader,SITE-07,2025-06-04,Preventive,High,18440,Hydraulic Pump,Hose failure,reduced digging force,sticking spool valve,inspected suction line for air ingress and corrected the connection,Hydraulic line fittings,TECH-0683,4.56,3.43,15039.35,3905.58,18944.93,Completed
MR-00693,SR-00693,EQ-0050,Hydraulic Excavator,45T Class Excavator,SITE-04,2025-07-29,Preventive,High,12744,Pilot Valve,Low pilot pressure,pump noise increases during operation,degraded hydraulic fluid,tested pilot pressure and inspected pilot circuit,Hydraulic oil,TECH-0782,12.09,0.25,36399.65,10207.68,46607.33,Completed
MR-00694,SR-00694,EQ-0039,Hydraulic Excavator,30T Class Excavator,SITE-07,2023-03-05,Preventive,High,17894,Fuel System,Filter blockage,boom movement slow under load,contaminated hydraulic oil,inspected valve spool movement and cleaned the valve assembly,Pump seal kit,TECH-0638,12.63,5.42,33122.56,7832.57,40955.13,Closed
MR-00695,SR-00695,EQ-0016,Crawler Dozer,35T Class Dozer,SITE-04,2025-11-06,Preventive,Medium,12633,Travel Motor,Valve sticking,filter restriction indicator activated,degraded hydraulic fluid,inspected hydraulic circuit and isolated the affected component,Cylinder seal kit,TECH-0244,4.42,7.1,5932.06,4339.51,10271.57,Completed
MR-00696,SR-00696,EQ-0084,Hydraulic Excavator,20T Class Excavator,SITE-06,2023-09-29,Inspection,Medium,15021,Main Control Valve,Cylinder seal wear,hydraulic flow is low at operating temperature,low pilot supply pressure,inspected hydraulic circuit and isolated the affected component,Hydraulic oil,TECH-0706,7.37,7.76,26216.1,7831.8,34047.9,Closed
MR-00697,SR-00697,EQ-0177,Crawler Dozer,25T Class Dozer,SITE-03,2023-05-03,Corrective,High,4957,Hydraulic Pump,Air ingress,bucket cylinder leaking externally,restricted return filter,inspected valve spool movement and cleaned the valve assembly,Hydraulic hose,TECH-0677,8.94,3.81,61556.86,5060.4,66617.26,Completed
MR-00698,SR-00698,EQ-0150,Wheel Loader,25T Class Wheel Loader,SITE-01,2022-09-30,Corrective,Medium,15430,Bucket Cylinder,Restricted flow,swing movement is slow,low pilot supply pressure,inspected valve spool movement and cleaned the valve assembly,Cylinder seal kit,TECH-0531,2.46,6.66,57304.12,2526.35,59830.47,Completed
MR-00699,SR-00699,EQ-0165,Wheel Loader,25T Class Wheel Loader,SITE-03,2022-04-12,Corrective,Medium,4033,Boom Cylinder,Line restriction,pilot pressure below expected range,restricted hydraulic line,inspected hydraulic circuit and isolated the affected component,Cooler gasket set,TECH-0811,11.0,7.74,11544.1,9156.45,20700.55,Completed - Monitor
MR-00700,SR-00700,EQ-0128,Motor Grader,14M Class Grader,SITE-07,2022-11-26,Condition-Based,Medium,9048,Hydraulic Pump,Valve sticking,visible oil leak near hydraulic line,contaminated hydraulic oil,cleaned cooler and verified hydraulic oil temperature,Cylinder seal kit,TECH-0835,15.97,7.72,4548.21,13059.31,17607.52,Completed
MR-00701,SR-00701,EQ-0019,Crawler Dozer,25T Class Dozer,SITE-07,2022-06-19,Corrective,Critical,9733,Hydraulic Tank,Hose failure,swing movement is slow,high oil temperature,replaced damaged seal kit and performed leak test,Pump seal kit,TECH-0111,9.06,0.25,11532.17,4743.27,16275.44,Completed
MR-00702,SR-00702,EQ-0203,Backhoe Loader,4WD Backhoe Loader,SITE-01,2024-06-30,Corrective,High,6522,Hydraulic Line,Cylinder seal wear,hydraulic response is jerky,blocked cooler core,inspected hydraulic circuit and isolated the affected component,Hydraulic filter,TECH-0129,14.76,7.16,61089.63,8602.14,69691.77,Completed
MR-00703,SR-00703,EQ-0147,Crawler Dozer,35T Class Dozer,SITE-06,2023-02-14,Condition-Based,Critical,11095,Boom Cylinder,Overheating,arm movement slow after hydraulic oil warms,loss of accumulator pre-charge,replaced damaged hose and pressure-tested the circuit,Pump seal kit,TECH-0678,13.34,1.74,58522.75,14670.18,73192.93,Completed
MR-00704,SR-00704,EQ-0035,Hydraulic Excavator,45T Class Excavator,SITE-08,2024-05-05,Condition-Based,Medium,9221,Travel Motor,Pump wear,swing movement is slow,contaminated hydraulic oil,inspected suction line for air ingress and corrected the connection,Hydraulic oil,TECH-0055,5.82,2.17,51882.8,2821.04,54703.84,Completed - Monitor
MR-00705,SR-00705,EQ-0034,Motor Grader,14M Class Grader,SITE-08,2025-06-20,Corrective,Low,5148,Hydraulic Cooler,Air ingress,travel function loses power on incline,restricted hydraulic line,tested pilot pressure and inspected pilot circuit,Pump seal kit,TECH-0202,2.82,0.37,13813.47,1678.05,15491.52,Completed
MR-00706,SR-00706,EQ-0124,Backhoe Loader,Heavy-Duty Backhoe Loader,SITE-07,2023-03-28,Preventive,Medium,4838,Hydraulic Tank,Valve sticking,pilot pressure below expected range,damaged hydraulic hose,cleaned cooler and verified hydraulic oil temperature,Return filter element,TECH-0439,10.42,4.95,60356.14,7544.47,67900.61,Completed
MR-00707,SR-00707,EQ-0019,Crawler Dozer,25T Class Dozer,SITE-07,2023-08-11,Corrective,Low,18139,Hydraulic Cooler,Low pilot pressure,hydraulic flow is low at operating temperature,contaminated hydraulic oil,tested pilot pressure and inspected pilot circuit,Hydraulic line fittings,TECH-0450,9.29,8.74,51674.84,8539.15,60213.99,Completed
MR-00708,SR-00708,EQ-0232,Hydraulic Excavator,45T Class Excavator,SITE-08,2024-07-14,Corrective,High,5047,Hydraulic Pump,Internal leakage,travel function loses power on incline,degraded hydraulic fluid,cleaned cooler and verified hydraulic oil temperature,Pilot filter,TECH-0654,8.0,2.82,33205.6,6831.39,40036.99,Completed
MR-00709,SR-00709,EQ-0207,Hydraulic Excavator,30T Class Excavator,SITE-01,2022-07-03,Preventive,Medium,13381,Engine Cooling System,Oil contamination,filter restriction indicator activated,loss of accumulator pre-charge,replaced damaged seal kit and performed leak test,Hydraulic filter,TECH-0224,4.03,1.97,64394.14,3013.49,67407.63,Completed
MR-00710,SR-00710,EQ-0187,Wheel Loader,25T Class Wheel Loader,SITE-04,2025-03-07,Corrective,Medium,3276,Fuel System,Cooler restriction,pump noise increases during operation,restricted return filter,checked pressure and flow at operating temperature,Pilot filter,TECH-0348,3.29,4.78,29508.35,2838.17,32346.52,Closed
MR-00711,SR-00711,EQ-0077,Wheel Loader,25T Class Wheel Loader,SITE-01,2023-08-03,Corrective,Medium,7884,Main Control Valve,Valve sticking,pump noise increases during operation,sticking spool valve,tested pilot pressure and inspected pilot circuit,Return filter element,TECH-0403,14.27,0.25,2037.41,12253.48,14290.89,Completed
MR-00712,SR-00712,EQ-0102,Hydraulic Excavator,45T Class Excavator,SITE-07,2023-04-12,Preventive,High,10707,Pilot Valve,Restricted flow,hydraulic oil temperature rises during continuous operation,restricted hydraulic line,inspected valve spool movement and cleaned the valve assembly,Return filter element,TECH-0476,4.24,6.52,17528.59,3505.94,21034.53,Completed
MR-00713,SR-00713,EQ-0122,Hydraulic Excavator,30T Class Excavator,SITE-06,2023-12-29,Corrective,Medium,4863,Main Control Valve,Line restriction,travel function loses power on incline,contaminated hydraulic oil,checked pressure and flow at operating temperature,Return filter element,TECH-0213,13.46,8.26,56779.3,6458.73,63238.03,Completed
MR-00714,SR-00714,EQ-0165,Wheel Loader,25T Class Wheel Loader,SITE-03,2025-07-18,Preventive,High,10972,Engine Cooling System,Low pilot pressure,hydraulic oil temperature rises during continuous operation,high oil temperature,inspected hydraulic circuit and isolated the affected component,Cylinder seal kit,TECH-0221,3.36,6.21,13808.48,3221.0,17029.48,Closed
MR-00715,SR-00715,EQ-0153,Motor Grader,16M Class Grader,SITE-04,2025-09-05,Corrective,Medium,12910,Hydraulic Tank,Accumulator pressure loss,pump noise increases during operation,restricted hydraulic line,inspected hydraulic circuit and isolated the affected component,Cooler gasket set,TECH-0429,3.75,3.94,55167.58,3019.46,58187.04,Closed
MR-00716,SR-00716,EQ-0106,Hydraulic Excavator,30T Class Excavator,SITE-04,2024-06-01,Corrective,High,11242,Hydraulic Filter,Cylinder seal wear,filter restriction indicator activated,worn pump components,checked pressure and flow at operating temperature,Hydraulic oil,TECH-0224,7.72,1.53,46816.52,3848.94,50665.46,Completed
MR-00717,SR-00717,EQ-0235,Hydraulic Excavator,30T Class Excavator,SITE-07,2025-08-27,Corrective,Medium,12462,Hydraulic Line,Oil contamination,bucket cylinder leaking externally,high oil temperature,inspected valve spool movement and cleaned the valve assembly,Hydraulic filter,TECH-0750,4.24,0.25,48692.12,2712.1,51404.22,Completed - Monitor
MR-00718,SR-00718,EQ-0020,Wheel Loader,20T Class Wheel Loader,SITE-02,2024-07-06,Condition-Based,Medium,1819,Fuel System,Pump wear,travel function loses power on incline,restricted return filter,inspected hydraulic circuit and isolated the affected component,Hydraulic filter,TECH-0262,11.2,4.05,59318.01,11633.62,70951.63,Completed
MR-00719,SR-00719,EQ-0157,Hydraulic Excavator,30T Class Excavator,SITE-05,2024-06-23,Corrective,Medium,10780,Boom Cylinder,External leakage,visible oil leak near hydraulic line,high oil temperature,tested pilot pressure and inspected pilot circuit,Cylinder seal kit,TECH-0095,0.79,4.2,31157.36,768.0,31925.36,Completed - Monitor
MR-00720,SR-00720,EQ-0091,Hydraulic Excavator,20T Class Excavator,SITE-02,2022-10-25,Condition-Based,Critical,4739,Hydraulic Filter,Accumulator pressure loss,pump noise increases during operation,damaged cylinder seal,replaced damaged seal kit and performed leak test,Hydraulic line fittings,TECH-0442,7.3,8.23,32414.73,7879.92,40294.65,Completed
MR-00721,SR-00721,EQ-0027,Wheel Loader,25T Class Wheel Loader,SITE-07,2025-05-28,Inspection,High,18380,Hydraulic Line,Cylinder seal wear,hydraulic oil temperature rises during continuous operation,air entering suction line,inspected valve spool movement and cleaned the valve assembly,Return filter element,TECH-0629,7.89,5.68,32622.04,5571.42,38193.46,Completed
MR-00722,SR-00722,EQ-0058,Hydraulic Excavator,45T Class Excavator,SITE-03,2023-12-08,Corrective,High,14634,Fuel System,Pump wear,pilot pressure below expected range,restricted return filter,inspected suction line for air ingress and corrected the connection,Return filter element,TECH-0773,7.04,2.46,5414.74,7591.82,13006.56,Completed
MR-00723,SR-00723,EQ-0093,Hydraulic Excavator,45T Class Excavator,SITE-05,2024-08-06,Corrective,Low,13896,Hydraulic Tank,Oil contamination,visible oil leak near hydraulic line,air entering suction line,inspected suction line for air ingress and corrected the connection,Pilot filter,TECH-0647,13.38,8.84,34835.13,8108.4,42943.53,Closed
MR-00724,SR-00724,EQ-0181,Motor Grader,16M Class Grader,SITE-05,2025-02-13,Condition-Based,High,4654,Hydraulic Filter,Cylinder seal wear,pump noise increases during operation,damaged cylinder seal,replaced damaged seal kit and performed leak test,Hydraulic oil,TECH-0233,14.91,3.8,58582.48,10887.05,69469.53,Completed - Monitor
MR-00725,SR-00725,EQ-0069,Hydraulic Excavator,20T Class Excavator,SITE-02,2025-11-21,Corrective,High,16615,Hydraulic Cooler,Internal leakage,bucket will not open normally,internal cylinder leakage,checked pressure and flow at operating temperature,Cooler gasket set,TECH-0310,9.92,8.06,56862.37,5136.27,61998.64,Follow-up Required
MR-00726,SR-00726,EQ-0221,Hydraulic Excavator,35T Class Excavator,SITE-08,2023-04-16,Preventive,High,15829,Accumulator,Pump wear,reduced digging force,sticking spool valve,inspected hydraulic circuit and isolated the affected component,No replacement part,TECH-0631,11.01,6.22,9210.69,5540.88,14751.57,Completed
MR-00727,SR-00727,EQ-0089,Motor Grader,16M Class Grader,SITE-02,2024-12-08,Corrective,High,17023,Hydraulic Hose,Restricted flow,hydraulic oil temperature rises during continuous operation,internal cylinder leakage,replaced damaged hose and pressure-tested the circuit,Return filter element,TECH-0315,7.22,9.05,7693.15,6830.69,14523.84,Closed
MR-00728,SR-00728,EQ-0015,Crawler Dozer,25T Class Dozer,SITE-03,2025-01-11,Corrective,High,9019,Hydraulic Tank,Cooler restriction,hydraulic oil appears contaminated,blocked cooler core,cleaned cooler and verified hydraulic oil temperature,Pump seal kit,TECH-0893,11.08,10.56,60466.21,9234.66,69700.87,Completed
MR-00729,SR-00729,EQ-0180,Hydraulic Excavator,35T Class Excavator,SITE-02,2023-06-15,Corrective,Low,12292,Hydraulic Line,Overheating,pilot pressure below expected range,contaminated hydraulic oil,inspected suction line for air ingress and corrected the connection,No replacement part,TECH-0273,14.01,3.9,6118.41,14744.53,20862.94,Completed
MR-00730,SR-00730,EQ-0216,Backhoe Loader,4WD Backhoe Loader,SITE-01,2024-05-18,Condition-Based,Medium,12569,Boom Cylinder,Overheating,hydraulic flow is low at operating temperature,restricted return filter,replaced damaged hose and pressure-tested the circuit,Pilot filter,TECH-0484,2.56,6.47,5172.42,1881.19,7053.61,Closed
MR-00731,SR-00731,EQ-0239,Crawler Dozer,25T Class Dozer,SITE-02,2026-03-13,Preventive,Medium,17267,Travel Motor,Accumulator pressure loss,travel function loses power on incline,blocked cooler core,replaced damaged seal kit and performed leak test,Accumulator charging kit,TECH-0008,4.76,7.83,62273.32,3257.79,65531.11,Completed
MR-00732,SR-00732,EQ-0195,Hydraulic Excavator,20T Class Excavator,SITE-04,2026-02-26,Preventive,Critical,3122,Hydraulic Cooler,Line restriction,bucket will not open normally,internal cylinder leakage,inspected suction line for air ingress and corrected the connection,Hydraulic line fittings,TECH-0864,3.21,8.3,57536.86,2320.57,59857.43,Completed
MR-00733,SR-00733,EQ-0116,Crawler Dozer,35T Class Dozer,SITE-08,2022-10-01,Corrective,Medium,8798,Fuel System,Oil contamination,arm movement slow after hydraulic oil warms,blocked cooler core,inspected valve spool movement and cleaned the valve assembly,Cylinder seal kit,TECH-0345,6.6,3.27,10221.5,4603.42,14824.92,Completed
MR-00734,SR-00734,EQ-0027,Wheel Loader,25T Class Wheel Loader,SITE-07,2026-05-22,Preventive,Medium,5871,Hydraulic Tank,Cylinder seal wear,travel function loses power on incline,low pilot supply pressure,checked pump output and inspected for internal leakage,Pump seal kit,TECH-0674,4.98,4.73,23999.61,4515.25,28514.86,Completed
MR-00735,SR-00735,EQ-0001,Crawler Dozer,35T Class Dozer,SITE-04,2022-05-20,Corrective,Critical,11186,Swing Motor,Cooler restriction,filter restriction indicator activated,low pilot supply pressure,inspected valve spool movement and cleaned the valve assembly,Hydraulic oil,TECH-0217,0.87,6.73,23180.43,937.76,24118.19,Completed
MR-00736,SR-00736,EQ-0238,Wheel Loader,20T Class Wheel Loader,SITE-07,2026-06-16,Corrective,High,6630,Pilot Valve,Valve sticking,visible oil leak near hydraulic line,high oil temperature,tested pilot pressure and inspected pilot circuit,Hydraulic hose,TECH-0437,13.68,10.67,56335.22,12541.59,68876.81,Completed
MR-00737,SR-00737,EQ-0233,Crawler Dozer,25T Class Dozer,SITE-05,2025-06-12,Condition-Based,Medium,14178,Swing Motor,Filter blockage,arm movement slow after hydraulic oil warms,air entering suction line,replaced damaged seal kit and performed leak test,Accumulator charging kit,TECH-0496,15.83,5.07,18432.34,7280.65,25712.99,Follow-up Required
MR-00738,SR-00738,EQ-0196,Wheel Loader,20T Class Wheel Loader,SITE-02,2026-04-03,Corrective,Low,14612,Hydraulic Line,Oil contamination,swing movement is slow,restricted hydraulic line,inspected suction line for air ingress and corrected the connection,Hydraulic line fittings,TECH-0190,13.48,2.02,26285.32,8708.72,34994.04,Completed
MR-00739,SR-00739,EQ-0111,Crawler Dozer,25T Class Dozer,SITE-02,2026-05-14,Inspection,Critical,5547,Hydraulic Hose,Oil contamination,arm movement slow after hydraulic oil warms,low pilot supply pressure,inspected hydraulic circuit and isolated the affected component,Pilot filter,TECH-0140,6.73,3.64,26538.88,3206.64,29745.52,Completed
MR-00740,SR-00740,EQ-0025,Backhoe Loader,4WD Backhoe Loader,SITE-02,2022-01-23,Corrective,High,9911,Main Control Valve,Accumulator pressure loss,reduced digging force,degraded hydraulic fluid,checked pressure and flow at operating temperature,Accumulator charging kit,TECH-0576,1.22,3.33,49808.84,711.47,50520.31,Completed
MR-00741,SR-00741,EQ-0066,Hydraulic Excavator,30T Class Excavator,SITE-05,2025-05-16,Preventive,High,16795,Main Control Valve,Restricted flow,hydraulic response is jerky,blocked cooler core,inspected valve spool movement and cleaned the valve assembly,Hydraulic hose,TECH-0671,7.81,6.31,3356.44,5344.99,8701.43,Completed
MR-00742,SR-00742,EQ-0020,Wheel Loader,20T Class Wheel Loader,SITE-02,2025-03-25,Preventive,High,16477,Swing Motor,Pump wear,swing movement is slow,damaged hydraulic hose,replaced damaged hose and pressure-tested the circuit,Pilot filter,TECH-0035,7.49,2.49,30476.38,5629.87,36106.25,Completed
MR-00743,SR-00743,EQ-0032,Hydraulic Excavator,20T Class Excavator,SITE-03,2025-03-17,Corrective,Medium,16310,Hydraulic Line,Line restriction,arm movement slow after hydraulic oil warms,sticking spool valve,checked pump output and inspected for internal leakage,Hydraulic oil,TECH-0560,5.39,0.25,34418.2,3503.34,37921.54,Completed - Monitor
MR-00744,SR-00744,EQ-0183,Hydraulic Excavator,30T Class Excavator,SITE-01,2023-10-03,Corrective,Medium,5414,Hydraulic Cooler,Low pilot pressure,hydraulic response is jerky,restricted hydraulic line,checked pump output and inspected for internal leakage,Hydraulic line fittings,TECH-0455,15.86,5.46,24893.6,9588.28,34481.88,Completed
MR-00745,SR-00745,EQ-0190,Hydraulic Excavator,35T Class Excavator,SITE-03,2025-10-05,Condition-Based,Medium,9510,Hydraulic Cooler,Low pilot pressure,hydraulic oil appears contaminated,damaged cylinder seal,cleaned cooler and verified hydraulic oil temperature,Hydraulic oil,TECH-0177,7.61,1.02,1743.26,7702.66,9445.92,Completed
MR-00746,SR-00746,EQ-0218,Backhoe Loader,Heavy-Duty Backhoe Loader,SITE-06,2023-08-03,Inspection,Medium,12529,Engine Cooling System,Accumulator pressure loss,pump noise increases during operation,sticking spool valve,replaced restricted hydraulic filter and checked contamination source,Pilot filter,TECH-0481,3.89,4.52,48482.31,3620.15,52102.46,Completed
MR-00747,SR-00747,EQ-0190,Hydraulic Excavator,35T Class Excavator,SITE-03,2024-01-19,Corrective,Low,2164,Engine Cooling System,Filter blockage,bucket cylinder leaking externally,sticking spool valve,replaced damaged seal kit and performed leak test,Cooler gasket set,TECH-0247,15.55,1.31,427.79,15938.45,16366.24,Completed
MR-00748,SR-00748,EQ-0105,Hydraulic Excavator,30T Class Excavator,SITE-03,2023-04-18,Corrective,Low,2391,Accumulator,Accumulator pressure loss,hydraulic response is jerky,contaminated hydraulic oil,inspected valve spool movement and cleaned the valve assembly,Cooler gasket set,TECH-0576,15.62,4.34,30878.42,10131.07,41009.49,Completed
MR-00749,SR-00749,EQ-0015,Crawler Dozer,25T Class Dozer,SITE-03,2025-09-19,Preventive,Medium,14078,Hydraulic Pump,Air ingress,hydraulic oil appears contaminated,restricted return filter,checked pump output and inspected for internal leakage,Cooler gasket set,TECH-0367,2.54,6.05,26409.89,2424.11,28834.0,Completed
MR-00750,SR-00750,EQ-0077,Wheel Loader,25T Class Wheel Loader,SITE-01,2022-07-23,Preventive,High,8885,Hydraulic Pump,Overheating,bucket will not open normally,internal cylinder leakage,checked pressure and flow at operating temperature,Hydraulic oil,TECH-0411,2.97,4.37,64329.45,2344.23,66673.68,Completed
MR-00751,SR-00751,EQ-0063,Hydraulic Excavator,45T Class Excavator,SITE-01,2025-04-07,Corrective,High,17300,Hydraulic Filter,Overheating,visible oil leak near hydraulic line,blocked cooler core,"drained contaminated oil, flushed circuit and refilled with filtered oil",Hydraulic filter,TECH-0225,14.5,3.81,5196.63,9468.51,14665.14,Completed
MR-00752,SR-00752,EQ-0066,Hydraulic Excavator,30T Class Excavator,SITE-05,2022-06-17,Corrective,Medium,14864,Main Control Valve,Cooler restriction,travel function loses power on incline,low pilot supply pressure,"drained contaminated oil, flushed circuit and refilled with filtered oil",Hydraulic filter,TECH-0317,13.51,9.49,29719.24,14012.89,43732.13,Completed
MR-00753,SR-00753,EQ-0012,Hydraulic Excavator,20T Class Excavator,SITE-04,2026-01-14,Corrective,Medium,12204,Engine Cooling System,Internal leakage,travel function loses power on incline,restricted return filter,inspected valve spool movement and cleaned the valve assembly,Accumulator charging kit,TECH-0102,13.0,5.18,1018.54,10075.05,11093.59,Completed
MR-00754,SR-00754,EQ-0191,Hydraulic Excavator,45T Class Excavator,SITE-07,2023-10-16,Preventive,Low,11995,Fuel System,Filter blockage,boom movement slow under load,sticking spool valve,checked pump output and inspected for internal leakage,Pump seal kit,TECH-0167,8.67,4.23,41262.53,7170.48,48433.01,Completed
MR-00755,SR-00755,EQ-0234,Hydraulic Excavator,45T Class Excavator,SITE-02,2022-06-13,Corrective,Critical,3471,Main Control Valve,Restricted flow,travel function loses power on incline,high oil temperature,inspected hydraulic circuit and isolated the affected component,Hydraulic hose,TECH-0612,9.32,7.31,3948.8,7163.05,11111.85,Completed
MR-00756,SR-00756,EQ-0083,Wheel Loader,20T Class Wheel Loader,SITE-04,2026-03-21,Condition-Based,High,11341,Fuel System,Valve sticking,visible oil leak near hydraulic line,loss of accumulator pre-charge,checked accumulator pre-charge and restored it to service specification,Hydraulic line fittings,TECH-0522,8.68,5.37,25075.3,5605.5,30680.8,Completed
MR-00757,SR-00757,EQ-0205,Motor Grader,14M Class Grader,SITE-08,2023-04-28,Corrective,High,10336,Pilot Valve,External leakage,hydraulic flow is low at operating temperature,internal cylinder leakage,tested pilot pressure and inspected pilot circuit,Valve O-rings,TECH-0268,10.39,8.49,60779.42,8510.96,69290.38,Completed - Monitor
MR-00758,SR-00758,EQ-0153,Motor Grader,16M Class Grader,SITE-04,2023-08-17,Condition-Based,Medium,2658,Hydraulic Cooler,Cooler restriction,filter restriction indicator activated,degraded hydraulic fluid,"drained contaminated oil, flushed circuit and refilled with filtered oil",Hydraulic filter,TECH-0533,5.16,4.16,751.19,5392.96,6144.15,Completed
MR-00759,SR-00759,EQ-0143,Hydraulic Excavator,30T Class Excavator,SITE-07,2022-08-30,Inspection,High,12917,Hydraulic Tank,Line restriction,reduced digging force,low pilot supply pressure,replaced restricted hydraulic filter and checked contamination source,Pump seal kit,TECH-0642,10.89,4.4,20559.95,7740.95,28300.9,Follow-up Required
MR-00760,SR-00760,EQ-0123,Crawler Dozer,25T Class Dozer,SITE-06,2025-04-27,Condition-Based,High,13321,Bucket Cylinder,Hose failure,hydraulic oil temperature rises during continuous operation,internal cylinder leakage,"drained contaminated oil, flushed circuit and refilled with filtered oil",Pump seal kit,TECH-0541,2.12,6.78,8363.42,1705.98,10069.4,Completed
MR-00761,SR-00761,EQ-0017,Wheel Loader,25T Class Wheel Loader,SITE-02,2022-05-02,Corrective,High,2927,Main Control Valve,Internal leakage,boom movement slow under load,degraded hydraulic fluid,checked pressure and flow at operating temperature,No replacement part,TECH-0634,5.42,5.91,43279.04,3279.45,46558.49,Completed - Monitor
MR-00762,SR-00762,EQ-0179,Hydraulic Excavator,35T Class Excavator,SITE-02,2025-10-09,Corrective,High,4632,Travel Motor,Internal leakage,visible oil leak near hydraulic line,internal cylinder leakage,checked pressure and flow at operating temperature,Hydraulic line fittings,TECH-0060,3.22,1.43,55186.52,3203.42,58389.94,Completed
MR-00763,SR-00763,EQ-0070,Wheel Loader,25T Class Wheel Loader,SITE-01,2025-10-07,Corrective,High,12280,Hydraulic Hose,Valve sticking,filter restriction indicator activated,air entering suction line,inspected suction line for air ingress and corrected the connection,Hydraulic oil,TECH-0755,4.84,6.7,31685.34,4576.47,36261.81,Completed
MR-00764,SR-00764,EQ-0164,Wheel Loader,25T Class Wheel Loader,SITE-06,2026-03-28,Corrective,Medium,4835,Hydraulic Hose,Filter blockage,visible oil leak near hydraulic line,degraded hydraulic fluid,checked pressure and flow at operating temperature,Cooler gasket set,TECH-0648,15.94,4.91,19280.59,7816.06,27096.65,Completed
MR-00765,SR-00765,EQ-0096,Hydraulic Excavator,30T Class Excavator,SITE-01,2022-02-05,Corrective,Low,7087,Pilot Valve,Filter blockage,pump noise increases during operation,damaged hydraulic hose,"drained contaminated oil, flushed circuit and refilled with filtered oil",Hydraulic hose,TECH-0328,3.01,1.87,59944.31,1866.33,61810.64,Completed
MR-00766,SR-00766,EQ-0118,Hydraulic Excavator,20T Class Excavator,SITE-05,2026-05-15,Preventive,High,13680,Swing Motor,Hose failure,filter restriction indicator activated,damaged cylinder seal,inspected suction line for air ingress and corrected the connection,Cooler gasket set,TECH-0909,9.18,2.08,616.95,7630.35,8247.3,Completed
MR-00767,SR-00767,EQ-0126,Hydraulic Excavator,20T Class Excavator,SITE-08,2026-02-20,Corrective,Medium,4863,Bucket Cylinder,Internal leakage,filter restriction indicator activated,restricted hydraulic line,checked pump output and inspected for internal leakage,Pump seal kit,TECH-0816,13.03,0.61,47903.18,11888.37,59791.55,Completed
MR-00768,SR-00768,EQ-0190,Hydraulic Excavator,35T Class Excavator,SITE-03,2022-11-01,Corrective,High,3807,Swing Motor,Internal leakage,hydraulic flow is low at operating temperature,air entering suction line,inspected suction line for air ingress and corrected the connection,Pump seal kit,TECH-0497,6.72,0.25,58061.16,3644.45,61705.61,Completed
MR-00769,SR-00769,EQ-0080,Crawler Dozer,35T Class Dozer,SITE-01,2022-11-11,Inspection,Low,10565,Arm Cylinder,Low pilot pressure,hydraulic oil appears contaminated,high oil temperature,replaced damaged hose and pressure-tested the circuit,Cooler gasket set,TECH-0833,9.55,10.52,35012.79,8428.51,43441.3,Completed
MR-00770,SR-00770,EQ-0071,Wheel Loader,25T Class Wheel Loader,SITE-05,2025-02-04,Corrective,High,14467,Hydraulic Tank,Internal leakage,hydraulic flow is low at operating temperature,high oil temperature,inspected suction line for air ingress and corrected the connection,Hydraulic hose,TECH-0281,10.31,3.13,53069.87,8933.05,62002.92,Closed
MR-00771,SR-00771,EQ-0022,Crawler Dozer,35T Class Dozer,SITE-06,2022-08-18,Preventive,Medium,6474,Accumulator,Line restriction,filter restriction indicator activated,contaminated hydraulic oil,checked accumulator pre-charge and restored it to service specification,Hydraulic filter,TECH-0511,5.73,3.29,30654.01,4393.04,35047.05,Completed - Monitor
MR-00772,SR-00772,EQ-0162,Hydraulic Excavator,45T Class Excavator,SITE-01,2026-05-26,Corrective,Low,3835,Hydraulic Filter,Oil contamination,hydraulic flow is low at operating temperature,restricted return filter,checked pump output and inspected for internal leakage,No replacement part,TECH-0839,4.23,5.0,51925.06,3260.83,55185.89,Completed
MR-00773,SR-00773,EQ-0128,Motor Grader,14M Class Grader,SITE-07,2023-01-16,Corrective,Medium,15049,Hydraulic Filter,Line restriction,pilot pressure below expected range,low pilot supply pressure,inspected valve spool movement and cleaned the valve assembly,Cylinder seal kit,TECH-0596,13.33,2.31,6216.25,12082.51,18298.76,Completed - Monitor
MR-00774,SR-00774,EQ-0118,Hydraulic Excavator,20T Class Excavator,SITE-05,2026-04-18,Condition-Based,Low,5887,Fuel System,External leakage,arm movement slow after hydraulic oil warms,restricted return filter,checked accumulator pre-charge and restored it to service specification,No replacement part,TECH-0049,5.66,7.08,49591.24,2652.19,52243.43,Completed
MR-00775,SR-00775,EQ-0107,Hydraulic Excavator,45T Class Excavator,SITE-08,2022-10-01,Corrective,Medium,17162,Bucket Cylinder,Valve sticking,hydraulic flow is low at operating temperature,sticking spool valve,replaced restricted hydraulic filter and checked contamination source,Cylinder seal kit,TECH-0912,1.08,0.25,41809.85,826.29,42636.14,Completed
MR-00776,SR-00776,EQ-0054,Crawler Dozer,25T Class Dozer,SITE-01,2023-12-27,Corrective,Medium,15374,Hydraulic Pump,Valve sticking,swing movement is slow,worn pump components,replaced restricted hydraulic filter and checked contamination source,Return filter element,TECH-0549,14.02,1.22,28109.93,8470.08,36580.01,Completed
MR-00777,SR-00777,EQ-0229,Wheel Loader,25T Class Wheel Loader,SITE-03,2024-08-02,Preventive,Critical,2726,Engine Cooling System,Filter blockage,reduced digging force,worn pump components,replaced damaged hose and pressure-tested the circuit,Hydraulic oil,TECH-0146,5.27,6.18,45208.73,2391.19,47599.92,Follow-up Required
MR-00778,SR-00778,EQ-0118,Hydraulic Excavator,20T Class Excavator,SITE-05,2026-08-22,Corrective,Medium,17662,Accumulator,Filter blockage,pump noise increases during operation,sticking spool valve,replaced restricted hydraulic filter and checked contamination source,Accumulator charging kit,TECH-0711,3.95,2.0,9682.28,2689.54,12371.82,Completed
MR-00779,SR-00779,EQ-0061,Backhoe Loader,4WD Backhoe Loader,SITE-08,2022-03-05,Inspection,High,11344,Swing Motor,Accumulator pressure loss,hydraulic oil appears contaminated,restricted hydraulic line,tested pilot pressure and inspected pilot circuit,Hydraulic line fittings,TECH-0014,14.61,0.25,6278.02,12405.01,18683.03,Completed - Monitor
MR-00780,SR-00780,EQ-0152,Hydraulic Excavator,30T Class Excavator,SITE-01,2024-09-26,Corrective,High,15493,Hydraulic Hose,Line restriction,bucket cylinder leaking externally,loss of accumulator pre-charge,inspected valve spool movement and cleaned the valve assembly,Hydraulic line fittings,TECH-0081,12.82,1.5,34194.99,7405.17,41600.16,Completed - Monitor
MR-00781,SR-00781,EQ-0081,Backhoe Loader,4WD Backhoe Loader,SITE-07,2022-04-24,Corrective,Medium,9219,Swing Motor,Cooler restriction,boom movement slow under load,loss of accumulator pre-charge,checked accumulator pre-charge and restored it to service specification,Valve O-rings,TECH-0053,13.92,5.56,61982.71,7171.19,69153.9,Completed
MR-00782,SR-00782,EQ-0155,Motor Grader,16M Class Grader,SITE-03,2026-06-21,Corrective,High,5961,Swing Motor,Restricted flow,pilot pressure below expected range,restricted hydraulic line,inspected valve spool movement and cleaned the valve assembly,Return filter element,TECH-0742,14.88,8.95,50667.8,7922.15,58589.95,Completed
MR-00783,SR-00783,EQ-0115,Crawler Dozer,25T Class Dozer,SITE-05,2023-06-21,Corrective,Low,2703,Travel Motor,Valve sticking,hydraulic response is jerky,worn pump components,checked pump output and inspected for internal leakage,Accumulator charging kit,TECH-0114,1.83,2.68,32488.51,1226.73,33715.24,Completed
MR-00784,SR-00784,EQ-0141,Wheel Loader,25T Class Wheel Loader,SITE-01,2025-03-12,Inspection,Low,7890,Hydraulic Line,Cooler restriction,hydraulic flow is low at operating temperature,restricted hydraulic line,checked pressure and flow at operating temperature,Hydraulic oil,TECH-0931,2.5,5.65,26961.92,2323.99,29285.91,Closed
MR-00785,SR-00785,EQ-0084,Hydraulic Excavator,20T Class Excavator,SITE-06,2025-05-16,Corrective,High,5444,Hydraulic Line,Low pilot pressure,travel function loses power on incline,sticking spool valve,inspected suction line for air ingress and corrected the connection,No replacement part,TECH-0705,3.34,3.84,5234.49,2249.54,7484.03,Follow-up Required
MR-00786,SR-00786,EQ-0183,Hydraulic Excavator,30T Class Excavator,SITE-01,2024-01-08,Condition-Based,Low,13200,Pilot Valve,Pump wear,filter restriction indicator activated,air entering suction line,inspected hydraulic circuit and isolated the affected component,Return filter element,TECH-0229,3.63,6.66,60531.65,3058.04,63589.69,Completed - Monitor
MR-00787,SR-00787,EQ-0020,Wheel Loader,20T Class Wheel Loader,SITE-02,2023-09-09,Preventive,Low,6157,Boom Cylinder,Hose failure,swing movement is slow,air entering suction line,inspected hydraulic circuit and isolated the affected component,Hydraulic line fittings,TECH-0582,15.94,4.98,7799.82,10447.97,18247.79,Completed
MR-00788,SR-00788,EQ-0199,Hydraulic Excavator,30T Class Excavator,SITE-03,2026-02-24,Corrective,Critical,16045,Bucket Cylinder,Restricted flow,hydraulic flow is low at operating temperature,blocked cooler core,"drained contaminated oil, flushed circuit and refilled with filtered oil",Hydraulic filter,TECH-0583,12.68,1.69,713.34,11368.54,12081.88,Completed
MR-00789,SR-00789,EQ-0014,Wheel Loader,25T Class Wheel Loader,SITE-04,2025-09-28,Inspection,Medium,4594,Hydraulic Tank,Restricted flow,hydraulic flow is low at operating temperature,damaged hydraulic hose,checked pressure and flow at operating temperature,Return filter element,TECH-0770,7.56,3.37,5432.84,3938.3,9371.14,Completed
MR-00790,SR-00790,EQ-0036,Crawler Dozer,35T Class Dozer,SITE-04,2024-09-11,Corrective,Low,18029,Boom Cylinder,Restricted flow,filter restriction indicator activated,sticking spool valve,tested pilot pressure and inspected pilot circuit,Valve O-rings,TECH-0781,1.84,1.46,32913.04,990.05,33903.09,Completed
MR-00791,SR-00791,EQ-0185,Hydraulic Excavator,20T Class Excavator,SITE-08,2023-11-22,Corrective,High,1990,Engine Cooling System,Valve sticking,swing movement is slow,high oil temperature,inspected hydraulic circuit and isolated the affected component,Valve O-rings,TECH-0811,15.73,8.55,18283.59,12789.74,31073.33,Completed - Monitor
MR-00792,SR-00792,EQ-0141,Wheel Loader,25T Class Wheel Loader,SITE-01,2024-09-25,Preventive,Medium,11412,Accumulator,Line restriction,arm movement slow after hydraulic oil warms,restricted return filter,checked pump output and inspected for internal leakage,Valve O-rings,TECH-0781,5.33,2.42,14474.25,5371.1,19845.35,Completed
MR-00793,SR-00793,EQ-0121,Motor Grader,16M Class Grader,SITE-01,2023-10-11,Corrective,High,14478,Hydraulic Tank,Cooler restriction,hydraulic oil appears contaminated,damaged cylinder seal,checked accumulator pre-charge and restored it to service specification,Hydraulic hose,TECH-0835,11.65,6.99,64153.02,10190.91,74343.93,Completed
MR-00794,SR-00794,EQ-0142,Hydraulic Excavator,45T Class Excavator,SITE-05,2024-02-01,Corrective,High,2439,Hydraulic Hose,Oil contamination,reduced digging force,low pilot supply pressure,checked pump output and inspected for internal leakage,Cylinder seal kit,TECH-0854,5.76,1.46,27490.03,3192.98,30683.01,Completed
MR-00795,SR-00795,EQ-0204,Hydraulic Excavator,35T Class Excavator,SITE-05,2022-02-02,Corrective,Medium,9632,Hydraulic Tank,Hose failure,arm movement slow after hydraulic oil warms,sticking spool valve,checked pump output and inspected for internal leakage,Pump seal kit,TECH-0537,15.9,4.54,45452.05,12828.56,58280.61,Completed - Monitor
MR-00796,SR-00796,EQ-0123,Crawler Dozer,25T Class Dozer,SITE-06,2022-09-24,Corrective,Medium,15498,Engine Cooling System,Internal leakage,pump noise increases during operation,internal cylinder leakage,inspected suction line for air ingress and corrected the connection,Hydraulic line fittings,TECH-0710,6.45,2.23,13815.58,5967.81,19783.39,Completed
MR-00797,SR-00797,EQ-0090,Hydraulic Excavator,30T Class Excavator,SITE-01,2025-11-24,Inspection,Medium,13707,Hydraulic Cooler,Hose failure,reduced digging force,sticking spool valve,checked accumulator pre-charge and restored it to service specification,Valve O-rings,TECH-0599,3.53,2.12,30455.03,2704.74,33159.77,Completed
MR-00798,SR-00798,EQ-0013,Hydraulic Excavator,35T Class Excavator,SITE-04,2022-07-22,Preventive,Medium,5409,Hydraulic Tank,External leakage,visible oil leak near hydraulic line,air entering suction line,inspected hydraulic circuit and isolated the affected component,Accumulator charging kit,TECH-0498,2.59,10.79,41409.36,1983.63,43392.99,Completed
MR-00799,SR-00799,EQ-0237,Hydraulic Excavator,45T Class Excavator,SITE-04,2023-10-24,Corrective,Critical,3925,Main Control Valve,Pump wear,hydraulic oil appears contaminated,sticking spool valve,checked accumulator pre-charge and restored it to service specification,Hydraulic oil,TECH-0297,13.5,4.71,18245.3,8380.94,26626.24,Completed
MR-00800,SR-00800,EQ-0202,Crawler Dozer,25T Class Dozer,SITE-08,2026-01-12,Inspection,Low,5513,Hydraulic Hose,Overheating,bucket will not open normally,loss of accumulator pre-charge,"drained contaminated oil, flushed circuit and refilled with filtered oil",Valve O-rings,TECH-0400,15.13,4.93,51112.54,13585.42,64697.96,Closed
MR-00801,SR-00801,EQ-0234,Hydraulic Excavator,45T Class Excavator,SITE-02,2026-08-02,Corrective,High,16746,Boom Cylinder,Restricted flow,swing movement is slow,blocked cooler core,checked pressure and flow at operating temperature,Hydraulic line fittings,TECH-0360,10.99,3.36,7570.97,8508.92,16079.89,Completed
MR-00802,SR-00802,EQ-0068,Motor Grader,14M Class Grader,SITE-05,2024-03-29,Inspection,Medium,5308,Hydraulic Line,Pump wear,pilot pressure below expected range,damaged cylinder seal,checked accumulator pre-charge and restored it to service specification,Cylinder seal kit,TECH-0797,4.81,2.68,58447.71,2886.74,61334.45,Completed
MR-00803,SR-00803,EQ-0114,Motor Grader,16M Class Grader,SITE-02,2023-04-23,Corrective,High,18377,Accumulator,Hose failure,travel function loses power on incline,low pilot supply pressure,inspected hydraulic circuit and isolated the affected component,Hydraulic hose,TECH-0224,12.71,3.8,36608.13,13464.07,50072.2,Completed
MR-00804,SR-00804,EQ-0201,Hydraulic Excavator,45T Class Excavator,SITE-07,2025-06-13,Corrective,High,11138,Hydraulic Cooler,Pump wear,bucket cylinder leaking externally,degraded hydraulic fluid,replaced damaged hose and pressure-tested the circuit,Hydraulic hose,TECH-0214,10.35,3.87,51143.66,4678.22,55821.88,Completed - Monitor
MR-00805,SR-00805,EQ-0173,Hydraulic Excavator,20T Class Excavator,SITE-06,2023-10-09,Corrective,High,13437,Boom Cylinder,Low pilot pressure,arm movement slow after hydraulic oil warms,degraded hydraulic fluid,cleaned cooler and verified hydraulic oil temperature,Valve O-rings,TECH-0760,15.67,2.26,15101.88,7349.49,22451.37,Completed
MR-00806,SR-00806,EQ-0074,Hydraulic Excavator,45T Class Excavator,SITE-03,2022-06-27,Preventive,High,15702,Hydraulic Pump,Valve sticking,hydraulic oil temperature rises during continuous operation,restricted hydraulic line,checked pump output and inspected for internal leakage,Cooler gasket set,TECH-0137,15.31,6.04,44140.4,9249.74,53390.14,Completed
MR-00807,SR-00807,EQ-0153,Motor Grader,16M Class Grader,SITE-04,2022-06-08,Corrective,Low,13749,Hydraulic Pump,Pump wear,hydraulic flow is low at operating temperature,air entering suction line,replaced damaged seal kit and performed leak test,Cooler gasket set,TECH-0841,2.41,2.8,16651.53,1972.85,18624.38,Completed
MR-00808,SR-00808,EQ-0002,Wheel Loader,20T Class Wheel Loader,SITE-01,2024-05-20,Preventive,High,6075,Hydraulic Hose,Cylinder seal wear,hydraulic oil appears contaminated,low pilot supply pressure,replaced damaged seal kit and performed leak test,Pilot filter,TECH-0451,14.8,2.5,28485.02,12245.13,40730.15,Completed
MR-00809,SR-00809,EQ-0076,Motor Grader,14M Class Grader,SITE-01,2023-01-15,Corrective,Medium,11470,Swing Motor,Low pilot pressure,pilot pressure below expected range,restricted return filter,replaced damaged hose and pressure-tested the circuit,Hydraulic filter,TECH-0739,7.73,9.94,48954.24,4933.45,53887.69,Completed
MR-00810,SR-00810,EQ-0166,Hydraulic Excavator,20T Class Excavator,SITE-04,2025-12-20,Preventive,Low,15966,Main Control Valve,Filter blockage,bucket cylinder leaking externally,contaminated hydraulic oil,inspected hydraulic circuit and isolated the affected component,Hydraulic line fittings,TECH-0830,4.76,3.7,25963.84,4871.58,30835.42,Completed - Monitor
MR-00811,SR-00811,EQ-0216,Backhoe Loader,4WD Backhoe Loader,SITE-01,2023-07-20,Corrective,High,3266,Hydraulic Line,Overheating,swing movement is slow,sticking spool valve,checked pressure and flow at operating temperature,Hydraulic hose,TECH-0922,13.27,2.79,40850.81,9728.88,50579.69,Completed
MR-00812,SR-00812,EQ-0039,Hydraulic Excavator,30T Class Excavator,SITE-07,2024-09-14,Corrective,Critical,2234,Main Control Valve,Pump wear,bucket will not open normally,air entering suction line,tested pilot pressure and inspected pilot circuit,Valve O-rings,TECH-0652,0.76,0.92,64762.83,701.68,65464.51,Completed
MR-00813,SR-00813,EQ-0061,Backhoe Loader,4WD Backhoe Loader,SITE-08,2023-10-18,Condition-Based,High,10502,Hydraulic Tank,Restricted flow,hydraulic response is jerky,internal cylinder leakage,inspected suction line for air ingress and corrected the connection,Return filter element,TECH-0785,6.78,0.25,42084.81,4967.61,47052.42,Completed - Monitor
MR-00814,SR-00814,EQ-0196,Wheel Loader,20T Class Wheel Loader,SITE-02,2022-12-06,Condition-Based,Low,13101,Bucket Cylinder,Cylinder seal wear,boom movement slow under load,high oil temperature,checked pump output and inspected for internal leakage,Pilot filter,TECH-0394,12.69,6.32,55148.24,13650.62,68798.86,Completed
MR-00815,SR-00815,EQ-0237,Hydraulic Excavator,45T Class Excavator,SITE-04,2024-04-20,Preventive,High,14425,Boom Cylinder,Low pilot pressure,hydraulic response is jerky,high oil temperature,"drained contaminated oil, flushed circuit and refilled with filtered oil",No replacement part,TECH-0867,11.17,2.74,31459.9,7850.26,39310.16,Closed
MR-00816,SR-00816,EQ-0188,Hydraulic Excavator,45T Class Excavator,SITE-07,2022-03-10,Condition-Based,High,13229,Travel Motor,External leakage,hydraulic response is jerky,air entering suction line,checked pump output and inspected for internal leakage,Hydraulic hose,TECH-0950,5.49,5.52,8516.68,4125.6,12642.28,Completed
MR-00817,SR-00817,EQ-0139,Hydraulic Excavator,20T Class Excavator,SITE-02,2023-03-27,Preventive,Critical,10797,Hydraulic Pump,External leakage,arm movement slow after hydraulic oil warms,internal cylinder leakage,replaced restricted hydraulic filter and checked contamination source,Valve O-rings,TECH-0420,9.06,7.83,53536.1,5129.09,58665.19,Completed
MR-00818,SR-00818,EQ-0193,Backhoe Loader,4WD Backhoe Loader,SITE-05,2025-03-01,Corrective,Medium,6336,Hydraulic Filter,Internal leakage,pilot pressure below expected range,blocked cooler core,replaced restricted hydraulic filter and checked contamination source,Cooler gasket set,TECH-0038,13.96,6.98,59401.47,14923.23,74324.7,Completed
MR-00819,SR-00819,EQ-0180,Hydraulic Excavator,35T Class Excavator,SITE-02,2023-03-30,Condition-Based,Medium,16167,Hydraulic Tank,Oil contamination,filter restriction indicator activated,degraded hydraulic fluid,replaced restricted hydraulic filter and checked contamination source,Pump seal kit,TECH-0634,12.37,3.5,39948.16,7326.05,47274.21,Completed
MR-00820,SR-00820,EQ-0037,Hydraulic Excavator,30T Class Excavator,SITE-08,2023-03-24,Corrective,Critical,3689,Hydraulic Hose,Cooler restriction,arm movement slow after hydraulic oil warms,damaged hydraulic hose,inspected valve spool movement and cleaned the valve assembly,Return filter element,TECH-0922,1.58,2.58,11597.67,1295.59,12893.26,Closed
MR-00821,SR-00821,EQ-0209,Motor Grader,14M Class Grader,SITE-04,2023-10-11,Corrective,Low,17948,Boom Cylinder,Filter blockage,boom movement slow under load,damaged cylinder seal,"drained contaminated oil, flushed circuit and refilled with filtered oil",Hydraulic line fittings,TECH-0709,4.46,9.41,44275.37,2878.12,47153.49,Completed
MR-00822,SR-00822,EQ-0105,Hydraulic Excavator,30T Class Excavator,SITE-03,2024-05-01,Corrective,Medium,17446,Bucket Cylinder,Filter blockage,travel function loses power on incline,restricted hydraulic line,checked pump output and inspected for internal leakage,Hydraulic oil,TECH-0661,15.92,0.25,20667.78,16172.73,36840.51,Completed
MR-00823,SR-00823,EQ-0109,Backhoe Loader,4WD Backhoe Loader,SITE-06,2025-02-01,Corrective,Critical,2800,Swing Motor,Valve sticking,reduced digging force,internal cylinder leakage,inspected suction line for air ingress and corrected the connection,Hydraulic oil,TECH-0906,13.49,7.06,57118.99,14106.3,71225.29,Completed
MR-00824,SR-00824,EQ-0236,Wheel Loader,20T Class Wheel Loader,SITE-07,2022-12-12,Preventive,Medium,17610,Hydraulic Hose,Accumulator pressure loss,filter restriction indicator activated,contaminated hydraulic oil,replaced damaged hose and pressure-tested the circuit,No replacement part,TECH-0061,13.75,0.51,16301.46,6253.1,22554.56,Completed
MR-00825,SR-00825,EQ-0198,Hydraulic Excavator,30T Class Excavator,SITE-03,2022-09-01,Inspection,High,13620,Hydraulic Hose,Overheating,hydraulic oil temperature rises during continuous operation,worn pump components,tested pilot pressure and inspected pilot circuit,Valve O-rings,TECH-0196,10.24,3.97,17296.81,10004.25,27301.06,Completed
MR-00826,SR-00826,EQ-0226,Hydraulic Excavator,30T Class Excavator,SITE-08,2024-09-03,Corrective,High,11321,Swing Motor,Restricted flow,reduced digging force,damaged cylinder seal,inspected hydraulic circuit and isolated the affected component,Pump seal kit,TECH-0349,3.31,4.48,38734.88,2597.29,41332.17,Completed
MR-00827,SR-00827,EQ-0048,Hydraulic Excavator,30T Class Excavator,SITE-08,2026-05-11,Corrective,Low,15230,Bucket Cylinder,Hose failure,hydraulic flow is low at operating temperature,restricted return filter,replaced damaged seal kit and performed leak test,Hydraulic hose,TECH-0061,1.23,2.4,50887.0,558.94,51445.94,Completed
MR-00828,SR-00828,EQ-0142,Hydraulic Excavator,45T Class Excavator,SITE-05,2026-08-03,Inspection,High,18265,Arm Cylinder,Internal leakage,pump noise increases during operation,restricted hydraulic line,checked accumulator pre-charge and restored it to service specification,Hydraulic line fittings,TECH-0460,2.45,6.56,40867.03,1197.81,42064.84,Completed
MR-00829,SR-00829,EQ-0216,Backhoe Loader,4WD Backhoe Loader,SITE-01,2026-03-09,Corrective,Medium,9299,Hydraulic Tank,Filter blockage,pilot pressure below expected range,sticking spool valve,cleaned cooler and verified hydraulic oil temperature,Cooler gasket set,TECH-0199,1.33,10.99,19525.48,846.91,20372.39,Completed
MR-00830,SR-00830,EQ-0110,Hydraulic Excavator,45T Class Excavator,SITE-06,2026-07-31,Condition-Based,Medium,13514,Hydraulic Tank,Low pilot pressure,pilot pressure below expected range,internal cylinder leakage,tested pilot pressure and inspected pilot circuit,Accumulator charging kit,TECH-0832,15.28,3.71,14007.56,8764.27,22771.83,Completed
MR-00831,SR-00831,EQ-0122,Hydraulic Excavator,30T Class Excavator,SITE-06,2026-07-10,Corrective,Medium,12412,Accumulator,Filter blockage,hydraulic oil temperature rises during continuous operation,contaminated hydraulic oil,replaced damaged hose and pressure-tested the circuit,No replacement part,TECH-0339,11.66,6.93,6580.19,5262.07,11842.26,Completed
MR-00832,SR-00832,EQ-0225,Motor Grader,16M Class Grader,SITE-06,2024-03-11,Corrective,High,12002,Swing Motor,Line restriction,filter restriction indicator activated,low pilot supply pressure,inspected suction line for air ingress and corrected the connection,Hydraulic hose,TECH-0491,13.91,0.25,44870.48,8645.09,53515.57,Completed
MR-00833,SR-00833,EQ-0085,Hydraulic Excavator,35T Class Excavator,SITE-02,2022-02-04,Corrective,Low,6498,Accumulator,Pump wear,bucket will not open normally,high oil temperature,replaced damaged hose and pressure-tested the circuit,Hydraulic oil,TECH-0036,9.51,4.67,43909.62,8640.44,52550.06,Completed
MR-00834,SR-00834,EQ-0028,Hydraulic Excavator,30T Class Excavator,SITE-07,2022-12-22,Corrective,Critical,12996,Fuel System,Overheating,pilot pressure below expected range,high oil temperature,tested pilot pressure and inspected pilot circuit,Valve O-rings,TECH-0723,1.39,4.69,20246.06,1439.93,21685.99,Completed
MR-00835,SR-00835,EQ-0166,Hydraulic Excavator,20T Class Excavator,SITE-04,2024-03-17,Corrective,High,5341,Hydraulic Cooler,Hose failure,bucket will not open normally,restricted hydraulic line,checked pressure and flow at operating temperature,Hydraulic oil,TECH-0613,7.05,8.7,30899.45,5114.98,36014.43,Completed
MR-00836,SR-00836,EQ-0154,Wheel Loader,25T Class Wheel Loader,SITE-05,2023-04-21,Preventive,Low,12153,Hydraulic Line,Filter blockage,pilot pressure below expected range,damaged hydraulic hose,"drained contaminated oil, flushed circuit and refilled with filtered oil",Pump seal kit,TECH-0088,3.69,0.25,41388.96,1813.2,43202.16,Completed
MR-00837,SR-00837,EQ-0060,Motor Grader,14M Class Grader,SITE-08,2023-03-24,Corrective,High,3877,Travel Motor,Filter blockage,pilot pressure below expected range,internal cylinder leakage,checked pressure and flow at operating temperature,Pump seal kit,TECH-0817,4.69,0.25,59410.09,5042.23,64452.32,Completed
MR-00838,SR-00838,EQ-0193,Backhoe Loader,4WD Backhoe Loader,SITE-05,2025-01-25,Corrective,Low,10915,Hydraulic Filter,Valve sticking,bucket will not open normally,high oil temperature,inspected valve spool movement and cleaned the valve assembly,Hydraulic line fittings,TECH-0492,4.09,5.55,62212.38,3515.9,65728.28,Completed
MR-00839,SR-00839,EQ-0217,Wheel Loader,25T Class Wheel Loader,SITE-01,2024-07-28,Corrective,Medium,12427,Main Control Valve,Filter blockage,swing movement is slow,blocked cooler core,"drained contaminated oil, flushed circuit and refilled with filtered oil",Hydraulic line fittings,TECH-0340,10.53,7.79,17952.5,9903.72,27856.22,Completed
MR-00840,SR-00840,EQ-0051,Backhoe Loader,4WD Backhoe Loader,SITE-08,2023-03-08,Preventive,Medium,14530,Hydraulic Filter,Restricted flow,visible oil leak near hydraulic line,contaminated hydraulic oil,checked pressure and flow at operating temperature,Hydraulic oil,TECH-0955,9.43,8.78,27604.84,9729.68,37334.52,Completed
MR-00841,SR-00841,EQ-0054,Crawler Dozer,25T Class Dozer,SITE-01,2024-03-21,Preventive,Low,6852,Pilot Valve,Restricted flow,hydraulic oil temperature rises during continuous operation,damaged cylinder seal,replaced damaged hose and pressure-tested the circuit,Pilot filter,TECH-0012,5.24,2.34,11235.08,5243.06,16478.14,Completed - Monitor
MR-00842,SR-00842,EQ-0064,Hydraulic Excavator,20T Class Excavator,SITE-08,2025-06-17,Corrective,Medium,1883,Pilot Valve,Accumulator pressure loss,hydraulic oil temperature rises during continuous operation,internal cylinder leakage,checked accumulator pre-charge and restored it to service specification,No replacement part,TECH-0505,1.94,0.25,11707.45,1757.32,13464.77,Completed
MR-00843,SR-00843,EQ-0062,Hydraulic Excavator,20T Class Excavator,SITE-07,2024-12-02,Corrective,High,13106,Hydraulic Filter,Cylinder seal wear,bucket will not open normally,restricted hydraulic line,inspected suction line for air ingress and corrected the connection,Accumulator charging kit,TECH-0542,2.64,7.5,25139.95,2847.97,27987.92,Completed
MR-00844,SR-00844,EQ-0169,Hydraulic Excavator,30T Class Excavator,SITE-07,2026-05-24,Condition-Based,Medium,9509,Main Control Valve,External leakage,hydraulic oil temperature rises during continuous operation,damaged hydraulic hose,"drained contaminated oil, flushed circuit and refilled with filtered oil",No replacement part,TECH-0593,5.15,1.61,63610.79,2941.55,66552.34,Completed
MR-00845,SR-00845,EQ-0065,Hydraulic Excavator,20T Class Excavator,SITE-07,2023-05-11,Inspection,Critical,10197,Engine Cooling System,Cylinder seal wear,swing movement is slow,sticking spool valve,tested pilot pressure and inspected pilot circuit,Hydraulic line fittings,TECH-0938,5.69,3.86,64774.31,6174.88,70949.19,Completed
MR-00846,SR-00846,EQ-0086,Crawler Dozer,35T Class Dozer,SITE-07,2024-12-16,Condition-Based,Medium,12308,Accumulator,Filter blockage,filter restriction indicator activated,low pilot supply pressure,checked pump output and inspected for internal leakage,Cooler gasket set,TECH-0218,3.8,8.5,48758.44,3938.68,52697.12,Completed
MR-00847,SR-00847,EQ-0159,Hydraulic Excavator,20T Class Excavator,SITE-03,2022-07-26,Condition-Based,Medium,11266,Hydraulic Tank,Overheating,hydraulic flow is low at operating temperature,high oil temperature,"drained contaminated oil, flushed circuit and refilled with filtered oil",Valve O-rings,TECH-0876,6.69,0.25,50960.53,4054.67,55015.2,Completed
MR-00848,SR-00848,EQ-0229,Wheel Loader,25T Class Wheel Loader,SITE-03,2023-05-31,Corrective,Medium,10652,Arm Cylinder,Hose failure,visible oil leak near hydraulic line,air entering suction line,checked pressure and flow at operating temperature,Accumulator charging kit,TECH-0269,5.46,5.93,18790.3,2964.76,21755.06,Completed
MR-00849,SR-00849,EQ-0086,Crawler Dozer,35T Class Dozer,SITE-07,2024-10-25,Corrective,Low,7140,Engine Cooling System,Pump wear,hydraulic response is jerky,internal cylinder leakage,checked pressure and flow at operating temperature,Accumulator charging kit,TECH-0473,6.77,0.94,13576.9,5429.61,19006.51,Follow-up Required
MR-00850,SR-00850,EQ-0051,Backhoe Loader,4WD Backhoe Loader,SITE-08,2023-02-14,Inspection,Medium,3137,Pilot Valve,Restricted flow,boom movement slow under load,degraded hydraulic fluid,tested pilot pressure and inspected pilot circuit,Accumulator charging kit,TECH-0471,14.92,5.62,61005.09,7428.66,68433.75,Closed
MR-00851,SR-00851,EQ-0042,Hydraulic Excavator,45T Class Excavator,SITE-01,2024-11-15,Preventive,Critical,10492,Bucket Cylinder,Cylinder seal wear,hydraulic response is jerky,restricted hydraulic line,tested pilot pressure and inspected pilot circuit,Pilot filter,TECH-0036,2.15,4.31,46822.81,2339.79,49162.6,Completed
MR-00852,SR-00852,EQ-0085,Hydraulic Excavator,35T Class Excavator,SITE-02,2023-07-28,Corrective,High,13805,Engine Cooling System,Oil contamination,filter restriction indicator activated,degraded hydraulic fluid,checked pressure and flow at operating temperature,Pilot filter,TECH-0384,5.87,4.83,53743.04,4832.41,58575.45,Completed
MR-00853,SR-00853,EQ-0025,Backhoe Loader,4WD Backhoe Loader,SITE-02,2022-03-05,Condition-Based,High,18068,Hydraulic Hose,External leakage,hydraulic oil temperature rises during continuous operation,restricted return filter,inspected hydraulic circuit and isolated the affected component,Hydraulic filter,TECH-0953,15.33,8.07,42055.63,13555.81,55611.44,Completed
MR-00854,SR-00854,EQ-0054,Crawler Dozer,25T Class Dozer,SITE-01,2022-10-08,Corrective,High,17946,Travel Motor,Valve sticking,hydraulic oil appears contaminated,contaminated hydraulic oil,"drained contaminated oil, flushed circuit and refilled with filtered oil",Valve O-rings,TECH-0806,5.88,2.11,33680.65,5268.76,38949.41,Completed
MR-00855,SR-00855,EQ-0105,Hydraulic Excavator,30T Class Excavator,SITE-03,2026-06-13,Corrective,Low,5213,Swing Motor,Cylinder seal wear,hydraulic response is jerky,restricted hydraulic line,inspected valve spool movement and cleaned the valve assembly,Valve O-rings,TECH-0779,13.87,3.21,34317.05,13878.81,48195.86,Completed
MR-00856,SR-00856,EQ-0178,Crawler Dozer,35T Class Dozer,SITE-04,2023-12-07,Preventive,Medium,5063,Hydraulic Pump,Internal leakage,bucket will not open normally,internal cylinder leakage,replaced damaged hose and pressure-tested the circuit,Pilot filter,TECH-0993,7.47,8.43,23579.52,5807.65,29387.17,Completed
MR-00857,SR-00857,EQ-0109,Backhoe Loader,4WD Backhoe Loader,SITE-06,2023-08-07,Condition-Based,Medium,16069,Main Control Valve,Pump wear,boom movement slow under load,restricted hydraulic line,inspected suction line for air ingress and corrected the connection,No replacement part,TECH-0399,5.77,0.25,10295.66,5195.62,15491.28,Completed
MR-00858,SR-00858,EQ-0121,Motor Grader,16M Class Grader,SITE-01,2023-11-18,Corrective,Medium,1849,Main Control Valve,Pump wear,filter restriction indicator activated,restricted hydraulic line,tested pilot pressure and inspected pilot circuit,Hydraulic oil,TECH-0418,2.31,2.12,6987.27,1583.09,8570.36,Completed
MR-00859,SR-00859,EQ-0174,Backhoe Loader,Heavy-Duty Backhoe Loader,SITE-07,2023-04-27,Inspection,Low,2427,Engine Cooling System,Cylinder seal wear,bucket cylinder leaking externally,sticking spool valve,checked accumulator pre-charge and restored it to service specification,Cooler gasket set,TECH-0142,14.46,5.56,43384.59,15758.02,59142.61,Closed
MR-00860,SR-00860,EQ-0001,Crawler Dozer,35T Class Dozer,SITE-04,2025-02-25,Corrective,Low,9051,Hydraulic Cooler,Cylinder seal wear,visible oil leak near hydraulic line,damaged hydraulic hose,tested pilot pressure and inspected pilot circuit,Pilot filter,TECH-0689,6.02,1.73,9931.48,6571.69,16503.17,Completed
MR-00861,SR-00861,EQ-0171,Hydraulic Excavator,45T Class Excavator,SITE-07,2023-09-19,Corrective,Critical,17991,Pilot Valve,Pump wear,hydraulic oil appears contaminated,restricted hydraulic line,checked pressure and flow at operating temperature,Accumulator charging kit,TECH-0067,3.25,6.14,21819.56,3057.6,24877.16,Completed - Monitor
MR-00862,SR-00862,EQ-0004,Hydraulic Excavator,35T Class Excavator,SITE-03,2022-07-20,Corrective,Low,6315,Hydraulic Pump,Restricted flow,travel function loses power on incline,internal cylinder leakage,replaced restricted hydraulic filter and checked contamination source,Return filter element,TECH-0348,14.98,6.6,36796.95,11370.91,48167.86,Completed
MR-00863,SR-00863,EQ-0213,Wheel Loader,25T Class Wheel Loader,SITE-06,2022-12-17,Preventive,Medium,2859,Fuel System,Oil contamination,hydraulic flow is low at operating temperature,sticking spool valve,checked accumulator pre-charge and restored it to service specification,Pump seal kit,TECH-0908,7.1,5.83,55613.3,4738.77,60352.07,Follow-up Required
MR-00864,SR-00864,EQ-0182,Motor Grader,16M Class Grader,SITE-02,2022-06-21,Corrective,High,4814,Bucket Cylinder,Restricted flow,hydraulic flow is low at operating temperature,blocked cooler core,inspected hydraulic circuit and isolated the affected component,Pilot filter,TECH-0060,12.17,12.41,393.61,5906.93,6300.54,Completed
MR-00865,SR-00865,EQ-0134,Hydraulic Excavator,20T Class Excavator,SITE-03,2025-08-28,Preventive,High,2607,Travel Motor,Hose failure,bucket cylinder leaking externally,internal cylinder leakage,inspected suction line for air ingress and corrected the connection,Hydraulic filter,TECH-0007,14.83,0.25,25974.45,14977.69,40952.14,Closed
MR-00866,SR-00866,EQ-0200,Wheel Loader,25T Class Wheel Loader,SITE-08,2023-09-22,Corrective,Medium,8887,Swing Motor,Oil contamination,reduced digging force,blocked cooler core,checked accumulator pre-charge and restored it to service specification,Pump seal kit,TECH-0088,12.4,5.45,11515.67,10122.68,21638.35,Completed
MR-00867,SR-00867,EQ-0020,Wheel Loader,20T Class Wheel Loader,SITE-02,2023-02-01,Preventive,High,14230,Boom Cylinder,Valve sticking,swing movement is slow,low pilot supply pressure,"drained contaminated oil, flushed circuit and refilled with filtered oil",No replacement part,TECH-0660,2.88,3.89,7578.35,2849.54,10427.89,Completed
MR-00868,SR-00868,EQ-0164,Wheel Loader,25T Class Wheel Loader,SITE-06,2024-09-17,Corrective,High,2744,Pilot Valve,Air ingress,filter restriction indicator activated,loss of accumulator pre-charge,replaced damaged hose and pressure-tested the circuit,Hydraulic filter,TECH-0089,8.95,1.79,19445.39,4846.32,24291.71,Closed
MR-00869,SR-00869,EQ-0231,Hydraulic Excavator,30T Class Excavator,SITE-08,2023-11-11,Preventive,High,2238,Arm Cylinder,Overheating,bucket cylinder leaking externally,low pilot supply pressure,replaced damaged hose and pressure-tested the circuit,Hydraulic hose,TECH-0787,14.74,4.37,26119.02,16094.16,42213.18,Completed - Monitor
MR-00870,SR-00870,EQ-0227,Hydraulic Excavator,20T Class Excavator,SITE-03,2026-02-03,Inspection,High,4243,Swing Motor,Air ingress,hydraulic oil temperature rises during continuous operation,restricted return filter,checked accumulator pre-charge and restored it to service specification,Hydraulic line fittings,TECH-0511,6.95,9.49,53988.45,6045.83,60034.28,Completed
MR-00871,SR-00871,EQ-0239,Crawler Dozer,25T Class Dozer,SITE-02,2024-07-18,Inspection,Medium,12331,Pilot Valve,Overheating,visible oil leak near hydraulic line,high oil temperature,inspected hydraulic circuit and isolated the affected component,Pilot filter,TECH-0455,11.83,1.93,13062.62,9454.82,22517.44,Completed
MR-00872,SR-00872,EQ-0116,Crawler Dozer,35T Class Dozer,SITE-08,2022-07-26,Inspection,Medium,8071,Pilot Valve,Filter blockage,bucket cylinder leaking externally,loss of accumulator pre-charge,inspected hydraulic circuit and isolated the affected component,Pump seal kit,TECH-0137,12.76,0.78,17482.23,12787.27,30269.5,Completed
MR-00873,SR-00873,EQ-0093,Hydraulic Excavator,45T Class Excavator,SITE-05,2023-03-04,Preventive,Low,14802,Boom Cylinder,External leakage,visible oil leak near hydraulic line,sticking spool valve,tested pilot pressure and inspected pilot circuit,Hydraulic line fittings,TECH-0776,2.67,1.78,11952.82,1394.93,13347.75,Closed
MR-00874,SR-00874,EQ-0129,Hydraulic Excavator,35T Class Excavator,SITE-08,2025-11-18,Inspection,High,7845,Hydraulic Pump,Oil contamination,visible oil leak near hydraulic line,loss of accumulator pre-charge,cleaned cooler and verified hydraulic oil temperature,No replacement part,TECH-0691,10.36,4.41,5243.55,5111.96,10355.51,Completed
MR-00875,SR-00875,EQ-0095,Hydraulic Excavator,20T Class Excavator,SITE-02,2024-02-01,Corrective,Critical,11714,Boom Cylinder,Restricted flow,hydraulic oil temperature rises during continuous operation,degraded hydraulic fluid,inspected valve spool movement and cleaned the valve assembly,Accumulator charging kit,TECH-1000,3.95,7.87,59247.61,2329.61,61577.22,Completed
MR-00876,SR-00876,EQ-0116,Crawler Dozer,35T Class Dozer,SITE-08,2024-10-07,Corrective,Medium,12078,Fuel System,Accumulator pressure loss,hydraulic response is jerky,degraded hydraulic fluid,checked accumulator pre-charge and restored it to service specification,Cooler gasket set,TECH-0529,12.64,6.76,59086.44,12418.37,71504.81,Completed
MR-00877,SR-00877,EQ-0094,Backhoe Loader,Heavy-Duty Backhoe Loader,SITE-01,2022-06-27,Corrective,Low,10274,Fuel System,External leakage,hydraulic response is jerky,contaminated hydraulic oil,replaced damaged hose and pressure-tested the circuit,Pump seal kit,TECH-0809,3.11,2.71,4030.97,2173.82,6204.79,Completed - Monitor
MR-00878,SR-00878,EQ-0059,Hydraulic Excavator,35T Class Excavator,SITE-01,2023-02-23,Corrective,High,7054,Fuel System,Air ingress,visible oil leak near hydraulic line,restricted return filter,inspected suction line for air ingress and corrected the connection,Hydraulic hose,TECH-0602,1.59,3.65,5896.57,905.29,6801.86,Follow-up Required
MR-00879,SR-00879,EQ-0218,Backhoe Loader,Heavy-Duty Backhoe Loader,SITE-06,2023-06-25,Corrective,High,2688,Swing Motor,Filter blockage,hydraulic flow is low at operating temperature,high oil temperature,checked accumulator pre-charge and restored it to service specification,Hydraulic hose,TECH-0020,15.48,5.72,42761.63,8245.04,51006.67,Completed
MR-00880,SR-00880,EQ-0163,Hydraulic Excavator,20T Class Excavator,SITE-02,2024-02-20,Preventive,High,8745,Fuel System,Internal leakage,swing movement is slow,damaged cylinder seal,inspected valve spool movement and cleaned the valve assembly,Hydraulic line fittings,TECH-0655,8.21,1.53,62110.26,3858.42,65968.68,Completed
MR-00881,SR-00881,EQ-0014,Wheel Loader,25T Class Wheel Loader,SITE-04,2022-12-21,Condition-Based,Low,3840,Pilot Valve,Restricted flow,hydraulic flow is low at operating temperature,restricted hydraulic line,checked pressure and flow at operating temperature,Return filter element,TECH-0823,8.94,10.02,39415.42,4238.16,43653.58,Completed
MR-00882,SR-00882,EQ-0220,Hydraulic Excavator,35T Class Excavator,SITE-05,2022-01-24,Corrective,Medium,11013,Hydraulic Line,Overheating,filter restriction indicator activated,sticking spool valve,cleaned cooler and verified hydraulic oil temperature,Return filter element,TECH-0245,11.4,6.21,58941.04,7304.73,66245.77,Closed
MR-00883,SR-00883,EQ-0070,Wheel Loader,25T Class Wheel Loader,SITE-01,2022-04-06,Inspection,High,2413,Hydraulic Hose,Low pilot pressure,travel function loses power on incline,internal cylinder leakage,replaced damaged seal kit and performed leak test,Cooler gasket set,TECH-0779,5.29,4.52,57853.66,3702.7,61556.36,Completed
MR-00884,SR-00884,EQ-0183,Hydraulic Excavator,30T Class Excavator,SITE-01,2024-02-03,Corrective,Medium,16344,Hydraulic Pump,Restricted flow,hydraulic oil appears contaminated,restricted hydraulic line,"drained contaminated oil, flushed circuit and refilled with filtered oil",Pilot filter,TECH-0448,3.96,0.25,23560.7,3879.1,27439.8,Completed
MR-00885,SR-00885,EQ-0092,Wheel Loader,25T Class Wheel Loader,SITE-06,2022-04-25,Inspection,High,11295,Boom Cylinder,Pump wear,travel function loses power on incline,high oil temperature,replaced damaged seal kit and performed leak test,Hydraulic line fittings,TECH-0159,11.64,3.36,4601.22,10576.42,15177.64,Completed - Monitor
MR-00886,SR-00886,EQ-0229,Wheel Loader,25T Class Wheel Loader,SITE-03,2026-04-01,Inspection,High,2125,Hydraulic Line,Internal leakage,pump noise increases during operation,internal cylinder leakage,replaced restricted hydraulic filter and checked contamination source,Pilot filter,TECH-0549,8.3,6.18,26768.55,5487.77,32256.32,Completed
MR-00887,SR-00887,EQ-0008,Hydraulic Excavator,20T Class Excavator,SITE-08,2023-07-09,Preventive,Medium,7858,Hydraulic Tank,Overheating,hydraulic flow is low at operating temperature,restricted return filter,inspected valve spool movement and cleaned the valve assembly,Pilot filter,TECH-0946,15.12,4.33,54272.48,15618.3,69890.78,Completed - Monitor
MR-00888,SR-00888,EQ-0063,Hydraulic Excavator,45T Class Excavator,SITE-01,2025-08-13,Preventive,Medium,7996,Boom Cylinder,Low pilot pressure,arm movement slow after hydraulic oil warms,worn pump components,inspected suction line for air ingress and corrected the connection,Pilot filter,TECH-0077,5.77,6.89,711.45,4931.35,5642.8,Completed
MR-00889,SR-00889,EQ-0048,Hydraulic Excavator,30T Class Excavator,SITE-08,2024-09-21,Condition-Based,Medium,5209,Hydraulic Tank,Overheating,hydraulic flow is low at operating temperature,degraded hydraulic fluid,"drained contaminated oil, flushed circuit and refilled with filtered oil",Accumulator charging kit,TECH-0152,8.05,3.4,54920.31,3644.29,58564.6,Completed
MR-00890,SR-00890,EQ-0142,Hydraulic Excavator,45T Class Excavator,SITE-05,2024-01-26,Corrective,Medium,6743,Hydraulic Filter,Pump wear,reduced digging force,air entering suction line,tested pilot pressure and inspected pilot circuit,Hydraulic line fittings,TECH-0212,1.58,9.89,57521.2,1523.18,59044.38,Completed
MR-00891,SR-00891,EQ-0040,Crawler Dozer,35T Class Dozer,SITE-04,2023-01-05,Corrective,Medium,4588,Hydraulic Tank,Pump wear,pilot pressure below expected range,degraded hydraulic fluid,inspected suction line for air ingress and corrected the connection,Cylinder seal kit,TECH-0482,10.48,3.06,48173.03,9233.44,57406.47,Completed
MR-00892,SR-00892,EQ-0199,Hydraulic Excavator,30T Class Excavator,SITE-03,2024-10-01,Preventive,High,5756,Engine Cooling System,Cooler restriction,travel function loses power on incline,air entering suction line,checked pressure and flow at operating temperature,Return filter element,TECH-0021,1.93,0.25,51206.64,1318.37,52525.01,Completed
MR-00893,SR-00893,EQ-0187,Wheel Loader,25T Class Wheel Loader,SITE-04,2024-06-05,Corrective,Low,4438,Swing Motor,Oil contamination,hydraulic response is jerky,damaged cylinder seal,checked pump output and inspected for internal leakage,Valve O-rings,TECH-0087,3.11,1.2,2833.6,1466.19,4299.79,Completed
MR-00894,SR-00894,EQ-0131,Wheel Loader,20T Class Wheel Loader,SITE-01,2024-04-01,Inspection,Medium,8991,Hydraulic Filter,Air ingress,hydraulic flow is low at operating temperature,damaged hydraulic hose,inspected suction line for air ingress and corrected the connection,Cooler gasket set,TECH-0790,0.76,5.54,32349.98,641.74,32991.72,Completed
MR-00895,SR-00895,EQ-0202,Crawler Dozer,25T Class Dozer,SITE-08,2023-12-16,Corrective,Medium,10116,Hydraulic Line,Cylinder seal wear,hydraulic response is jerky,high oil temperature,checked pressure and flow at operating temperature,Hydraulic oil,TECH-0946,15.03,4.56,32181.53,10170.73,42352.26,Completed
MR-00896,SR-00896,EQ-0165,Wheel Loader,25T Class Wheel Loader,SITE-03,2025-06-22,Condition-Based,Medium,7838,Hydraulic Pump,Overheating,arm movement slow after hydraulic oil warms,degraded hydraulic fluid,inspected suction line for air ingress and corrected the connection,Accumulator charging kit,TECH-0584,14.61,3.62,45097.73,8236.92,53334.65,Completed
MR-00897,SR-00897,EQ-0029,Hydraulic Excavator,20T Class Excavator,SITE-01,2023-04-28,Inspection,Low,14464,Arm Cylinder,Overheating,boom movement slow under load,restricted hydraulic line,replaced restricted hydraulic filter and checked contamination source,Pilot filter,TECH-0845,8.83,3.19,13142.8,6095.47,19238.27,Closed
MR-00898,SR-00898,EQ-0123,Crawler Dozer,25T Class Dozer,SITE-06,2025-02-24,Corrective,Medium,18163,Swing Motor,Oil contamination,reduced digging force,high oil temperature,checked pressure and flow at operating temperature,Return filter element,TECH-0978,14.81,8.2,64420.74,15949.73,80370.47,Completed
MR-00899,SR-00899,EQ-0059,Hydraulic Excavator,35T Class Excavator,SITE-01,2026-03-24,Preventive,High,11769,Hydraulic Tank,Overheating,travel function loses power on incline,worn pump components,replaced damaged hose and pressure-tested the circuit,Pilot filter,TECH-0016,5.33,0.8,48730.6,4184.77,52915.37,Completed - Monitor
MR-00900,SR-00900,EQ-0081,Backhoe Loader,4WD Backhoe Loader,SITE-07,2026-05-12,Corrective,Medium,7024,Pilot Valve,Restricted flow,visible oil leak near hydraulic line,high oil temperature,inspected valve spool movement and cleaned the valve assembly,No replacement part,TECH-0191,9.03,5.28,26735.5,9551.03,36286.53,Completed
MR-00901,SR-00901,EQ-0208,Hydraulic Excavator,45T Class Excavator,SITE-08,2023-05-27,Preventive,Low,12837,Engine Cooling System,Cylinder seal wear,visible oil leak near hydraulic line,loss of accumulator pre-charge,replaced damaged seal kit and performed leak test,No replacement part,TECH-0548,14.02,2.9,30856.56,12586.55,43443.11,Completed - Monitor
MR-00902,SR-00902,EQ-0098,Hydraulic Excavator,30T Class Excavator,SITE-08,2024-03-01,Corrective,Low,16717,Engine Cooling System,External leakage,boom movement slow under load,restricted hydraulic line,replaced restricted hydraulic filter and checked contamination source,No replacement part,TECH-0895,7.09,0.55,64064.69,5391.19,69455.88,Completed - Monitor
MR-00903,SR-00903,EQ-0202,Crawler Dozer,25T Class Dozer,SITE-08,2024-03-02,Corrective,High,9887,Accumulator,Filter blockage,hydraulic oil temperature rises during continuous operation,loss of accumulator pre-charge,replaced restricted hydraulic filter and checked contamination source,Accumulator charging kit,TECH-0824,15.85,6.01,9605.88,8597.5,18203.38,Follow-up Required
MR-00904,SR-00904,EQ-0046,Hydraulic Excavator,20T Class Excavator,SITE-08,2022-03-08,Preventive,High,13209,Swing Motor,Overheating,pilot pressure below expected range,restricted hydraulic line,inspected suction line for air ingress and corrected the connection,Pilot filter,TECH-0960,9.18,0.25,5743.3,4770.18,10513.48,Closed
MR-00905,SR-00905,EQ-0230,Motor Grader,16M Class Grader,SITE-07,2023-10-26,Corrective,High,6178,Bucket Cylinder,Overheating,pilot pressure below expected range,internal cylinder leakage,inspected hydraulic circuit and isolated the affected component,Cylinder seal kit,TECH-0121,12.97,2.7,49897.38,13338.74,63236.12,Completed
MR-00906,SR-00906,EQ-0083,Wheel Loader,20T Class Wheel Loader,SITE-04,2024-03-09,Preventive,Medium,9805,Accumulator,Restricted flow,hydraulic flow is low at operating temperature,damaged cylinder seal,inspected suction line for air ingress and corrected the connection,Accumulator charging kit,TECH-0142,15.68,3.99,44161.41,12835.86,56997.27,Closed
MR-00907,SR-00907,EQ-0111,Crawler Dozer,25T Class Dozer,SITE-02,2024-10-19,Corrective,Low,17320,Hydraulic Line,Pump wear,hydraulic oil temperature rises during continuous operation,restricted return filter,replaced restricted hydraulic filter and checked contamination source,Pilot filter,TECH-0356,12.15,9.54,64254.2,10449.18,74703.38,Follow-up Required
MR-00908,SR-00908,EQ-0042,Hydraulic Excavator,45T Class Excavator,SITE-01,2024-09-26,Condition-Based,High,9939,Fuel System,Restricted flow,bucket cylinder leaking externally,internal cylinder leakage,replaced restricted hydraulic filter and checked contamination source,Hydraulic filter,TECH-0966,14.13,4.88,8070.31,12875.43,20945.74,Completed
MR-00909,SR-00909,EQ-0190,Hydraulic Excavator,35T Class Excavator,SITE-03,2023-06-19,Corrective,Low,10058,Engine Cooling System,Accumulator pressure loss,pilot pressure below expected range,blocked cooler core,"drained contaminated oil, flushed circuit and refilled with filtered oil",Return filter element,TECH-0785,1.97,6.71,51681.23,1590.09,53271.32,Closed
MR-00910,SR-00910,EQ-0108,Hydraulic Excavator,45T Class Excavator,SITE-03,2025-03-10,Preventive,High,18358,Bucket Cylinder,External leakage,visible oil leak near hydraulic line,blocked cooler core,cleaned cooler and verified hydraulic oil temperature,Hydraulic oil,TECH-0652,6.51,3.46,44344.48,5658.54,50003.02,Completed
MR-00911,SR-00911,EQ-0086,Crawler Dozer,35T Class Dozer,SITE-07,2026-03-19,Inspection,Low,3875,Hydraulic Line,Restricted flow,visible oil leak near hydraulic line,worn pump components,inspected suction line for air ingress and corrected the connection,Hydraulic oil,TECH-0202,4.86,7.31,907.47,3060.47,3967.94,Follow-up Required
MR-00912,SR-00912,EQ-0051,Backhoe Loader,4WD Backhoe Loader,SITE-08,2026-03-05,Condition-Based,High,14130,Bucket Cylinder,Internal leakage,hydraulic flow is low at operating temperature,contaminated hydraulic oil,cleaned cooler and verified hydraulic oil temperature,Accumulator charging kit,TECH-0686,5.41,3.16,1896.32,4764.15,6660.47,Completed
MR-00913,SR-00913,EQ-0236,Wheel Loader,20T Class Wheel Loader,SITE-07,2022-10-26,Corrective,High,12132,Main Control Valve,Pump wear,boom movement slow under load,restricted hydraulic line,inspected valve spool movement and cleaned the valve assembly,Hydraulic hose,TECH-0365,8.2,0.65,40753.21,3770.17,44523.38,Completed
MR-00914,SR-00914,EQ-0023,Wheel Loader,25T Class Wheel Loader,SITE-03,2026-01-10,Corrective,High,14554,Bucket Cylinder,Valve sticking,boom movement slow under load,restricted return filter,"drained contaminated oil, flushed circuit and refilled with filtered oil",Cooler gasket set,TECH-0646,7.84,5.8,25547.21,5317.08,30864.29,Closed
MR-00915,SR-00915,EQ-0147,Crawler Dozer,35T Class Dozer,SITE-06,2023-09-10,Corrective,High,9162,Hydraulic Hose,Hose failure,visible oil leak near hydraulic line,worn pump components,inspected suction line for air ingress and corrected the connection,Pilot filter,TECH-0413,9.21,0.25,7703.93,8892.47,16596.4,Closed
MR-00916,SR-00916,EQ-0228,Hydraulic Excavator,35T Class Excavator,SITE-01,2024-09-13,Corrective,High,8237,Accumulator,Overheating,bucket cylinder leaking externally,degraded hydraulic fluid,inspected suction line for air ingress and corrected the connection,Hydraulic line fittings,TECH-0354,12.49,4.45,35532.25,9820.27,45352.52,Completed - Monitor
MR-00917,SR-00917,EQ-0211,Motor Grader,14M Class Grader,SITE-07,2023-08-06,Corrective,High,9338,Main Control Valve,Line restriction,filter restriction indicator activated,degraded hydraulic fluid,checked pressure and flow at operating temperature,Hydraulic filter,TECH-0984,5.95,4.29,33674.95,3800.52,37475.47,Completed
MR-00918,SR-00918,EQ-0176,Hydraulic Excavator,35T Class Excavator,SITE-08,2022-04-22,Condition-Based,Medium,14499,Hydraulic Tank,Line restriction,hydraulic response is jerky,restricted hydraulic line,replaced restricted hydraulic filter and checked contamination source,Hydraulic oil,TECH-0077,15.82,6.31,6224.41,13372.86,19597.27,Completed
MR-00919,SR-00919,EQ-0020,Wheel Loader,20T Class Wheel Loader,SITE-02,2025-12-01,Preventive,High,10206,Hydraulic Line,Accumulator pressure loss,hydraulic response is jerky,low pilot supply pressure,tested pilot pressure and inspected pilot circuit,Pump seal kit,TECH-0745,2.49,9.07,57320.83,1354.75,58675.58,Completed - Monitor
MR-00920,SR-00920,EQ-0160,Wheel Loader,20T Class Wheel Loader,SITE-06,2023-09-07,Preventive,High,12487,Swing Motor,Overheating,travel function loses power on incline,damaged hydraulic hose,replaced restricted hydraulic filter and checked contamination source,Pump seal kit,TECH-0446,4.28,5.32,61232.67,3466.84,64699.51,Completed - Monitor
MR-00921,SR-00921,EQ-0020,Wheel Loader,20T Class Wheel Loader,SITE-02,2026-01-04,Corrective,High,6655,Travel Motor,Low pilot pressure,pilot pressure below expected range,high oil temperature,tested pilot pressure and inspected pilot circuit,Hydraulic oil,TECH-0869,10.95,0.25,45568.94,8678.1,54247.04,Completed
MR-00922,SR-00922,EQ-0134,Hydraulic Excavator,20T Class Excavator,SITE-03,2022-04-24,Inspection,High,11243,Hydraulic Line,Pump wear,pump noise increases during operation,high oil temperature,"drained contaminated oil, flushed circuit and refilled with filtered oil",Pump seal kit,TECH-0698,12.2,6.63,28269.26,9791.92,38061.18,Completed
MR-00923,SR-00923,EQ-0067,Hydraulic Excavator,30T Class Excavator,SITE-03,2023-12-03,Corrective,Medium,5552,Main Control Valve,Air ingress,visible oil leak near hydraulic line,damaged hydraulic hose,checked pressure and flow at operating temperature,Pilot filter,TECH-0772,13.05,2.32,3677.61,8908.19,12585.8,Closed
MR-00924,SR-00924,EQ-0173,Hydraulic Excavator,20T Class Excavator,SITE-06,2024-08-26,Corrective,High,15266,Fuel System,Line restriction,hydraulic response is jerky,loss of accumulator pre-charge,tested pilot pressure and inspected pilot circuit,No replacement part,TECH-0540,3.63,4.91,57889.05,1783.66,59672.71,Closed
MR-00925,SR-00925,EQ-0238,Wheel Loader,20T Class Wheel Loader,SITE-07,2025-09-28,Corrective,Medium,6691,Hydraulic Line,Oil contamination,pilot pressure below expected range,damaged cylinder seal,replaced restricted hydraulic filter and checked contamination source,Hydraulic line fittings,TECH-0144,14.04,3.54,22522.85,11244.88,33767.73,Completed
MR-00926,SR-00926,EQ-0105,Hydraulic Excavator,30T Class Excavator,SITE-03,2024-08-30,Corrective,Critical,6081,Engine Cooling System,Internal leakage,hydraulic flow is low at operating temperature,internal cylinder leakage,checked pump output and inspected for internal leakage,Cylinder seal kit,TECH-0814,10.75,2.94,27108.44,6205.99,33314.43,Completed
MR-00927,SR-00927,EQ-0178,Crawler Dozer,35T Class Dozer,SITE-04,2023-01-26,Corrective,Medium,12222,Hydraulic Filter,Valve sticking,arm movement slow after hydraulic oil warms,damaged hydraulic hose,checked pump output and inspected for internal leakage,Hydraulic oil,TECH-0967,9.23,7.13,30007.5,6001.72,36009.22,Completed
MR-00928,SR-00928,EQ-0003,Crawler Dozer,35T Class Dozer,SITE-07,2025-12-05,Inspection,Medium,3048,Hydraulic Hose,Valve sticking,pilot pressure below expected range,degraded hydraulic fluid,inspected suction line for air ingress and corrected the connection,Hydraulic filter,TECH-0745,13.28,6.8,20862.88,11212.47,32075.35,Completed - Monitor
MR-00929,SR-00929,EQ-0036,Crawler Dozer,35T Class Dozer,SITE-04,2025-05-02,Condition-Based,High,15160,Hydraulic Tank,External leakage,hydraulic response is jerky,degraded hydraulic fluid,inspected hydraulic circuit and isolated the affected component,Valve O-rings,TECH-0922,2.12,0.25,23137.18,1794.28,24931.46,Completed
MR-00930,SR-00930,EQ-0235,Hydraulic Excavator,30T Class Excavator,SITE-07,2023-03-24,Condition-Based,Critical,3487,Bucket Cylinder,Cooler restriction,pilot pressure below expected range,restricted hydraulic line,replaced damaged seal kit and performed leak test,Hydraulic oil,TECH-0117,6.6,7.0,5801.16,3603.67,9404.83,Completed
MR-00931,SR-00931,EQ-0198,Hydraulic Excavator,30T Class Excavator,SITE-03,2024-07-09,Corrective,High,17220,Bucket Cylinder,Hose failure,filter restriction indicator activated,damaged hydraulic hose,replaced damaged seal kit and performed leak test,Hydraulic line fittings,TECH-0752,2.87,1.76,1172.93,2812.03,3984.96,Completed
MR-00932,SR-00932,EQ-0186,Hydraulic Excavator,20T Class Excavator,SITE-03,2025-12-21,Corrective,High,15791,Hydraulic Hose,Filter blockage,reduced digging force,damaged hydraulic hose,"drained contaminated oil, flushed circuit and refilled with filtered oil",Pilot filter,TECH-0186,5.66,2.26,14949.85,4233.48,19183.33,Completed
MR-00933,SR-00933,EQ-0238,Wheel Loader,20T Class Wheel Loader,SITE-07,2024-09-27,Corrective,Critical,5385,Fuel System,External leakage,bucket cylinder leaking externally,worn pump components,replaced restricted hydraulic filter and checked contamination source,Hydraulic line fittings,TECH-0634,11.4,0.25,4259.62,10269.95,14529.57,Completed
MR-00934,SR-00934,EQ-0008,Hydraulic Excavator,20T Class Excavator,SITE-08,2025-07-19,Corrective,Low,9408,Hydraulic Line,Low pilot pressure,bucket will not open normally,blocked cooler core,"drained contaminated oil, flushed circuit and refilled with filtered oil",Pilot filter,TECH-0457,15.37,6.67,5094.47,12046.22,17140.69,Completed
MR-00935,SR-00935,EQ-0092,Wheel Loader,25T Class Wheel Loader,SITE-06,2025-08-17,Corrective,Medium,10122,Fuel System,Low pilot pressure,travel function loses power on incline,sticking spool valve,inspected hydraulic circuit and isolated the affected component,Pump seal kit,TECH-0128,7.12,6.31,4396.66,5915.78,10312.44,Completed
MR-00936,SR-00936,EQ-0132,Wheel Loader,25T Class Wheel Loader,SITE-01,2025-09-07,Corrective,Medium,4473,Engine Cooling System,Accumulator pressure loss,pilot pressure below expected range,internal cylinder leakage,replaced restricted hydraulic filter and checked contamination source,Hydraulic hose,TECH-0415,9.24,8.37,3637.91,10081.61,13719.52,Completed
MR-00937,SR-00937,EQ-0118,Hydraulic Excavator,20T Class Excavator,SITE-05,2025-03-18,Corrective,High,17503,Hydraulic Filter,External leakage,bucket will not open normally,restricted return filter,inspected suction line for air ingress and corrected the connection,Valve O-rings,TECH-0375,5.06,2.19,61705.37,5041.35,66746.72,Completed
MR-00938,SR-00938,EQ-0203,Backhoe Loader,4WD Backhoe Loader,SITE-01,2024-08-17,Corrective,Critical,10618,Main Control Valve,Filter blockage,pilot pressure below expected range,contaminated hydraulic oil,"drained contaminated oil, flushed circuit and refilled with filtered oil",Accumulator charging kit,TECH-0897,2.69,3.08,35300.83,1673.23,36974.06,Completed
MR-00939,SR-00939,EQ-0057,Hydraulic Excavator,20T Class Excavator,SITE-08,2024-05-01,Corrective,Medium,6879,Hydraulic Filter,Internal leakage,hydraulic oil temperature rises during continuous operation,restricted hydraulic line,cleaned cooler and verified hydraulic oil temperature,Accumulator charging kit,TECH-0007,1.88,5.33,35044.01,2026.0,37070.01,Completed
MR-00940,SR-00940,EQ-0200,Wheel Loader,25T Class Wheel Loader,SITE-08,2026-02-03,Condition-Based,Low,10125,Engine Cooling System,Oil contamination,reduced digging force,internal cylinder leakage,checked accumulator pre-charge and restored it to service specification,Hydraulic filter,TECH-0220,5.85,0.25,41594.48,6220.3,47814.78,Completed - Monitor
MR-00941,SR-00941,EQ-0075,Wheel Loader,20T Class Wheel Loader,SITE-08,2022-05-26,Inspection,Medium,14200,Hydraulic Pump,Valve sticking,travel function loses power on incline,internal cylinder leakage,checked accumulator pre-charge and restored it to service specification,Cooler gasket set,TECH-0186,2.18,6.65,61644.3,2228.48,63872.78,Closed
MR-00942,SR-00942,EQ-0120,Crawler Dozer,35T Class Dozer,SITE-04,2026-02-03,Corrective,High,17965,Main Control Valve,Overheating,travel function loses power on incline,low pilot supply pressure,replaced damaged seal kit and performed leak test,Return filter element,TECH-0282,14.88,6.71,14318.62,7575.96,21894.58,Completed
MR-00943,SR-00943,EQ-0043,Hydraulic Excavator,35T Class Excavator,SITE-02,2022-09-14,Corrective,Low,15275,Accumulator,Internal leakage,hydraulic response is jerky,high oil temperature,replaced restricted hydraulic filter and checked contamination source,Accumulator charging kit,TECH-0038,11.78,3.82,41651.4,11877.4,53528.8,Completed
MR-00944,SR-00944,EQ-0103,Hydraulic Excavator,35T Class Excavator,SITE-06,2022-10-30,Corrective,High,2544,Hydraulic Hose,Restricted flow,hydraulic flow is low at operating temperature,restricted hydraulic line,"drained contaminated oil, flushed circuit and refilled with filtered oil",Pilot filter,TECH-0063,7.64,3.1,47159.52,6486.03,53645.55,Completed
MR-00945,SR-00945,EQ-0183,Hydraulic Excavator,30T Class Excavator,SITE-01,2025-07-31,Corrective,Medium,4531,Bucket Cylinder,Accumulator pressure loss,pilot pressure below expected range,air entering suction line,checked accumulator pre-charge and restored it to service specification,No replacement part,TECH-0256,2.97,4.08,12118.4,1488.82,13607.22,Completed
MR-00946,SR-00946,EQ-0014,Wheel Loader,25T Class Wheel Loader,SITE-04,2022-01-30,Corrective,Medium,15698,Hydraulic Tank,Overheating,pilot pressure below expected range,restricted return filter,inspected valve spool movement and cleaned the valve assembly,Return filter element,TECH-0933,7.95,6.27,50642.37,7557.04,58199.41,Completed
MR-00947,SR-00947,EQ-0032,Hydraulic Excavator,20T Class Excavator,SITE-03,2022-10-24,Condition-Based,Medium,14740,Hydraulic Cooler,Air ingress,arm movement slow after hydraulic oil warms,blocked cooler core,cleaned cooler and verified hydraulic oil temperature,Return filter element,TECH-0657,5.66,9.37,5635.73,5517.39,11153.12,Follow-up Required
MR-00948,SR-00948,EQ-0176,Hydraulic Excavator,35T Class Excavator,SITE-08,2025-11-23,Corrective,Medium,8680,Boom Cylinder,Hose failure,bucket will not open normally,restricted hydraulic line,cleaned cooler and verified hydraulic oil temperature,Hydraulic oil,TECH-0099,1.35,4.28,1645.92,1292.71,2938.63,Completed - Monitor
MR-00949,SR-00949,EQ-0028,Hydraulic Excavator,30T Class Excavator,SITE-07,2025-08-14,Corrective,High,17323,Swing Motor,Air ingress,hydraulic flow is low at operating temperature,low pilot supply pressure,checked pump output and inspected for internal leakage,Cylinder seal kit,TECH-0603,13.47,2.93,63855.79,12143.16,75998.95,Completed
MR-00950,SR-00950,EQ-0196,Wheel Loader,20T Class Wheel Loader,SITE-02,2025-08-07,Inspection,High,13915,Fuel System,Oil contamination,arm movement slow after hydraulic oil warms,damaged cylinder seal,replaced damaged seal kit and performed leak test,No replacement part,TECH-0509,10.61,2.06,15535.98,8914.76,24450.74,Completed
MR-00951,SR-00951,EQ-0104,Hydraulic Excavator,30T Class Excavator,SITE-04,2023-01-25,Corrective,Medium,12328,Accumulator,External leakage,hydraulic oil appears contaminated,loss of accumulator pre-charge,tested pilot pressure and inspected pilot circuit,Hydraulic line fittings,TECH-1000,11.74,7.6,11340.34,12335.14,23675.48,Completed
MR-00952,SR-00952,EQ-0221,Hydraulic Excavator,35T Class Excavator,SITE-08,2023-07-28,Preventive,Medium,11167,Arm Cylinder,Line restriction,bucket will not open normally,low pilot supply pressure,replaced damaged hose and pressure-tested the circuit,Return filter element,TECH-0099,11.29,3.97,24021.46,5850.94,29872.4,Completed
MR-00953,SR-00953,EQ-0136,Backhoe Loader,Heavy-Duty Backhoe Loader,SITE-03,2024-07-12,Corrective,Medium,14637,Engine Cooling System,Overheating,arm movement slow after hydraulic oil warms,low pilot supply pressure,inspected hydraulic circuit and isolated the affected component,No replacement part,TECH-0880,12.54,6.62,57580.99,12909.56,70490.55,Closed
MR-00954,SR-00954,EQ-0237,Hydraulic Excavator,45T Class Excavator,SITE-04,2025-07-23,Preventive,Critical,4308,Accumulator,Line restriction,hydraulic response is jerky,low pilot supply pressure,checked accumulator pre-charge and restored it to service specification,Hydraulic oil,TECH-0767,5.65,5.31,22031.52,3771.15,25802.67,Completed
MR-00955,SR-00955,EQ-0044,Wheel Loader,25T Class Wheel Loader,SITE-02,2022-06-17,Corrective,Low,11291,Hydraulic Pump,Filter blockage,filter restriction indicator activated,worn pump components,checked pump output and inspected for internal leakage,Hydraulic filter,TECH-0725,6.76,5.91,7333.31,6125.91,13459.22,Follow-up Required
MR-00956,SR-00956,EQ-0037,Hydraulic Excavator,30T Class Excavator,SITE-08,2024-11-17,Corrective,High,14494,Arm Cylinder,External leakage,arm movement slow after hydraulic oil warms,degraded hydraulic fluid,checked pump output and inspected for internal leakage,No replacement part,TECH-0265,12.02,2.48,39004.61,10770.86,49775.47,Completed
MR-00957,SR-00957,EQ-0033,Hydraulic Excavator,45T Class Excavator,SITE-01,2023-03-27,Corrective,Medium,12281,Boom Cylinder,Air ingress,filter restriction indicator activated,contaminated hydraulic oil,checked accumulator pre-charge and restored it to service specification,Hydraulic line fittings,TECH-0402,2.06,9.1,52770.61,2261.67,55032.28,Completed
MR-00958,SR-00958,EQ-0088,Backhoe Loader,4WD Backhoe Loader,SITE-03,2023-12-09,Corrective,Low,9341,Boom Cylinder,Oil contamination,travel function loses power on incline,degraded hydraulic fluid,inspected valve spool movement and cleaned the valve assembly,Pump seal kit,TECH-0631,6.02,6.04,26717.1,4946.31,31663.41,Closed
MR-00959,SR-00959,EQ-0017,Wheel Loader,25T Class Wheel Loader,SITE-02,2024-03-25,Preventive,Critical,9799,Main Control Valve,Oil contamination,hydraulic flow is low at operating temperature,damaged hydraulic hose,replaced restricted hydraulic filter and checked contamination source,Hydraulic line fittings,TECH-0866,1.4,6.28,35099.96,800.27,35900.23,Completed
MR-00960,SR-00960,EQ-0005,Wheel Loader,20T Class Wheel Loader,SITE-07,2022-09-06,Corrective,Critical,13605,Accumulator,Pump wear,hydraulic oil temperature rises during continuous operation,contaminated hydraulic oil,"drained contaminated oil, flushed circuit and refilled with filtered oil",Hydraulic hose,TECH-0167,7.15,2.32,34483.87,3761.79,38245.66,Completed
MR-00961,SR-00961,EQ-0075,Wheel Loader,20T Class Wheel Loader,SITE-08,2023-09-14,Preventive,High,14704,Main Control Valve,Filter blockage,bucket cylinder leaking externally,restricted return filter,cleaned cooler and verified hydraulic oil temperature,Cylinder seal kit,TECH-0602,5.07,0.47,28472.53,2570.5,31043.03,Completed
MR-00962,SR-00962,EQ-0013,Hydraulic Excavator,35T Class Excavator,SITE-04,2022-10-19,Inspection,Medium,18357,Travel Motor,Hose failure,swing movement is slow,high oil temperature,tested pilot pressure and inspected pilot circuit,Return filter element,TECH-0487,7.75,4.43,53762.69,5811.49,59574.18,Follow-up Required
MR-00963,SR-00963,EQ-0151,Hydraulic Excavator,20T Class Excavator,SITE-08,2022-09-15,Corrective,Medium,9127,Hydraulic Line,Restricted flow,filter restriction indicator activated,restricted hydraulic line,tested pilot pressure and inspected pilot circuit,Accumulator charging kit,TECH-0176,4.14,4.88,20832.57,4201.25,25033.82,Completed - Monitor
MR-00964,SR-00964,EQ-0022,Crawler Dozer,35T Class Dozer,SITE-06,2025-12-20,Corrective,Critical,3094,Main Control Valve,Low pilot pressure,travel function loses power on incline,contaminated hydraulic oil,tested pilot pressure and inspected pilot circuit,Hydraulic oil,TECH-0682,15.09,7.74,9677.78,11664.35,21342.13,Completed - Monitor
MR-00965,SR-00965,EQ-0105,Hydraulic Excavator,30T Class Excavator,SITE-03,2022-06-18,Corrective,Medium,10686,Arm Cylinder,Low pilot pressure,bucket cylinder leaking externally,contaminated hydraulic oil,tested pilot pressure and inspected pilot circuit,Cooler gasket set,TECH-0733,8.69,6.64,15674.14,7823.26,23497.4,Closed
MR-00966,SR-00966,EQ-0195,Hydraulic Excavator,20T Class Excavator,SITE-04,2025-08-03,Corrective,Medium,3929,Travel Motor,Filter blockage,hydraulic flow is low at operating temperature,restricted hydraulic line,cleaned cooler and verified hydraulic oil temperature,No replacement part,TECH-0905,8.46,3.46,26725.73,5373.17,32098.9,Follow-up Required
MR-00967,SR-00967,EQ-0069,Hydraulic Excavator,20T Class Excavator,SITE-02,2026-06-04,Corrective,High,3512,Main Control Valve,Overheating,pump noise increases during operation,loss of accumulator pre-charge,inspected suction line for air ingress and corrected the connection,Pump seal kit,TECH-0850,13.99,7.5,2098.11,7282.01,9380.12,Completed
MR-00968,SR-00968,EQ-0103,Hydraulic Excavator,35T Class Excavator,SITE-06,2026-04-20,Corrective,High,6759,Hydraulic Pump,Hose failure,swing movement is slow,worn pump components,tested pilot pressure and inspected pilot circuit,Cylinder seal kit,TECH-0926,15.21,1.76,58005.24,7201.18,65206.42,Completed
MR-00969,SR-00969,EQ-0199,Hydraulic Excavator,30T Class Excavator,SITE-03,2022-12-12,Condition-Based,Medium,14691,Pilot Valve,Cooler restriction,filter restriction indicator activated,internal cylinder leakage,replaced damaged seal kit and performed leak test,Pump seal kit,TECH-0486,6.92,3.39,20859.15,7524.03,28383.18,Completed
MR-00970,SR-00970,EQ-0083,Wheel Loader,20T Class Wheel Loader,SITE-04,2022-01-01,Corrective,High,11123,Bucket Cylinder,Internal leakage,hydraulic response is jerky,degraded hydraulic fluid,inspected hydraulic circuit and isolated the affected component,Hydraulic line fittings,TECH-0890,7.55,3.96,50414.26,7342.08,57756.34,Closed
MR-00971,SR-00971,EQ-0237,Hydraulic Excavator,45T Class Excavator,SITE-04,2023-01-30,Inspection,Critical,4557,Arm Cylinder,Overheating,filter restriction indicator activated,low pilot supply pressure,tested pilot pressure and inspected pilot circuit,Valve O-rings,TECH-0832,13.47,2.18,9429.93,8893.99,18323.92,Completed
MR-00972,SR-00972,EQ-0188,Hydraulic Excavator,45T Class Excavator,SITE-07,2024-04-26,Corrective,Medium,15736,Bucket Cylinder,Pump wear,swing movement is slow,air entering suction line,checked pressure and flow at operating temperature,Pump seal kit,TECH-0472,12.61,5.41,32969.14,12824.9,45794.04,Completed
MR-00973,SR-00973,EQ-0006,Hydraulic Excavator,20T Class Excavator,SITE-05,2024-08-31,Corrective,Medium,2818,Arm Cylinder,Internal leakage,hydraulic response is jerky,low pilot supply pressure,replaced restricted hydraulic filter and checked contamination source,Hydraulic hose,TECH-0991,0.87,9.56,29474.93,417.28,29892.21,Closed
MR-00974,SR-00974,EQ-0064,Hydraulic Excavator,20T Class Excavator,SITE-08,2024-09-29,Condition-Based,High,2338,Hydraulic Cooler,Cooler restriction,hydraulic flow is low at operating temperature,low pilot supply pressure,checked accumulator pre-charge and restored it to service specification,Hydraulic hose,TECH-0103,11.1,0.25,49058.56,5171.26,54229.82,Completed
MR-00975,SR-00975,EQ-0207,Hydraulic Excavator,30T Class Excavator,SITE-01,2023-07-01,Corrective,High,4543,Swing Motor,Pump wear,hydraulic oil temperature rises during continuous operation,restricted return filter,inspected valve spool movement and cleaned the valve assembly,Valve O-rings,TECH-0906,7.1,6.45,42710.81,7201.27,49912.08,Completed
MR-00976,SR-00976,EQ-0166,Hydraulic Excavator,20T Class Excavator,SITE-04,2024-04-27,Inspection,Critical,3007,Travel Motor,Cooler restriction,swing movement is slow,air entering suction line,replaced restricted hydraulic filter and checked contamination source,Hydraulic oil,TECH-0288,3.72,3.85,44606.25,2043.32,46649.57,Completed - Monitor
MR-00977,SR-00977,EQ-0233,Crawler Dozer,25T Class Dozer,SITE-05,2026-04-06,Corrective,High,9488,Hydraulic Pump,Air ingress,travel function loses power on incline,internal cylinder leakage,inspected suction line for air ingress and corrected the connection,Pump seal kit,TECH-0345,14.17,4.23,52688.0,10897.21,63585.21,Completed
MR-00978,SR-00978,EQ-0187,Wheel Loader,25T Class Wheel Loader,SITE-04,2022-08-05,Corrective,High,6865,Fuel System,Line restriction,pump noise increases during operation,degraded hydraulic fluid,"drained contaminated oil, flushed circuit and refilled with filtered oil",Pump seal kit,TECH-0566,7.78,3.33,31070.51,6750.27,37820.78,Completed
MR-00979,SR-00979,EQ-0118,Hydraulic Excavator,20T Class Excavator,SITE-05,2022-07-12,Corrective,Medium,17859,Hydraulic Tank,Line restriction,arm movement slow after hydraulic oil warms,damaged cylinder seal,checked pump output and inspected for internal leakage,Hydraulic filter,TECH-0456,4.62,4.07,52714.12,4850.24,57564.36,Completed
MR-00980,SR-00980,EQ-0086,Crawler Dozer,35T Class Dozer,SITE-07,2024-07-02,Inspection,Medium,4095,Hydraulic Hose,External leakage,filter restriction indicator activated,restricted hydraulic line,cleaned cooler and verified hydraulic oil temperature,Pump seal kit,TECH-0969,1.31,4.03,803.19,1062.41,1865.6,Completed
MR-00981,SR-00981,EQ-0172,Hydraulic Excavator,35T Class Excavator,SITE-03,2022-09-29,Corrective,Medium,5024,Engine Cooling System,Restricted flow,filter restriction indicator activated,internal cylinder leakage,checked pump output and inspected for internal leakage,Return filter element,TECH-0530,5.64,7.39,12109.12,2949.02,15058.14,Completed
MR-00982,SR-00982,EQ-0144,Crawler Dozer,35T Class Dozer,SITE-08,2023-01-23,Corrective,Medium,18312,Hydraulic Line,Line restriction,bucket will not open normally,low pilot supply pressure,inspected suction line for air ingress and corrected the connection,Cooler gasket set,TECH-0388,4.25,1.73,11668.44,3097.09,14765.53,Completed
MR-00983,SR-00983,EQ-0194,Hydraulic Excavator,35T Class Excavator,SITE-04,2023-02-05,Corrective,Medium,8478,Bucket Cylinder,Pump wear,hydraulic response is jerky,restricted return filter,"drained contaminated oil, flushed circuit and refilled with filtered oil",Hydraulic filter,TECH-0817,15.57,3.4,5082.13,8614.98,13697.11,Completed
MR-00984,SR-00984,EQ-0128,Motor Grader,14M Class Grader,SITE-07,2022-02-02,Condition-Based,Medium,12037,Hydraulic Pump,Hose failure,arm movement slow after hydraulic oil warms,damaged cylinder seal,checked pump output and inspected for internal leakage,Pump seal kit,TECH-0776,8.65,2.75,31611.18,5802.65,37413.83,Completed
MR-00985,SR-00985,EQ-0233,Crawler Dozer,25T Class Dozer,SITE-05,2022-04-10,Condition-Based,Medium,12370,Hydraulic Line,Pump wear,pump noise increases during operation,degraded hydraulic fluid,checked pressure and flow at operating temperature,Valve O-rings,TECH-0618,4.04,6.56,33139.07,1998.17,35137.24,Completed
MR-00986,SR-00986,EQ-0112,Backhoe Loader,Heavy-Duty Backhoe Loader,SITE-02,2024-12-25,Corrective,Medium,4735,Hydraulic Pump,Restricted flow,hydraulic oil appears contaminated,damaged cylinder seal,inspected suction line for air ingress and corrected the connection,Hydraulic line fittings,TECH-0379,8.94,5.06,23433.19,9075.73,32508.92,Completed
MR-00987,SR-00987,EQ-0179,Hydraulic Excavator,35T Class Excavator,SITE-02,2023-03-23,Corrective,Medium,2153,Main Control Valve,Line restriction,pilot pressure below expected range,damaged hydraulic hose,replaced damaged hose and pressure-tested the circuit,Return filter element,TECH-0592,13.7,6.23,21731.54,8395.32,30126.86,Completed - Monitor
MR-00988,SR-00988,EQ-0197,Hydraulic Excavator,30T Class Excavator,SITE-01,2022-07-21,Condition-Based,High,12210,Hydraulic Cooler,External leakage,bucket will not open normally,high oil temperature,inspected suction line for air ingress and corrected the connection,Valve O-rings,TECH-0378,5.93,5.98,24792.36,3368.53,28160.89,Completed - Monitor
MR-00989,SR-00989,EQ-0182,Motor Grader,16M Class Grader,SITE-02,2023-08-05,Corrective,High,13846,Hydraulic Cooler,Restricted flow,filter restriction indicator activated,contaminated hydraulic oil,replaced damaged hose and pressure-tested the circuit,Pump seal kit,TECH-0879,7.92,2.33,39379.97,8679.11,48059.08,Completed - Monitor
MR-00990,SR-00990,EQ-0030,Hydraulic Excavator,35T Class Excavator,SITE-02,2023-07-18,Corrective,Medium,3349,Main Control Valve,Restricted flow,hydraulic response is jerky,sticking spool valve,tested pilot pressure and inspected pilot circuit,Hydraulic line fittings,TECH-0818,15.13,9.07,26144.31,14540.44,40684.75,Completed
MR-00991,SR-00991,EQ-0021,Wheel Loader,25T Class Wheel Loader,SITE-04,2026-08-20,Condition-Based,High,15448,Hydraulic Line,External leakage,reduced digging force,internal cylinder leakage,checked pump output and inspected for internal leakage,Hydraulic filter,TECH-0929,8.62,5.65,51897.78,8296.06,60193.84,Completed
MR-00992,SR-00992,EQ-0010,Hydraulic Excavator,35T Class Excavator,SITE-02,2026-05-04,Inspection,Medium,13012,Accumulator,Oil contamination,bucket will not open normally,damaged hydraulic hose,tested pilot pressure and inspected pilot circuit,Cooler gasket set,TECH-0035,13.91,0.54,30262.53,7985.1,38247.63,Completed
MR-00993,SR-00993,EQ-0239,Crawler Dozer,25T Class Dozer,SITE-02,2024-08-22,Corrective,Medium,18097,Hydraulic Cooler,Line restriction,hydraulic flow is low at operating temperature,blocked cooler core,replaced damaged seal kit and performed leak test,Valve O-rings,TECH-0795,2.7,4.69,20654.68,2157.69,22812.37,Closed
MR-00994,SR-00994,EQ-0058,Hydraulic Excavator,45T Class Excavator,SITE-03,2024-06-28,Preventive,High,7907,Main Control Valve,Low pilot pressure,travel function loses power on incline,high oil temperature,inspected hydraulic circuit and isolated the affected component,Pump seal kit,TECH-0622,13.76,6.06,15194.88,6205.18,21400.06,Completed
MR-00995,SR-00995,EQ-0024,Hydraulic Excavator,45T Class Excavator,SITE-02,2023-03-15,Corrective,Medium,17480,Pilot Valve,Hose failure,boom movement slow under load,damaged cylinder seal,cleaned cooler and verified hydraulic oil temperature,Accumulator charging kit,TECH-0145,15.87,7.18,61511.23,13457.9,74969.13,Closed
MR-00996,SR-00996,EQ-0008,Hydraulic Excavator,20T Class Excavator,SITE-08,2024-09-22,Condition-Based,Medium,2283,Swing Motor,External leakage,bucket cylinder leaking externally,degraded hydraulic fluid,replaced damaged seal kit and performed leak test,Cylinder seal kit,TECH-0437,14.69,8.49,18383.24,10942.89,29326.13,Completed
MR-00997,SR-00997,EQ-0084,Hydraulic Excavator,20T Class Excavator,SITE-06,2023-07-12,Condition-Based,High,3344,Bucket Cylinder,Internal leakage,visible oil leak near hydraulic line,damaged cylinder seal,replaced damaged seal kit and performed leak test,Hydraulic filter,TECH-0212,13.22,3.95,60279.68,7317.64,67597.32,Completed
MR-00998,SR-00998,EQ-0191,Hydraulic Excavator,45T Class Excavator,SITE-07,2023-01-26,Inspection,Medium,14681,Hydraulic Line,Accumulator pressure loss,boom movement slow under load,worn pump components,"drained contaminated oil, flushed circuit and refilled with filtered oil",No replacement part,TECH-0223,10.87,6.48,25105.14,6617.83,31722.97,Completed
MR-00999,SR-00999,EQ-0047,Crawler Dozer,25T Class Dozer,SITE-01,2024-01-26,Corrective,High,17234,Pilot Valve,Internal leakage,bucket cylinder leaking externally,sticking spool valve,cleaned cooler and verified hydraulic oil temperature,Hydraulic oil,TECH-0045,12.3,5.3,55830.74,10477.14,66307.88,Completed
MR-01000,SR-01000,EQ-0160,Wheel Loader,20T Class Wheel Loader,SITE-06,2024-11-13,Corrective,Medium,17450,Hydraulic Hose,Cylinder seal wear,arm movement slow after hydraulic oil warms,restricted hydraulic line,tested pilot pressure and inspected pilot circuit,Cylinder seal kit,TECH-0049,2.21,0.25,60784.1,1991.12,62775.22,Completed
