service_id,maintenance_id,equipment_id,technician_id,service_date,service_type,service_shift,meter_reading_hours,inspection_finding,diagnostic_method,root_cause_confirmed,repair_or_service_action,part_replaced,test_after_service,service_duration_hours,downtime_hours,service_cost,next_service_due,service_status,technician_notes
SR-00001,MR-00001,EQ-0202,TECH-0203,2024-05-15,Preventive,Evening,3398,Hydraulic Oil: Line restriction; observed symptom: pump noise increases during operation.,Filter inspection and fluid condition check,contaminated hydraulic oil,tested pilot pressure and inspected pilot circuit,Return filter element,Pressure test passed,10.67,3.64,10854.94,2024-11-15,Completed - Monitor,"Technician checked Hydraulic Oil, recorded reported symptom, performed required service action, and completed post-service test."
SR-00002,MR-00002,EQ-0197,TECH-0126,2024-05-15,Preventive,Evening,3074,Hydraulic Filter: Filter blockage; observed symptom: hydraulic flow is low at operating temperature.,Operational test under load,loss of accumulator pre-charge,"drained contaminated oil, flushed circuit and refilled with filtered oil",Hydraulic oil,Operational test passed,15.48,9.13,21596.85,2024-11-15,Completed - Monitor,"Technician checked Hydraulic Filter, recorded reported symptom, performed required service action, and completed post-service test."
SR-00003,MR-00003,EQ-0214,TECH-0282,2024-05-15,Inspection,Day,1722,Arm Cylinder: Pilot pressure drop; observed symptom: travel function loses power on incline.,Operational test under load,loss of accumulator pre-charge,"drained contaminated oil, flushed circuit and refilled with filtered oil",Return filter element,Functional test passed,4.89,5.87,69497.76,2024-11-15,Follow-up Required,"Technician checked Arm Cylinder, recorded reported symptom, performed required service action, and completed post-service test."
SR-00004,MR-00004,EQ-0115,TECH-0327,2024-05-15,Corrective,Day,5465,Swing Motor: Air ingress; observed symptom: travel function loses power on incline.,Temperature and pressure checks,damaged cylinder seal,inspected hydraulic circuit and isolated affected component,Hydraulic hose,Leak test passed,10.03,4.65,58632.53,2024-11-15,Follow-up Required,"Technician checked Swing Motor, recorded reported symptom, performed required service action, and completed post-service test."
SR-00005,MR-00005,EQ-0139,TECH-0501,2024-05-15,Preventive,Day,14206,Swing Motor: Pilot pressure drop; observed symptom: pump noise increases during operation.,Temperature and pressure checks,loss of accumulator pre-charge,tested pilot pressure and inspected pilot circuit,Hydraulic oil,Leak test passed,3.45,4.68,55724.07,2024-11-15,Completed,"Technician checked Swing Motor, recorded reported symptom, performed required service action, and completed post-service test."
SR-00006,MR-00006,EQ-0108,TECH-0922,2024-05-15,Inspection,Evening,15419,Swing Motor: Cooler restriction; observed symptom: hydraulic oil temperature rises during continuous operation.,Filter inspection and fluid condition check,high oil temperature,tested pilot pressure and inspected pilot circuit,Cooler gasket set,Pressure test passed,2.41,5.21,60561.82,2024-11-15,Completed - Monitor,"Technician checked Swing Motor, recorded reported symptom, performed required service action, and completed post-service test."
SR-00007,MR-00007,EQ-0235,TECH-0753,2024-05-15,Preventive,Day,16165,Hydraulic Filter: Accumulator pressure loss; observed symptom: arm movement slow after hydraulic oil warms.,Temperature and pressure checks,damaged cylinder seal,inspected hydraulic circuit and isolated affected component,Hydraulic oil,Pressure test passed,12.25,1.71,27440.54,2024-11-15,Completed,"Technician checked Hydraulic Filter, recorded reported symptom, performed required service action, and completed post-service test."
SR-00008,MR-00008,EQ-0236,TECH-0576,2024-05-15,Preventive,Evening,4988,Bucket Cylinder: Filter blockage; observed symptom: hydraulic flow is low at operating temperature.,Operational test under load,loss of accumulator pre-charge,inspected hydraulic circuit and isolated affected component,Pump seal kit,Functional test passed,11.38,11.6,23423.13,2024-11-15,Closed,"Technician checked Bucket Cylinder, recorded reported symptom, performed required service action, and completed post-service test."
SR-00009,MR-00009,EQ-0144,TECH-0122,2024-05-15,Condition-Based,Evening,16416,Oil Cooler: Cooler restriction; observed symptom: travel function loses power on incline.,Operational test under load,blocked cooler core,tested pilot pressure and inspected pilot circuit,Hydraulic oil,Functional test passed,13.3,11.45,27303.75,2024-11-15,Completed - Monitor,"Technician checked Oil Cooler, recorded reported symptom, performed required service action, and completed post-service test."
SR-00010,MR-00010,EQ-0108,TECH-0997,2024-05-15,Inspection,Night,12456,Accumulator: Cooler restriction; observed symptom: pump noise increases during operation.,Operational test under load,loss of accumulator pre-charge,tested pilot pressure and inspected pilot circuit,Pump seal kit,Functional test passed,1.82,3.39,47761.16,2024-11-15,Completed - Monitor,"Technician checked Accumulator, recorded reported symptom, performed required service action, and completed post-service test."
SR-00011,MR-00011,EQ-0190,TECH-0708,2024-05-15,Condition-Based,Night,18064,Accumulator: Filter blockage; observed symptom: arm movement slow after hydraulic oil warms.,Operational test under load,high oil temperature,replaced damaged hose and pressure-tested circuit,Valve O-rings,Leak test passed,12.09,11.33,59411.76,2024-11-15,Completed - Monitor,"Technician checked Accumulator, recorded reported symptom, performed required service action, and completed post-service test."
SR-00012,MR-00012,EQ-0208,TECH-0819,2024-05-15,Preventive,Night,3926,Pilot System: Pilot pressure drop; observed symptom: hydraulic flow is low at operating temperature.,Filter inspection and fluid condition check,air entering suction line,"drained contaminated oil, flushed circuit and refilled with filtered oil",Hydraulic oil,Leak test passed,3.75,3.01,67476.48,2024-11-15,Closed,"Technician checked Pilot System, recorded reported symptom, performed required service action, and completed post-service test."
SR-00013,MR-00013,EQ-0107,TECH-0680,2024-05-15,Condition-Based,Night,5841,Main Control Valve: Oil contamination; observed symptom: pump noise increases during operation.,Filter inspection and fluid condition check,air entering suction line,tested pilot pressure and inspected pilot circuit,Cylinder seal kit,Pressure test passed,15.57,0.74,23670.25,2024-11-15,Closed,"Technician checked Main Control Valve, recorded reported symptom, performed required service action, and completed post-service test."
SR-00014,MR-00014,EQ-0112,TECH-0829,2024-05-15,Condition-Based,Evening,8726,Hydraulic Oil: Accumulator pressure loss; observed symptom: arm movement slow after hydraulic oil warms.,Temperature and pressure checks,air entering suction line,tested pilot pressure and inspected pilot circuit,Valve O-rings,Leak test passed,14.97,11.14,68612.62,2024-11-15,Completed - Monitor,"Technician checked Hydraulic Oil, recorded reported symptom, performed required service action, and completed post-service test."
SR-00015,MR-00015,EQ-0203,TECH-0196,2024-05-15,Condition-Based,Day,14234,Oil Cooler: Pilot pressure drop; observed symptom: bucket cylinder leaking externally.,Temperature and pressure checks,high oil temperature,"drained contaminated oil, flushed circuit and refilled with filtered oil",Valve O-rings,Pressure test passed,1.4,5.7,7145.08,2024-11-15,Follow-up Required,"Technician checked Oil Cooler, recorded reported symptom, performed required service action, and completed post-service test."
SR-00016,MR-00016,EQ-0132,TECH-0247,2024-05-15,Preventive,Day,14437,Hydraulic Line: Internal pump leakage; observed symptom: hydraulic oil temperature rises during continuous operation.,Filter inspection and fluid condition check,loss of accumulator pre-charge,"drained contaminated oil, flushed circuit and refilled with filtered oil",Hydraulic oil,Operational test passed,7.86,5.29,25911.39,2024-11-15,Completed - Monitor,"Technician checked Hydraulic Line, recorded reported symptom, performed required service action, and completed post-service test."
SR-00017,MR-00017,EQ-0184,TECH-0630,2024-05-15,Inspection,Night,13757,Oil Cooler: Filter blockage; observed symptom: hydraulic oil temperature rises during continuous operation.,Filter inspection and fluid condition check,blocked cooler core,replaced damaged hose and pressure-tested circuit,Return filter element,Pressure test passed,5.23,2.53,62157.32,2024-11-15,Completed,"Technician checked Oil Cooler, recorded reported symptom, performed required service action, and completed post-service test."
SR-00018,MR-00018,EQ-0196,TECH-0894,2024-05-15,Preventive,Day,17409,Bucket Cylinder: Air ingress; observed symptom: hydraulic oil temperature rises during continuous operation.,Filter inspection and fluid condition check,damaged cylinder seal,"drained contaminated oil, flushed circuit and refilled with filtered oil",Return filter element,Operational test passed,5.99,9.73,14387.07,2024-11-15,Completed,"Technician checked Bucket Cylinder, recorded reported symptom, performed required service action, and completed post-service test."
SR-00019,MR-00019,EQ-0164,TECH-0117,2024-05-15,Condition-Based,Day,4496,Oil Cooler: Internal pump leakage; observed symptom: pump noise increases during operation.,Operational test under load,damaged cylinder seal,"drained contaminated oil, flushed circuit and refilled with filtered oil",Return filter element,Leak test passed,2.42,11.92,70206.41,2024-11-15,Completed - Monitor,"Technician checked Oil Cooler, recorded reported symptom, performed required service action, and completed post-service test."
SR-00020,MR-00020,EQ-0235,TECH-0426,2024-05-15,Preventive,Evening,14538,Accumulator: Cylinder seal wear; observed symptom: pump noise increases during operation.,Visual inspection and pressure test,damaged cylinder seal,"drained contaminated oil, flushed circuit and refilled with filtered oil",Cooler gasket set,Operational test passed,8.81,8.41,66099.42,2024-11-15,Completed - Monitor,"Technician checked Accumulator, recorded reported symptom, performed required service action, and completed post-service test."
SR-00021,MR-00021,EQ-0173,TECH-0421,2024-05-15,Condition-Based,Day,17102,Swing Motor: Oil contamination; observed symptom: pump noise increases during operation.,Operational test under load,damaged cylinder seal,tested pilot pressure and inspected pilot circuit,Hydraulic filter,Operational test passed,10.2,2.18,50341.08,2024-11-15,Completed - Monitor,"Technician checked Swing Motor, recorded reported symptom, performed required service action, and completed post-service test."
SR-00022,MR-00022,EQ-0121,TECH-0605,2024-05-15,Corrective,Night,9318,Hydraulic Pump: Cylinder seal wear; observed symptom: travel function loses power on incline.,Operational test under load,contaminated hydraulic oil,inspected hydraulic circuit and isolated affected component,Hydraulic hose,Operational test passed,4.67,4.93,17221.53,2024-11-15,Closed,"Technician checked Hydraulic Pump, recorded reported symptom, performed required service action, and completed post-service test."
SR-00023,MR-00023,EQ-0130,TECH-0571,2024-05-15,Preventive,Evening,9031,Bucket Cylinder: Valve spool binding; observed symptom: arm movement slow after hydraulic oil warms.,Operational test under load,high oil temperature,inspected hydraulic circuit and isolated affected component,Hydraulic hose,Leak test passed,2.38,4.83,29202.24,2024-11-15,Completed - Monitor,"Technician checked Bucket Cylinder, recorded reported symptom, performed required service action, and completed post-service test."
SR-00024,MR-00024,EQ-0163,TECH-0774,2024-05-15,Inspection,Day,1841,Pilot System: Pilot pressure drop; observed symptom: bucket cylinder leaking externally.,Filter inspection and fluid condition check,contaminated hydraulic oil,"drained contaminated oil, flushed circuit and refilled with filtered oil",Valve O-rings,Functional test passed,12.22,2.41,58664.21,2024-11-15,Completed - Monitor,"Technician checked Pilot System, recorded reported symptom, performed required service action, and completed post-service test."
SR-00025,MR-00025,EQ-0124,TECH-0451,2024-05-15,Corrective,Evening,12797,Hydraulic Pump: Cooler restriction; observed symptom: bucket cylinder leaking externally.,Visual inspection and pressure test,blocked cooler core,tested pilot pressure and inspected pilot circuit,Pump seal kit,Pressure test passed,10.23,3.28,15986.03,2024-11-15,Completed,"Technician checked Hydraulic Pump, recorded reported symptom, performed required service action, and completed post-service test."
SR-00026,MR-00026,EQ-0235,TECH-0327,2024-05-15,Corrective,Day,18473,Pilot System: Cooler restriction; observed symptom: pump noise increases during operation.,Visual inspection and pressure test,high oil temperature,inspected hydraulic circuit and isolated affected component,Return filter element,Leak test passed,9.42,1.83,27736.83,2024-11-15,Completed,"Technician checked Pilot System, recorded reported symptom, performed required service action, and completed post-service test."
SR-00027,MR-00027,EQ-0123,TECH-0663,2024-05-15,Preventive,Evening,7130,Hydraulic Oil: Valve spool binding; observed symptom: hydraulic flow is low at operating temperature.,Operational test under load,air entering suction line,"drained contaminated oil, flushed circuit and refilled with filtered oil",Cooler gasket set,Functional test passed,8.13,6.56,32585.52,2024-11-15,Completed,"Technician checked Hydraulic Oil, recorded reported symptom, performed required service action, and completed post-service test."
SR-00028,MR-00028,EQ-0183,TECH-0458,2024-05-15,Preventive,Night,14500,Oil Cooler: Air ingress; observed symptom: hydraulic oil temperature rises during continuous operation.,Temperature and pressure checks,contaminated hydraulic oil,inspected hydraulic circuit and isolated affected component,Hydraulic hose,Pressure test passed,3.83,11.58,46859.23,2024-11-15,Closed,"Technician checked Oil Cooler, recorded reported symptom, performed required service action, and completed post-service test."
SR-00029,MR-00029,EQ-0160,TECH-0549,2024-05-15,Condition-Based,Day,15219,Hydraulic Pump: Accumulator pressure loss; observed symptom: pump noise increases during operation.,Temperature and pressure checks,contaminated hydraulic oil,inspected hydraulic circuit and isolated affected component,Cooler gasket set,Pressure test passed,11.05,1.6,51102.7,2024-11-15,Closed,"Technician checked Hydraulic Pump, recorded reported symptom, performed required service action, and completed post-service test."
SR-00030,MR-00030,EQ-0234,TECH-0306,2024-05-15,Condition-Based,Night,7851,Hydraulic Filter: Pilot pressure drop; observed symptom: travel function loses power on incline.,Temperature and pressure checks,high oil temperature,tested pilot pressure and inspected pilot circuit,Pump seal kit,Leak test passed,1.16,0.84,46448.93,2024-11-15,Completed - Monitor,"Technician checked Hydraulic Filter, recorded reported symptom, performed required service action, and completed post-service test."
SR-00031,MR-00031,EQ-0240,TECH-0244,2024-05-15,Inspection,Day,15852,Hydraulic Line: Internal pump leakage; observed symptom: arm movement slow after hydraulic oil warms.,Temperature and pressure checks,damaged cylinder seal,"drained contaminated oil, flushed circuit and refilled with filtered oil",Cylinder seal kit,Functional test passed,14.3,4.69,53701.53,2024-11-15,Follow-up Required,"Technician checked Hydraulic Line, recorded reported symptom, performed required service action, and completed post-service test."
SR-00032,MR-00032,EQ-0164,TECH-0851,2024-05-15,Condition-Based,Evening,3651,Main Control Valve: Internal pump leakage; observed symptom: hydraulic oil temperature rises during continuous operation.,Operational test under load,loss of accumulator pre-charge,tested pilot pressure and inspected pilot circuit,Cooler gasket set,Operational test passed,13.45,7.99,39946.49,2024-11-15,Closed,"Technician checked Main Control Valve, recorded reported symptom, performed required service action, and completed post-service test."
SR-00033,MR-00033,EQ-0147,TECH-0349,2024-05-15,Preventive,Evening,11357,Swing Motor: Air ingress; observed symptom: arm movement slow after hydraulic oil warms.,Visual inspection and pressure test,blocked cooler core,tested pilot pressure and inspected pilot circuit,Pump seal kit,Operational test passed,14.04,7.52,46493.28,2024-11-15,Follow-up Required,"Technician checked Swing Motor, recorded reported symptom, performed required service action, and completed post-service test."
SR-00034,MR-00034,EQ-0224,TECH-0455,2024-05-15,Preventive,Day,12089,Hydraulic Pump: Oil contamination; observed symptom: pump noise increases during operation.,Visual inspection and pressure test,blocked cooler core,replaced damaged hose and pressure-tested circuit,Hydraulic filter,Operational test passed,15.83,11.25,49160.07,2024-11-15,Follow-up Required,"Technician checked Hydraulic Pump, recorded reported symptom, performed required service action, and completed post-service test."
SR-00035,MR-00035,EQ-0127,TECH-0992,2024-05-15,Inspection,Evening,3750,Accumulator: Line restriction; observed symptom: pump noise increases during operation.,Filter inspection and fluid condition check,high oil temperature,"drained contaminated oil, flushed circuit and refilled with filtered oil",Hydraulic filter,Functional test passed,7.05,6.83,46612.24,2024-11-15,Follow-up Required,"Technician checked Accumulator, recorded reported symptom, performed required service action, and completed post-service test."
SR-00036,MR-00036,EQ-0188,TECH-0786,2024-05-15,Condition-Based,Day,5179,Hydraulic Line: Air ingress; observed symptom: hydraulic oil temperature rises during continuous operation.,Operational test under load,damaged cylinder seal,tested pilot pressure and inspected pilot circuit,Hydraulic filter,Leak test passed,5.89,9.96,52730.42,2024-11-15,Completed,"Technician checked Hydraulic Line, recorded reported symptom, performed required service action, and completed post-service test."
SR-00037,MR-00037,EQ-0161,TECH-0273,2024-05-15,Inspection,Night,8247,Hydraulic Oil: Pilot pressure drop; observed symptom: bucket cylinder leaking externally.,Filter inspection and fluid condition check,blocked cooler core,inspected hydraulic circuit and isolated affected component,Cylinder seal kit,Operational test passed,8.66,8.63,14744.55,2024-11-15,Completed,"Technician checked Hydraulic Oil, recorded reported symptom, performed required service action, and completed post-service test."
SR-00038,MR-00038,EQ-0234,TECH-0563,2024-05-15,Corrective,Evening,15276,Swing Motor: Line restriction; observed symptom: arm movement slow after hydraulic oil warms.,Operational test under load,air entering suction line,replaced damaged hose and pressure-tested circuit,Pump seal kit,Operational test passed,9.99,10.22,18970.78,2024-11-15,Completed - Monitor,"Technician checked Swing Motor, recorded reported symptom, performed required service action, and completed post-service test."
SR-00039,MR-00039,EQ-0162,TECH-0296,2024-05-15,Preventive,Day,9391,Hydraulic Pump: Pilot pressure drop; observed symptom: bucket cylinder leaking externally.,Temperature and pressure checks,damaged cylinder seal,replaced damaged hose and pressure-tested circuit,Cylinder seal kit,Leak test passed,9.03,3.53,30870.92,2024-11-15,Completed,"Technician checked Hydraulic Pump, recorded reported symptom, performed required service action, and completed post-service test."
SR-00040,MR-00040,EQ-0167,TECH-0160,2024-05-15,Inspection,Night,16933,Boom Cylinder: Pilot pressure drop; observed symptom: hydraulic flow is low at operating temperature.,Filter inspection and fluid condition check,damaged cylinder seal,replaced damaged hose and pressure-tested circuit,Hydraulic hose,Leak test passed,9.35,9.54,45520.75,2024-11-15,Completed,"Technician checked Boom Cylinder, recorded reported symptom, performed required service action, and completed post-service test."
SR-00041,MR-00041,EQ-0119,TECH-0911,2024-05-15,Corrective,Day,1820,Hydraulic Oil: Cooler restriction; observed symptom: travel function loses power on incline.,Operational test under load,blocked cooler core,"drained contaminated oil, flushed circuit and refilled with filtered oil",Pump seal kit,Operational test passed,10.09,9.44,34433.2,2024-11-15,Closed,"Technician checked Hydraulic Oil, recorded reported symptom, performed required service action, and completed post-service test."
SR-00042,MR-00042,EQ-0216,TECH-0979,2024-05-15,Preventive,Night,5153,Hydraulic Pump: Pilot pressure drop; observed symptom: hydraulic oil temperature rises during continuous operation.,Temperature and pressure checks,loss of accumulator pre-charge,replaced damaged hose and pressure-tested circuit,Cooler gasket set,Leak test passed,5.69,10.45,34296.63,2024-11-15,Completed,"Technician checked Hydraulic Pump, recorded reported symptom, performed required service action, and completed post-service test."
SR-00043,MR-00043,EQ-0195,TECH-0554,2024-05-15,Condition-Based,Night,2097,Hydraulic Line: Oil contamination; observed symptom: hydraulic oil temperature rises during continuous operation.,Operational test under load,blocked cooler core,replaced damaged hose and pressure-tested circuit,Hydraulic oil,Leak test passed,10.76,6.68,50177.11,2024-11-15,Closed,"Technician checked Hydraulic Line, recorded reported symptom, performed required service action, and completed post-service test."
SR-00044,MR-00044,EQ-0143,TECH-0752,2024-05-15,Preventive,Night,8089,Main Control Valve: Pilot pressure drop; observed symptom: hydraulic flow is low at operating temperature.,Filter inspection and fluid condition check,air entering suction line,"drained contaminated oil, flushed circuit and refilled with filtered oil",Hydraulic oil,Functional test passed,8.67,11.46,41200.7,2024-11-15,Closed,"Technician checked Main Control Valve, recorded reported symptom, performed required service action, and completed post-service test."
SR-00045,MR-00045,EQ-0227,TECH-0249,2024-05-15,Inspection,Evening,13370,Hydraulic Filter: Pilot pressure drop; observed symptom: hydraulic oil temperature rises during continuous operation.,Filter inspection and fluid condition check,high oil temperature,replaced damaged hose and pressure-tested circuit,Return filter element,Operational test passed,14.3,4.64,40504.33,2024-11-15,Completed,"Technician checked Hydraulic Filter, recorded reported symptom, performed required service action, and completed post-service test."
SR-00046,MR-00046,EQ-0171,TECH-0860,2024-05-15,Inspection,Day,7165,Oil Cooler: Cylinder seal wear; observed symptom: travel function loses power on incline.,Filter inspection and fluid condition check,blocked cooler core,replaced damaged hose and pressure-tested circuit,Cylinder seal kit,Pressure test passed,2.35,0.6,25105.09,2024-11-15,Closed,"Technician checked Oil Cooler, recorded reported symptom, performed required service action, and completed post-service test."
SR-00047,MR-00047,EQ-0182,TECH-0410,2024-05-15,Preventive,Evening,15103,Bucket Cylinder: Internal pump leakage; observed symptom: pump noise increases during operation.,Temperature and pressure checks,damaged cylinder seal,tested pilot pressure and inspected pilot circuit,Hydraulic oil,Pressure test passed,15.4,8.4,37856.74,2024-11-15,Completed - Monitor,"Technician checked Bucket Cylinder, recorded reported symptom, performed required service action, and completed post-service test."
SR-00048,MR-00048,EQ-0229,TECH-0273,2024-05-15,Inspection,Evening,12177,Pilot System: Air ingress; observed symptom: pump noise increases during operation.,Temperature and pressure checks,damaged cylinder seal,tested pilot pressure and inspected pilot circuit,Valve O-rings,Functional test passed,6.44,7.1,57847.38,2024-11-15,Completed,"Technician checked Pilot System, recorded reported symptom, performed required service action, and completed post-service test."
SR-00049,MR-00049,EQ-0192,TECH-0763,2024-05-15,Inspection,Day,12389,Pilot System: Cylinder seal wear; observed symptom: pump noise increases during operation.,Filter inspection and fluid condition check,air entering suction line,inspected hydraulic circuit and isolated affected component,Return filter element,Functional test passed,1.8,4.31,30932.74,2024-11-15,Follow-up Required,"Technician checked Pilot System, recorded reported symptom, performed required service action, and completed post-service test."
SR-00050,MR-00050,EQ-0219,TECH-0988,2024-05-15,Condition-Based,Day,7136,Pilot System: Filter blockage; observed symptom: hydraulic flow is low at operating temperature.,Operational test under load,high oil temperature,"drained contaminated oil, flushed circuit and refilled with filtered oil",Valve O-rings,Pressure test passed,8.71,2.58,25647.59,2024-11-15,Closed,"Technician checked Pilot System, recorded reported symptom, performed required service action, and completed post-service test."
SR-00051,MR-00051,EQ-0154,TECH-0636,2024-05-15,Preventive,Night,3228,Hydraulic Filter: Accumulator pressure loss; observed symptom: pump noise increases during operation.,Operational test under load,loss of accumulator pre-charge,tested pilot pressure and inspected pilot circuit,Pump seal kit,Pressure test passed,14.06,4.73,17261.57,2024-11-15,Closed,"Technician checked Hydraulic Filter, recorded reported symptom, performed required service action, and completed post-service test."
SR-00052,MR-00052,EQ-0184,TECH-0463,2024-05-15,Inspection,Evening,18015,Main Control Valve: Valve spool binding; observed symptom: bucket cylinder leaking externally.,Visual inspection and pressure test,contaminated hydraulic oil,inspected hydraulic circuit and isolated affected component,Hydraulic filter,Operational test passed,12.83,8.71,34060.12,2024-11-15,Completed,"Technician checked Main Control Valve, recorded reported symptom, performed required service action, and completed post-service test."
SR-00053,MR-00053,EQ-0134,TECH-0641,2024-05-15,Preventive,Night,11331,Hydraulic Oil: Air ingress; observed symptom: bucket cylinder leaking externally.,Visual inspection and pressure test,blocked cooler core,replaced damaged hose and pressure-tested circuit,Valve O-rings,Operational test passed,4.32,5.83,74495.99,2024-11-15,Completed - Monitor,"Technician checked Hydraulic Oil, recorded reported symptom, performed required service action, and completed post-service test."
SR-00054,MR-00054,EQ-0195,TECH-0629,2024-05-15,Preventive,Night,5810,Travel Motor: Cylinder seal wear; observed symptom: pump noise increases during operation.,Filter inspection and fluid condition check,loss of accumulator pre-charge,tested pilot pressure and inspected pilot circuit,Hydraulic filter,Operational test passed,7.95,1.79,68635.57,2024-11-15,Closed,"Technician checked Travel Motor, recorded reported symptom, performed required service action, and completed post-service test."
SR-00055,MR-00055,EQ-0230,TECH-0712,2024-05-15,Preventive,Night,11953,Travel Motor: Oil contamination; observed symptom: pump noise increases during operation.,Visual inspection and pressure test,blocked cooler core,"drained contaminated oil, flushed circuit and refilled with filtered oil",Cylinder seal kit,Operational test passed,13.42,1.04,60919.97,2024-11-15,Completed - Monitor,"Technician checked Travel Motor, recorded reported symptom, performed required service action, and completed post-service test."
SR-00056,MR-00056,EQ-0199,TECH-0789,2024-05-15,Inspection,Evening,7469,Swing Motor: Line restriction; observed symptom: travel function loses power on incline.,Visual inspection and pressure test,blocked cooler core,"drained contaminated oil, flushed circuit and refilled with filtered oil",Cooler gasket set,Functional test passed,15.18,8.01,63993.36,2024-11-15,Completed - Monitor,"Technician checked Swing Motor, recorded reported symptom, performed required service action, and completed post-service test."
SR-00057,MR-00057,EQ-0170,TECH-0219,2024-05-15,Inspection,Day,17587,Travel Motor: Valve spool binding; observed symptom: hydraulic flow is low at operating temperature.,Operational test under load,loss of accumulator pre-charge,"drained contaminated oil, flushed circuit and refilled with filtered oil",Valve O-rings,Functional test passed,5.89,11.0,33402.69,2024-11-15,Follow-up Required,"Technician checked Travel Motor, recorded reported symptom, performed required service action, and completed post-service test."
SR-00058,MR-00058,EQ-0174,TECH-0351,2024-05-15,Condition-Based,Evening,8979,Arm Cylinder: Oil contamination; observed symptom: pump noise increases during operation.,Filter inspection and fluid condition check,loss of accumulator pre-charge,"drained contaminated oil, flushed circuit and refilled with filtered oil",Valve O-rings,Operational test passed,4.87,3.74,17906.81,2024-11-15,Closed,"Technician checked Arm Cylinder, recorded reported symptom, performed required service action, and completed post-service test."
SR-00059,MR-00059,EQ-0124,TECH-0343,2024-05-15,Condition-Based,Day,6052,Hydraulic Line: Line restriction; observed symptom: travel function loses power on incline.,Operational test under load,loss of accumulator pre-charge,tested pilot pressure and inspected pilot circuit,Hydraulic oil,Pressure test passed,3.54,7.61,46136.44,2024-11-15,Closed,"Technician checked Hydraulic Line, recorded reported symptom, performed required service action, and completed post-service test."
SR-00060,MR-00060,EQ-0164,TECH-0287,2024-05-15,Inspection,Evening,14315,Oil Cooler: Valve spool binding; observed symptom: hydraulic flow is low at operating temperature.,Temperature and pressure checks,damaged cylinder seal,tested pilot pressure and inspected pilot circuit,Valve O-rings,Operational test passed,15.12,2.3,64901.06,2024-11-15,Follow-up Required,"Technician checked Oil Cooler, recorded reported symptom, performed required service action, and completed post-service test."
SR-00061,MR-00061,EQ-0119,TECH-0339,2024-05-15,Corrective,Day,14931,Accumulator: Cylinder seal wear; observed symptom: travel function loses power on incline.,Temperature and pressure checks,air entering suction line,inspected hydraulic circuit and isolated affected component,Cooler gasket set,Pressure test passed,4.19,0.81,48691.3,2024-11-15,Completed,"Technician checked Accumulator, recorded reported symptom, performed required service action, and completed post-service test."
SR-00062,MR-00062,EQ-0122,TECH-0751,2024-05-15,Inspection,Day,17410,Hydraulic Pump: Line restriction; observed symptom: hydraulic oil temperature rises during continuous operation.,Operational test under load,blocked cooler core,inspected hydraulic circuit and isolated affected component,Pump seal kit,Functional test passed,5.54,1.97,61035.99,2024-11-15,Closed,"Technician checked Hydraulic Pump, recorded reported symptom, performed required service action, and completed post-service test."
SR-00063,MR-00063,EQ-0149,TECH-0181,2024-05-15,Inspection,Night,4541,Swing Motor: Cylinder seal wear; observed symptom: arm movement slow after hydraulic oil warms.,Temperature and pressure checks,air entering suction line,tested pilot pressure and inspected pilot circuit,Valve O-rings,Operational test passed,15.89,7.09,27359.94,2024-11-15,Completed,"Technician checked Swing Motor, recorded reported symptom, performed required service action, and completed post-service test."
SR-00064,MR-00064,EQ-0123,TECH-0594,2024-05-15,Condition-Based,Evening,9456,Hydraulic Filter: Cylinder seal wear; observed symptom: pump noise increases during operation.,Temperature and pressure checks,contaminated hydraulic oil,tested pilot pressure and inspected pilot circuit,Pump seal kit,Leak test passed,13.52,6.91,40278.23,2024-11-15,Follow-up Required,"Technician checked Hydraulic Filter, recorded reported symptom, performed required service action, and completed post-service test."
SR-00065,MR-00065,EQ-0156,TECH-0608,2024-05-15,Condition-Based,Day,12421,Swing Motor: Internal pump leakage; observed symptom: hydraulic flow is low at operating temperature.,Visual inspection and pressure test,blocked cooler core,replaced damaged hose and pressure-tested circuit,Pump seal kit,Operational test passed,4.23,6.83,22807.97,2024-11-15,Follow-up Required,"Technician checked Swing Motor, recorded reported symptom, performed required service action, and completed post-service test."
SR-00066,MR-00066,EQ-0114,TECH-0389,2024-05-15,Preventive,Night,8204,Travel Motor: Oil contamination; observed symptom: hydraulic oil temperature rises during continuous operation.,Operational test under load,contaminated hydraulic oil,tested pilot pressure and inspected pilot circuit,Hydraulic filter,Pressure test passed,6.2,8.38,20426.94,2024-11-15,Completed,"Technician checked Travel Motor, recorded reported symptom, performed required service action, and completed post-service test."
SR-00067,MR-00067,EQ-0214,TECH-0665,2024-05-15,Corrective,Day,15526,Arm Cylinder: Internal pump leakage; observed symptom: hydraulic flow is low at operating temperature.,Visual inspection and pressure test,high oil temperature,replaced damaged hose and pressure-tested circuit,Hydraulic filter,Operational test passed,5.06,9.28,51794.67,2024-11-15,Follow-up Required,"Technician checked Arm Cylinder, recorded reported symptom, performed required service action, and completed post-service test."
SR-00068,MR-00068,EQ-0132,TECH-0912,2024-05-15,Inspection,Evening,17613,Hydraulic Oil: Internal pump leakage; observed symptom: hydraulic flow is low at operating temperature.,Operational test under load,blocked cooler core,replaced damaged hose and pressure-tested circuit,Cooler gasket set,Functional test passed,12.03,8.72,58253.92,2024-11-15,Follow-up Required,"Technician checked Hydraulic Oil, recorded reported symptom, performed required service action, and completed post-service test."
SR-00069,MR-00069,EQ-0118,TECH-0895,2024-05-15,Condition-Based,Night,10540,Hydraulic Filter: Internal pump leakage; observed symptom: arm movement slow after hydraulic oil warms.,Operational test under load,damaged cylinder seal,"drained contaminated oil, flushed circuit and refilled with filtered oil",Cooler gasket set,Pressure test passed,3.83,1.7,67103.92,2024-11-15,Follow-up Required,"Technician checked Hydraulic Filter, recorded reported symptom, performed required service action, and completed post-service test."
SR-00070,MR-00070,EQ-0190,TECH-0150,2024-05-15,Preventive,Night,13035,Hydraulic Filter: Oil contamination; observed symptom: arm movement slow after hydraulic oil warms.,Visual inspection and pressure test,contaminated hydraulic oil,replaced damaged hose and pressure-tested circuit,Cylinder seal kit,Leak test passed,5.76,9.63,74479.89,2024-11-15,Completed - Monitor,"Technician checked Hydraulic Filter, recorded reported symptom, performed required service action, and completed post-service test."
SR-00071,MR-00071,EQ-0211,TECH-0504,2024-05-15,Inspection,Day,14345,Boom Cylinder: Cooler restriction; observed symptom: hydraulic flow is low at operating temperature.,Operational test under load,air entering suction line,inspected hydraulic circuit and isolated affected component,Pump seal kit,Functional test passed,13.17,4.15,48210.64,2024-11-15,Follow-up Required,"Technician checked Boom Cylinder, recorded reported symptom, performed required service action, and completed post-service test."
SR-00072,MR-00072,EQ-0205,TECH-0812,2024-05-15,Condition-Based,Evening,13113,Hydraulic Oil: Valve spool binding; observed symptom: bucket cylinder leaking externally.,Temperature and pressure checks,high oil temperature,"drained contaminated oil, flushed circuit and refilled with filtered oil",Hydraulic oil,Leak test passed,1.93,9.19,35517.99,2024-11-15,Closed,"Technician checked Hydraulic Oil, recorded reported symptom, performed required service action, and completed post-service test."
SR-00073,MR-00073,EQ-0219,TECH-0461,2024-05-15,Corrective,Evening,8758,Hydraulic Line: Valve spool binding; observed symptom: bucket cylinder leaking externally.,Visual inspection and pressure test,contaminated hydraulic oil,"drained contaminated oil, flushed circuit and refilled with filtered oil",Valve O-rings,Leak test passed,14.6,3.82,68515.31,2024-11-15,Follow-up Required,"Technician checked Hydraulic Line, recorded reported symptom, performed required service action, and completed post-service test."
SR-00074,MR-00074,EQ-0173,TECH-0951,2024-05-15,Preventive,Day,7437,Hydraulic Oil: Pilot pressure drop; observed symptom: pump noise increases during operation.,Visual inspection and pressure test,high oil temperature,inspected hydraulic circuit and isolated affected component,Valve O-rings,Leak test passed,10.52,7.16,47846.82,2024-11-15,Completed - Monitor,"Technician checked Hydraulic Oil, recorded reported symptom, performed required service action, and completed post-service test."
SR-00075,MR-00075,EQ-0104,TECH-0614,2024-05-15,Preventive,Evening,9452,Pilot System: Cylinder seal wear; observed symptom: pump noise increases during operation.,Temperature and pressure checks,air entering suction line,"drained contaminated oil, flushed circuit and refilled with filtered oil",Hydraulic oil,Leak test passed,5.07,1.74,39598.51,2024-11-15,Closed,"Technician checked Pilot System, recorded reported symptom, performed required service action, and completed post-service test."
SR-00076,MR-00076,EQ-0214,TECH-0919,2024-05-15,Condition-Based,Night,10134,Hydraulic Pump: Pilot pressure drop; observed symptom: pump noise increases during operation.,Temperature and pressure checks,high oil temperature,tested pilot pressure and inspected pilot circuit,Return filter element,Pressure test passed,5.02,7.96,14204.71,2024-11-15,Closed,"Technician checked Hydraulic Pump, recorded reported symptom, performed required service action, and completed post-service test."
SR-00077,MR-00077,EQ-0170,TECH-0961,2024-05-15,Preventive,Day,8442,Main Control Valve: Pilot pressure drop; observed symptom: bucket cylinder leaking externally.,Visual inspection and pressure test,loss of accumulator pre-charge,replaced damaged hose and pressure-tested circuit,Cylinder seal kit,Pressure test passed,9.12,1.46,61468.6,2024-11-15,Closed,"Technician checked Main Control Valve, recorded reported symptom, performed required service action, and completed post-service test."
SR-00078,MR-00078,EQ-0133,TECH-0701,2024-05-15,Inspection,Day,9506,Pilot System: Accumulator pressure loss; observed symptom: travel function loses power on incline.,Temperature and pressure checks,contaminated hydraulic oil,tested pilot pressure and inspected pilot circuit,Return filter element,Functional test passed,10.03,5.37,26273.2,2024-11-15,Completed,"Technician checked Pilot System, recorded reported symptom, performed required service action, and completed post-service test."
SR-00079,MR-00079,EQ-0159,TECH-0216,2024-05-15,Condition-Based,Night,7534,Hydraulic Line: Valve spool binding; observed symptom: arm movement slow after hydraulic oil warms.,Visual inspection and pressure test,air entering suction line,"drained contaminated oil, flushed circuit and refilled with filtered oil",Valve O-rings,Functional test passed,14.26,6.23,12684.9,2024-11-15,Closed,"Technician checked Hydraulic Line, recorded reported symptom, performed required service action, and completed post-service test."
SR-00080,MR-00080,EQ-0176,TECH-0682,2024-05-15,Preventive,Evening,8930,Accumulator: Filter blockage; observed symptom: travel function loses power on incline.,Operational test under load,high oil temperature,"drained contaminated oil, flushed circuit and refilled with filtered oil",Cylinder seal kit,Operational test passed,15.34,0.7,47887.95,2024-11-15,Follow-up Required,"Technician checked Accumulator, recorded reported symptom, performed required service action, and completed post-service test."
SR-00081,MR-00081,EQ-0116,TECH-0332,2024-05-15,Inspection,Day,14554,Arm Cylinder: Cooler restriction; observed symptom: pump noise increases during operation.,Visual inspection and pressure test,high oil temperature,replaced damaged hose and pressure-tested circuit,Hydraulic oil,Pressure test passed,2.24,5.0,31576.44,2024-11-15,Completed - Monitor,"Technician checked Arm Cylinder, recorded reported symptom, performed required service action, and completed post-service test."
SR-00082,MR-00082,EQ-0137,TECH-0106,2024-05-15,Preventive,Day,3727,Swing Motor: Oil contamination; observed symptom: arm movement slow after hydraulic oil warms.,Filter inspection and fluid condition check,air entering suction line,inspected hydraulic circuit and isolated affected component,Hydraulic hose,Functional test passed,3.84,0.29,71078.1,2024-11-15,Follow-up Required,"Technician checked Swing Motor, recorded reported symptom, performed required service action, and completed post-service test."
SR-00083,MR-00083,EQ-0114,TECH-0364,2024-05-15,Corrective,Evening,11879,Oil Cooler: Internal pump leakage; observed symptom: bucket cylinder leaking externally.,Visual inspection and pressure test,blocked cooler core,replaced damaged hose and pressure-tested circuit,Return filter element,Pressure test passed,11.37,10.89,38613.32,2024-11-15,Closed,"Technician checked Oil Cooler, recorded reported symptom, performed required service action, and completed post-service test."
SR-00084,MR-00084,EQ-0122,TECH-0685,2024-05-15,Corrective,Night,1635,Oil Cooler: Oil contamination; observed symptom: hydraulic oil temperature rises during continuous operation.,Filter inspection and fluid condition check,contaminated hydraulic oil,tested pilot pressure and inspected pilot circuit,Hydraulic filter,Functional test passed,11.77,1.63,63156.12,2024-11-15,Closed,"Technician checked Oil Cooler, recorded reported symptom, performed required service action, and completed post-service test."
SR-00085,MR-00085,EQ-0200,TECH-0346,2024-05-15,Corrective,Day,13249,Travel Motor: Cylinder seal wear; observed symptom: hydraulic oil temperature rises during continuous operation.,Visual inspection and pressure test,loss of accumulator pre-charge,replaced damaged hose and pressure-tested circuit,Return filter element,Pressure test passed,1.84,1.65,35963.4,2024-11-15,Follow-up Required,"Technician checked Travel Motor, recorded reported symptom, performed required service action, and completed post-service test."
SR-00086,MR-00086,EQ-0140,TECH-0238,2024-05-15,Preventive,Night,8508,Swing Motor: Filter blockage; observed symptom: bucket cylinder leaking externally.,Visual inspection and pressure test,high oil temperature,replaced damaged hose and pressure-tested circuit,Valve O-rings,Leak test passed,1.95,5.18,34314.79,2024-11-15,Completed,"Technician checked Swing Motor, recorded reported symptom, performed required service action, and completed post-service test."
SR-00087,MR-00087,EQ-0119,TECH-0735,2024-05-15,Inspection,Day,5462,Hydraulic Pump: Accumulator pressure loss; observed symptom: hydraulic oil temperature rises during continuous operation.,Visual inspection and pressure test,high oil temperature,"drained contaminated oil, flushed circuit and refilled with filtered oil",Cylinder seal kit,Leak test passed,5.03,0.44,75916.15,2024-11-15,Closed,"Technician checked Hydraulic Pump, recorded reported symptom, performed required service action, and completed post-service test."
SR-00088,MR-00088,EQ-0188,TECH-0680,2024-05-15,Preventive,Night,6377,Swing Motor: Internal pump leakage; observed symptom: arm movement slow after hydraulic oil warms.,Filter inspection and fluid condition check,high oil temperature,replaced damaged hose and pressure-tested circuit,Return filter element,Leak test passed,12.42,5.36,23034.47,2024-11-15,Completed,"Technician checked Swing Motor, recorded reported symptom, performed required service action, and completed post-service test."
SR-00089,MR-00089,EQ-0129,TECH-0572,2024-05-15,Preventive,Day,15638,Accumulator: Valve spool binding; observed symptom: arm movement slow after hydraulic oil warms.,Visual inspection and pressure test,blocked cooler core,inspected hydraulic circuit and isolated affected component,Hydraulic oil,Leak test passed,9.27,2.68,54828.48,2024-11-15,Follow-up Required,"Technician checked Accumulator, recorded reported symptom, performed required service action, and completed post-service test."
SR-00090,MR-00090,EQ-0146,TECH-0414,2024-05-15,Corrective,Evening,8711,Hydraulic Pump: Cylinder seal wear; observed symptom: travel function loses power on incline.,Operational test under load,high oil temperature,replaced damaged hose and pressure-tested circuit,Cooler gasket set,Functional test passed,14.99,9.79,19930.65,2024-11-15,Completed - Monitor,"Technician checked Hydraulic Pump, recorded reported symptom, performed required service action, and completed post-service test."
SR-00091,MR-00091,EQ-0112,TECH-0806,2024-05-15,Corrective,Night,12671,Hydraulic Filter: Line restriction; observed symptom: bucket cylinder leaking externally.,Filter inspection and fluid condition check,blocked cooler core,replaced damaged hose and pressure-tested circuit,Cylinder seal kit,Leak test passed,10.6,7.85,25213.72,2024-11-15,Completed - Monitor,"Technician checked Hydraulic Filter, recorded reported symptom, performed required service action, and completed post-service test."
SR-00092,MR-00092,EQ-0129,TECH-0228,2024-05-15,Condition-Based,Night,7045,Main Control Valve: Internal pump leakage; observed symptom: hydraulic oil temperature rises during continuous operation.,Visual inspection and pressure test,contaminated hydraulic oil,replaced damaged hose and pressure-tested circuit,Valve O-rings,Functional test passed,5.23,11.95,20244.59,2024-11-15,Closed,"Technician checked Main Control Valve, recorded reported symptom, performed required service action, and completed post-service test."
SR-00093,MR-00093,EQ-0224,TECH-0488,2024-05-15,Condition-Based,Evening,4879,Travel Motor: Filter blockage; observed symptom: hydraulic flow is low at operating temperature.,Filter inspection and fluid condition check,contaminated hydraulic oil,tested pilot pressure and inspected pilot circuit,Cylinder seal kit,Functional test passed,6.21,0.58,48188.51,2024-11-15,Closed,"Technician checked Travel Motor, recorded reported symptom, performed required service action, and completed post-service test."
SR-00094,MR-00094,EQ-0116,TECH-0849,2024-05-15,Inspection,Evening,6513,Pilot System: Valve spool binding; observed symptom: pump noise increases during operation.,Visual inspection and pressure test,contaminated hydraulic oil,replaced damaged hose and pressure-tested circuit,Pump seal kit,Pressure test passed,2.65,3.73,55186.6,2024-11-15,Completed,"Technician checked Pilot System, recorded reported symptom, performed required service action, and completed post-service test."
SR-00095,MR-00095,EQ-0209,TECH-0369,2024-05-15,Preventive,Night,8391,Hydraulic Pump: Internal pump leakage; observed symptom: arm movement slow after hydraulic oil warms.,Visual inspection and pressure test,contaminated hydraulic oil,replaced damaged hose and pressure-tested circuit,Hydraulic filter,Functional test passed,1.36,9.35,33875.96,2024-11-15,Closed,"Technician checked Hydraulic Pump, recorded reported symptom, performed required service action, and completed post-service test."
SR-00096,MR-00096,EQ-0207,TECH-0557,2024-05-15,Inspection,Evening,7538,Main Control Valve: Accumulator pressure loss; observed symptom: bucket cylinder leaking externally.,Visual inspection and pressure test,damaged cylinder seal,"drained contaminated oil, flushed circuit and refilled with filtered oil",Hydraulic hose,Leak test passed,1.42,1.34,58528.65,2024-11-15,Follow-up Required,"Technician checked Main Control Valve, recorded reported symptom, performed required service action, and completed post-service test."
SR-00097,MR-00097,EQ-0141,TECH-0128,2024-05-15,Corrective,Night,18196,Main Control Valve: Cylinder seal wear; observed symptom: pump noise increases during operation.,Visual inspection and pressure test,loss of accumulator pre-charge,inspected hydraulic circuit and isolated affected component,Hydraulic hose,Leak test passed,8.05,2.18,31138.17,2024-11-15,Follow-up Required,"Technician checked Main Control Valve, recorded reported symptom, performed required service action, and completed post-service test."
SR-00098,MR-00098,EQ-0101,TECH-0874,2024-05-15,Preventive,Evening,15751,Hydraulic Line: Pilot pressure drop; observed symptom: hydraulic flow is low at operating temperature.,Temperature and pressure checks,damaged cylinder seal,"drained contaminated oil, flushed circuit and refilled with filtered oil",Cooler gasket set,Functional test passed,13.66,0.78,22424.28,2024-11-15,Closed,"Technician checked Hydraulic Line, recorded reported symptom, performed required service action, and completed post-service test."
SR-00099,MR-00099,EQ-0182,TECH-0788,2024-05-15,Preventive,Evening,16357,Swing Motor: Air ingress; observed symptom: hydraulic flow is low at operating temperature.,Temperature and pressure checks,damaged cylinder seal,inspected hydraulic circuit and isolated affected component,Hydraulic filter,Leak test passed,8.37,2.03,19796.24,2024-11-15,Completed,"Technician checked Swing Motor, recorded reported symptom, performed required service action, and completed post-service test."
SR-00100,MR-00100,EQ-0218,TECH-0912,2024-05-15,Condition-Based,Night,3601,Hydraulic Oil: Filter blockage; observed symptom: pump noise increases during operation.,Operational test under load,contaminated hydraulic oil,replaced damaged hose and pressure-tested circuit,Return filter element,Pressure test passed,10.82,4.92,31422.01,2024-11-15,Completed,"Technician checked Hydraulic Oil, recorded reported symptom, performed required service action, and completed post-service test."
SR-00101,MR-00101,EQ-0157,TECH-0609,2024-05-15,Condition-Based,Night,4404,Arm Cylinder: Line restriction; observed symptom: hydraulic oil temperature rises during continuous operation.,Filter inspection and fluid condition check,contaminated hydraulic oil,inspected hydraulic circuit and isolated affected component,Pump seal kit,Leak test passed,5.24,0.7,58238.41,2024-11-15,Closed,"Technician checked Arm Cylinder, recorded reported symptom, performed required service action, and completed post-service test."
SR-00102,MR-00102,EQ-0124,TECH-0998,2024-05-15,Condition-Based,Evening,17631,Main Control Valve: Internal pump leakage; observed symptom: travel function loses power on incline.,Filter inspection and fluid condition check,high oil temperature,tested pilot pressure and inspected pilot circuit,Hydraulic oil,Pressure test passed,6.36,8.83,30058.17,2024-11-15,Completed,"Technician checked Main Control Valve, recorded reported symptom, performed required service action, and completed post-service test."
SR-00103,MR-00103,EQ-0160,TECH-0135,2024-05-15,Corrective,Evening,14517,Accumulator: Valve spool binding; observed symptom: arm movement slow after hydraulic oil warms.,Filter inspection and fluid condition check,high oil temperature,tested pilot pressure and inspected pilot circuit,Hydraulic hose,Operational test passed,6.2,3.29,43310.94,2024-11-15,Follow-up Required,"Technician checked Accumulator, recorded reported symptom, performed required service action, and completed post-service test."
SR-00104,MR-00104,EQ-0127,TECH-0172,2024-05-15,Corrective,Night,7637,Hydraulic Pump: Valve spool binding; observed symptom: travel function loses power on incline.,Visual inspection and pressure test,blocked cooler core,inspected hydraulic circuit and isolated affected component,Hydraulic hose,Operational test passed,1.34,6.15,12585.92,2024-11-15,Completed - Monitor,"Technician checked Hydraulic Pump, recorded reported symptom, performed required service action, and completed post-service test."
SR-00105,MR-00105,EQ-0135,TECH-0700,2024-05-15,Inspection,Night,15286,Bucket Cylinder: Internal pump leakage; observed symptom: bucket cylinder leaking externally.,Filter inspection and fluid condition check,high oil temperature,inspected hydraulic circuit and isolated affected component,Return filter element,Leak test passed,9.68,2.48,46442.45,2024-11-15,Completed,"Technician checked Bucket Cylinder, recorded reported symptom, performed required service action, and completed post-service test."
SR-00106,MR-00106,EQ-0167,TECH-0353,2024-05-15,Corrective,Day,6828,Boom Cylinder: Accumulator pressure loss; observed symptom: arm movement slow after hydraulic oil warms.,Visual inspection and pressure test,contaminated hydraulic oil,tested pilot pressure and inspected pilot circuit,Cooler gasket set,Functional test passed,14.46,6.44,42526.04,2024-11-15,Completed,"Technician checked Boom Cylinder, recorded reported symptom, performed required service action, and completed post-service test."
SR-00107,MR-00107,EQ-0165,TECH-0927,2024-05-15,Condition-Based,Day,16830,Swing Motor: Air ingress; observed symptom: arm movement slow after hydraulic oil warms.,Temperature and pressure checks,contaminated hydraulic oil,"drained contaminated oil, flushed circuit and refilled with filtered oil",Cooler gasket set,Operational test passed,1.51,11.91,72127.6,2024-11-15,Completed,"Technician checked Swing Motor, recorded reported symptom, performed required service action, and completed post-service test."
SR-00108,MR-00108,EQ-0232,TECH-0634,2024-05-15,Condition-Based,Night,18252,Accumulator: Cooler restriction; observed symptom: bucket cylinder leaking externally.,Filter inspection and fluid condition check,blocked cooler core,inspected hydraulic circuit and isolated affected component,Hydraulic filter,Pressure test passed,9.39,6.9,65249.31,2024-11-15,Completed - Monitor,"Technician checked Accumulator, recorded reported symptom, performed required service action, and completed post-service test."
SR-00109,MR-00109,EQ-0114,TECH-0914,2024-05-15,Inspection,Day,17687,Travel Motor: Internal pump leakage; observed symptom: travel function loses power on incline.,Visual inspection and pressure test,damaged cylinder seal,replaced damaged hose and pressure-tested circuit,Return filter element,Operational test passed,13.02,1.68,57974.73,2024-11-15,Follow-up Required,"Technician checked Travel Motor, recorded reported symptom, performed required service action, and completed post-service test."
SR-00110,MR-00110,EQ-0196,TECH-0737,2024-05-15,Preventive,Evening,14418,Boom Cylinder: Valve spool binding; observed symptom: bucket cylinder leaking externally.,Operational test under load,high oil temperature,tested pilot pressure and inspected pilot circuit,Cooler gasket set,Leak test passed,10.07,5.82,17527.4,2024-11-15,Completed,"Technician checked Boom Cylinder, recorded reported symptom, performed required service action, and completed post-service test."
SR-00111,MR-00111,EQ-0151,TECH-0484,2024-05-15,Condition-Based,Evening,15307,Swing Motor: Filter blockage; observed symptom: arm movement slow after hydraulic oil warms.,Filter inspection and fluid condition check,high oil temperature,inspected hydraulic circuit and isolated affected component,Hydraulic filter,Pressure test passed,6.49,5.88,18982.85,2024-11-15,Completed - Monitor,"Technician checked Swing Motor, recorded reported symptom, performed required service action, and completed post-service test."
SR-00112,MR-00112,EQ-0135,TECH-0930,2024-05-15,Inspection,Day,14574,Hydraulic Pump: Oil contamination; observed symptom: arm movement slow after hydraulic oil warms.,Temperature and pressure checks,loss of accumulator pre-charge,tested pilot pressure and inspected pilot circuit,Valve O-rings,Pressure test passed,14.72,7.96,34761.91,2024-11-15,Completed - Monitor,"Technician checked Hydraulic Pump, recorded reported symptom, performed required service action, and completed post-service test."
SR-00113,MR-00113,EQ-0176,TECH-0302,2024-05-15,Preventive,Day,4991,Swing Motor: Cylinder seal wear; observed symptom: travel function loses power on incline.,Filter inspection and fluid condition check,air entering suction line,inspected hydraulic circuit and isolated affected component,Return filter element,Leak test passed,15.09,10.61,67756.92,2024-11-15,Follow-up Required,"Technician checked Swing Motor, recorded reported symptom, performed required service action, and completed post-service test."
SR-00114,MR-00114,EQ-0137,TECH-0794,2024-05-15,Inspection,Day,4805,Pilot System: Oil contamination; observed symptom: travel function loses power on incline.,Operational test under load,air entering suction line,"drained contaminated oil, flushed circuit and refilled with filtered oil",Cylinder seal kit,Functional test passed,13.23,6.02,6285.14,2024-11-15,Completed - Monitor,"Technician checked Pilot System, recorded reported symptom, performed required service action, and completed post-service test."
SR-00115,MR-00115,EQ-0231,TECH-0943,2024-05-15,Inspection,Night,6584,Hydraulic Line: Oil contamination; observed symptom: hydraulic flow is low at operating temperature.,Temperature and pressure checks,damaged cylinder seal,tested pilot pressure and inspected pilot circuit,Cylinder seal kit,Operational test passed,14.51,8.36,72900.01,2024-11-15,Completed - Monitor,"Technician checked Hydraulic Line, recorded reported symptom, performed required service action, and completed post-service test."
SR-00116,MR-00116,EQ-0192,TECH-0250,2024-05-15,Preventive,Day,4723,Boom Cylinder: Valve spool binding; observed symptom: bucket cylinder leaking externally.,Temperature and pressure checks,loss of accumulator pre-charge,tested pilot pressure and inspected pilot circuit,Pump seal kit,Functional test passed,3.98,5.83,31543.72,2024-11-15,Completed,"Technician checked Boom Cylinder, recorded reported symptom, performed required service action, and completed post-service test."
SR-00117,MR-00117,EQ-0226,TECH-0974,2024-05-15,Condition-Based,Day,8254,Swing Motor: Accumulator pressure loss; observed symptom: bucket cylinder leaking externally.,Temperature and pressure checks,high oil temperature,tested pilot pressure and inspected pilot circuit,Return filter element,Leak test passed,3.27,11.06,61886.31,2024-11-15,Follow-up Required,"Technician checked Swing Motor, recorded reported symptom, performed required service action, and completed post-service test."
SR-00118,MR-00118,EQ-0131,TECH-0340,2024-05-15,Corrective,Evening,9667,Oil Cooler: Cooler restriction; observed symptom: pump noise increases during operation.,Visual inspection and pressure test,contaminated hydraulic oil,tested pilot pressure and inspected pilot circuit,Cooler gasket set,Leak test passed,10.93,7.33,42854.04,2024-11-15,Completed - Monitor,"Technician checked Oil Cooler, recorded reported symptom, performed required service action, and completed post-service test."
SR-00119,MR-00119,EQ-0222,TECH-0131,2024-05-15,Preventive,Day,11713,Arm Cylinder: Line restriction; observed symptom: arm movement slow after hydraulic oil warms.,Operational test under load,loss of accumulator pre-charge,replaced damaged hose and pressure-tested circuit,Cylinder seal kit,Pressure test passed,1.97,10.3,58966.15,2024-11-15,Closed,"Technician checked Arm Cylinder, recorded reported symptom, performed required service action, and completed post-service test."
SR-00120,MR-00120,EQ-0111,TECH-0913,2024-05-15,Preventive,Evening,2709,Pilot System: Air ingress; observed symptom: travel function loses power on incline.,Temperature and pressure checks,loss of accumulator pre-charge,inspected hydraulic circuit and isolated affected component,Hydraulic filter,Functional test passed,7.44,3.66,10469.36,2024-11-15,Closed,"Technician checked Pilot System, recorded reported symptom, performed required service action, and completed post-service test."
SR-00121,MR-00121,EQ-0137,TECH-0807,2024-05-15,Corrective,Night,12661,Hydraulic Filter: Internal pump leakage; observed symptom: hydraulic flow is low at operating temperature.,Visual inspection and pressure test,high oil temperature,replaced damaged hose and pressure-tested circuit,Hydraulic hose,Pressure test passed,12.21,4.85,65140.52,2024-11-15,Completed,"Technician checked Hydraulic Filter, recorded reported symptom, performed required service action, and completed post-service test."
SR-00122,MR-00122,EQ-0145,TECH-0565,2024-05-15,Corrective,Evening,2679,Swing Motor: Internal pump leakage; observed symptom: hydraulic oil temperature rises during continuous operation.,Operational test under load,contaminated hydraulic oil,replaced damaged hose and pressure-tested circuit,Cylinder seal kit,Operational test passed,2.79,3.05,39151.35,2024-11-15,Completed,"Technician checked Swing Motor, recorded reported symptom, performed required service action, and completed post-service test."
SR-00123,MR-00123,EQ-0237,TECH-0433,2024-05-15,Corrective,Night,2603,Accumulator: Pilot pressure drop; observed symptom: hydraulic oil temperature rises during continuous operation.,Operational test under load,air entering suction line,inspected hydraulic circuit and isolated affected component,Valve O-rings,Leak test passed,3.6,6.49,40662.33,2024-11-15,Completed,"Technician checked Accumulator, recorded reported symptom, performed required service action, and completed post-service test."
SR-00124,MR-00124,EQ-0180,TECH-0595,2024-05-15,Preventive,Evening,9057,Oil Cooler: Cylinder seal wear; observed symptom: arm movement slow after hydraulic oil warms.,Visual inspection and pressure test,loss of accumulator pre-charge,tested pilot pressure and inspected pilot circuit,Cooler gasket set,Pressure test passed,4.92,4.14,33327.33,2024-11-15,Completed - Monitor,"Technician checked Oil Cooler, recorded reported symptom, performed required service action, and completed post-service test."
SR-00125,MR-00125,EQ-0165,TECH-0705,2024-05-15,Corrective,Evening,3873,Accumulator: Accumulator pressure loss; observed symptom: pump noise increases during operation.,Operational test under load,damaged cylinder seal,tested pilot pressure and inspected pilot circuit,Hydraulic filter,Leak test passed,3.71,11.59,6508.26,2024-11-15,Closed,"Technician checked Accumulator, recorded reported symptom, performed required service action, and completed post-service test."
SR-00126,MR-00126,EQ-0235,TECH-0477,2024-05-15,Condition-Based,Night,6950,Boom Cylinder: Cylinder seal wear; observed symptom: travel function loses power on incline.,Filter inspection and fluid condition check,blocked cooler core,inspected hydraulic circuit and isolated affected component,Cylinder seal kit,Operational test passed,12.1,10.89,25595.08,2024-11-15,Completed - Monitor,"Technician checked Boom Cylinder, recorded reported symptom, performed required service action, and completed post-service test."
SR-00127,MR-00127,EQ-0155,TECH-0139,2024-05-15,Preventive,Evening,4765,Oil Cooler: Valve spool binding; observed symptom: arm movement slow after hydraulic oil warms.,Filter inspection and fluid condition check,high oil temperature,"drained contaminated oil, flushed circuit and refilled with filtered oil",Hydraulic oil,Operational test passed,12.87,8.94,22949.86,2024-11-15,Follow-up Required,"Technician checked Oil Cooler, recorded reported symptom, performed required service action, and completed post-service test."
SR-00128,MR-00128,EQ-0154,TECH-0859,2024-05-15,Condition-Based,Evening,8380,Hydraulic Oil: Internal pump leakage; observed symptom: hydraulic flow is low at operating temperature.,Filter inspection and fluid condition check,loss of accumulator pre-charge,"drained contaminated oil, flushed circuit and refilled with filtered oil",Hydraulic filter,Functional test passed,11.48,2.43,58900.66,2024-11-15,Closed,"Technician checked Hydraulic Oil, recorded reported symptom, performed required service action, and completed post-service test."
SR-00129,MR-00129,EQ-0234,TECH-0400,2024-05-15,Condition-Based,Night,7452,Hydraulic Line: Air ingress; observed symptom: hydraulic flow is low at operating temperature.,Filter inspection and fluid condition check,damaged cylinder seal,"drained contaminated oil, flushed circuit and refilled with filtered oil",Hydraulic oil,Leak test passed,5.18,0.86,39880.6,2024-11-15,Follow-up Required,"Technician checked Hydraulic Line, recorded reported symptom, performed required service action, and completed post-service test."
SR-00130,MR-00130,EQ-0125,TECH-0151,2024-05-15,Corrective,Day,17171,Oil Cooler: Valve spool binding; observed symptom: pump noise increases during operation.,Filter inspection and fluid condition check,damaged cylinder seal,tested pilot pressure and inspected pilot circuit,Pump seal kit,Functional test passed,9.27,8.65,11484.38,2024-11-15,Completed,"Technician checked Oil Cooler, recorded reported symptom, performed required service action, and completed post-service test."
SR-00131,MR-00131,EQ-0187,TECH-0244,2024-05-15,Preventive,Night,4683,Hydraulic Oil: Valve spool binding; observed symptom: bucket cylinder leaking externally.,Operational test under load,damaged cylinder seal,tested pilot pressure and inspected pilot circuit,Return filter element,Operational test passed,5.75,8.81,16714.57,2024-11-15,Closed,"Technician checked Hydraulic Oil, recorded reported symptom, performed required service action, and completed post-service test."
SR-00132,MR-00132,EQ-0125,TECH-0617,2024-05-15,Inspection,Night,11489,Main Control Valve: Valve spool binding; observed symptom: travel function loses power on incline.,Temperature and pressure checks,contaminated hydraulic oil,inspected hydraulic circuit and isolated affected component,Hydraulic filter,Pressure test passed,9.54,3.67,50659.6,2024-11-15,Completed - Monitor,"Technician checked Main Control Valve, recorded reported symptom, performed required service action, and completed post-service test."
SR-00133,MR-00133,EQ-0236,TECH-0305,2024-05-15,Preventive,Night,4012,Hydraulic Pump: Accumulator pressure loss; observed symptom: arm movement slow after hydraulic oil warms.,Visual inspection and pressure test,air entering suction line,inspected hydraulic circuit and isolated affected component,Hydraulic filter,Pressure test passed,12.73,8.55,42882.81,2024-11-15,Completed,"Technician checked Hydraulic Pump, recorded reported symptom, performed required service action, and completed post-service test."
SR-00134,MR-00134,EQ-0127,TECH-0884,2024-05-15,Preventive,Day,17585,Bucket Cylinder: Oil contamination; observed symptom: arm movement slow after hydraulic oil warms.,Operational test under load,blocked cooler core,"drained contaminated oil, flushed circuit and refilled with filtered oil",Valve O-rings,Pressure test passed,1.01,10.11,12276.43,2024-11-15,Completed - Monitor,"Technician checked Bucket Cylinder, recorded reported symptom, performed required service action, and completed post-service test."
SR-00135,MR-00135,EQ-0147,TECH-0473,2024-05-15,Preventive,Night,1834,Hydraulic Line: Filter blockage; observed symptom: travel function loses power on incline.,Filter inspection and fluid condition check,blocked cooler core,inspected hydraulic circuit and isolated affected component,Hydraulic hose,Pressure test passed,3.98,7.97,30228.64,2024-11-15,Completed - Monitor,"Technician checked Hydraulic Line, recorded reported symptom, performed required service action, and completed post-service test."
SR-00136,MR-00136,EQ-0143,TECH-0173,2024-05-15,Corrective,Evening,6390,Travel Motor: Internal pump leakage; observed symptom: bucket cylinder leaking externally.,Visual inspection and pressure test,air entering suction line,inspected hydraulic circuit and isolated affected component,Hydraulic filter,Leak test passed,3.6,9.11,57680.01,2024-11-15,Closed,"Technician checked Travel Motor, recorded reported symptom, performed required service action, and completed post-service test."
SR-00137,MR-00137,EQ-0141,TECH-0771,2024-05-15,Inspection,Night,7495,Arm Cylinder: Filter blockage; observed symptom: arm movement slow after hydraulic oil warms.,Filter inspection and fluid condition check,air entering suction line,"drained contaminated oil, flushed circuit and refilled with filtered oil",Hydraulic filter,Leak test passed,1.37,1.45,12547.55,2024-11-15,Closed,"Technician checked Arm Cylinder, recorded reported symptom, performed required service action, and completed post-service test."
SR-00138,MR-00138,EQ-0139,TECH-0593,2024-05-15,Inspection,Night,8120,Boom Cylinder: Cooler restriction; observed symptom: bucket cylinder leaking externally.,Temperature and pressure checks,loss of accumulator pre-charge,inspected hydraulic circuit and isolated affected component,Cooler gasket set,Functional test passed,2.93,6.74,5435.29,2024-11-15,Follow-up Required,"Technician checked Boom Cylinder, recorded reported symptom, performed required service action, and completed post-service test."
SR-00139,MR-00139,EQ-0150,TECH-0347,2024-05-15,Preventive,Night,8008,Hydraulic Oil: Valve spool binding; observed symptom: hydraulic flow is low at operating temperature.,Temperature and pressure checks,contaminated hydraulic oil,"drained contaminated oil, flushed circuit and refilled with filtered oil",Hydraulic filter,Operational test passed,3.05,0.59,77670.82,2024-11-15,Follow-up Required,"Technician checked Hydraulic Oil, recorded reported symptom, performed required service action, and completed post-service test."
SR-00140,MR-00140,EQ-0173,TECH-0723,2024-05-15,Preventive,Evening,3812,Hydraulic Line: Valve spool binding; observed symptom: travel function loses power on incline.,Operational test under load,damaged cylinder seal,"drained contaminated oil, flushed circuit and refilled with filtered oil",Cylinder seal kit,Functional test passed,12.83,7.69,16931.27,2024-11-15,Follow-up Required,"Technician checked Hydraulic Line, recorded reported symptom, performed required service action, and completed post-service test."
SR-00141,MR-00141,EQ-0195,TECH-0287,2024-05-15,Preventive,Night,10485,Boom Cylinder: Cooler restriction; observed symptom: travel function loses power on incline.,Operational test under load,loss of accumulator pre-charge,inspected hydraulic circuit and isolated affected component,Hydraulic filter,Operational test passed,9.32,7.02,34076.4,2024-11-15,Completed - Monitor,"Technician checked Boom Cylinder, recorded reported symptom, performed required service action, and completed post-service test."
SR-00142,MR-00142,EQ-0151,TECH-0772,2024-05-15,Inspection,Night,9139,Hydraulic Line: Cylinder seal wear; observed symptom: bucket cylinder leaking externally.,Operational test under load,contaminated hydraulic oil,tested pilot pressure and inspected pilot circuit,Hydraulic oil,Pressure test passed,15.67,10.64,65608.81,2024-11-15,Follow-up Required,"Technician checked Hydraulic Line, recorded reported symptom, performed required service action, and completed post-service test."
SR-00143,MR-00143,EQ-0102,TECH-0855,2024-05-15,Condition-Based,Day,13656,Boom Cylinder: Pilot pressure drop; observed symptom: bucket cylinder leaking externally.,Temperature and pressure checks,loss of accumulator pre-charge,replaced damaged hose and pressure-tested circuit,Hydraulic oil,Pressure test passed,7.4,2.61,25489.17,2024-11-15,Follow-up Required,"Technician checked Boom Cylinder, recorded reported symptom, performed required service action, and completed post-service test."
SR-00144,MR-00144,EQ-0216,TECH-0810,2024-05-15,Corrective,Night,11101,Accumulator: Cylinder seal wear; observed symptom: arm movement slow after hydraulic oil warms.,Filter inspection and fluid condition check,air entering suction line,inspected hydraulic circuit and isolated affected component,Cylinder seal kit,Functional test passed,8.95,7.14,26051.18,2024-11-15,Follow-up Required,"Technician checked Accumulator, recorded reported symptom, performed required service action, and completed post-service test."
SR-00145,MR-00145,EQ-0168,TECH-0561,2024-05-15,Preventive,Evening,10877,Oil Cooler: Valve spool binding; observed symptom: hydraulic oil temperature rises during continuous operation.,Temperature and pressure checks,blocked cooler core,inspected hydraulic circuit and isolated affected component,Pump seal kit,Pressure test passed,6.11,9.26,65151.73,2024-11-15,Follow-up Required,"Technician checked Oil Cooler, recorded reported symptom, performed required service action, and completed post-service test."
SR-00146,MR-00146,EQ-0143,TECH-0303,2024-05-15,Corrective,Night,17588,Arm Cylinder: Line restriction; observed symptom: bucket cylinder leaking externally.,Filter inspection and fluid condition check,damaged cylinder seal,replaced damaged hose and pressure-tested circuit,Cooler gasket set,Pressure test passed,10.08,9.01,54444.46,2024-11-15,Closed,"Technician checked Arm Cylinder, recorded reported symptom, performed required service action, and completed post-service test."
SR-00147,MR-00147,EQ-0203,TECH-0589,2024-05-15,Inspection,Night,12705,Hydraulic Line: Pilot pressure drop; observed symptom: hydraulic oil temperature rises during continuous operation.,Filter inspection and fluid condition check,high oil temperature,inspected hydraulic circuit and isolated affected component,Hydraulic oil,Leak test passed,9.36,5.79,70663.32,2024-11-15,Follow-up Required,"Technician checked Hydraulic Line, recorded reported symptom, performed required service action, and completed post-service test."
SR-00148,MR-00148,EQ-0103,TECH-0229,2024-05-15,Corrective,Night,9819,Hydraulic Pump: Accumulator pressure loss; observed symptom: hydraulic flow is low at operating temperature.,Filter inspection and fluid condition check,air entering suction line,"drained contaminated oil, flushed circuit and refilled with filtered oil",Cylinder seal kit,Operational test passed,10.03,9.74,25842.03,2024-11-15,Follow-up Required,"Technician checked Hydraulic Pump, recorded reported symptom, performed required service action, and completed post-service test."
SR-00149,MR-00149,EQ-0116,TECH-0117,2024-05-15,Inspection,Evening,15793,Accumulator: Pilot pressure drop; observed symptom: hydraulic flow is low at operating temperature.,Temperature and pressure checks,high oil temperature,tested pilot pressure and inspected pilot circuit,Return filter element,Functional test passed,5.44,11.89,33809.6,2024-11-15,Closed,"Technician checked Accumulator, recorded reported symptom, performed required service action, and completed post-service test."
SR-00150,MR-00150,EQ-0157,TECH-0516,2024-05-15,Corrective,Day,17491,Hydraulic Line: Valve spool binding; observed symptom: arm movement slow after hydraulic oil warms.,Visual inspection and pressure test,loss of accumulator pre-charge,replaced damaged hose and pressure-tested circuit,Hydraulic filter,Pressure test passed,2.97,6.81,72407.32,2024-11-15,Closed,"Technician checked Hydraulic Line, recorded reported symptom, performed required service action, and completed post-service test."
SR-00151,MR-00151,EQ-0234,TECH-0623,2024-05-15,Condition-Based,Night,13646,Hydraulic Filter: Oil contamination; observed symptom: hydraulic flow is low at operating temperature.,Operational test under load,air entering suction line,"drained contaminated oil, flushed circuit and refilled with filtered oil",Hydraulic filter,Functional test passed,5.27,9.97,7942.89,2024-11-15,Completed,"Technician checked Hydraulic Filter, recorded reported symptom, performed required service action, and completed post-service test."
SR-00152,MR-00152,EQ-0187,TECH-0676,2024-05-15,Preventive,Day,14788,Hydraulic Line: Accumulator pressure loss; observed symptom: hydraulic flow is low at operating temperature.,Temperature and pressure checks,damaged cylinder seal,replaced damaged hose and pressure-tested circuit,Cooler gasket set,Leak test passed,6.87,0.81,61971.85,2024-11-15,Completed,"Technician checked Hydraulic Line, recorded reported symptom, performed required service action, and completed post-service test."
SR-00153,MR-00153,EQ-0136,TECH-0115,2024-05-15,Inspection,Night,16037,Bucket Cylinder: Air ingress; observed symptom: bucket cylinder leaking externally.,Filter inspection and fluid condition check,air entering suction line,inspected hydraulic circuit and isolated affected component,Pump seal kit,Leak test passed,11.62,4.19,61503.46,2024-11-15,Follow-up Required,"Technician checked Bucket Cylinder, recorded reported symptom, performed required service action, and completed post-service test."
SR-00154,MR-00154,EQ-0214,TECH-0689,2024-05-15,Corrective,Evening,14615,Hydraulic Pump: Line restriction; observed symptom: bucket cylinder leaking externally.,Operational test under load,air entering suction line,replaced damaged hose and pressure-tested circuit,Hydraulic oil,Operational test passed,2.81,5.82,21209.76,2024-11-15,Completed,"Technician checked Hydraulic Pump, recorded reported symptom, performed required service action, and completed post-service test."
SR-00155,MR-00155,EQ-0177,TECH-0465,2024-05-15,Preventive,Day,15615,Arm Cylinder: Oil contamination; observed symptom: hydraulic oil temperature rises during continuous operation.,Operational test under load,air entering suction line,inspected hydraulic circuit and isolated affected component,Cooler gasket set,Operational test passed,4.67,11.92,28363.66,2024-11-15,Completed,"Technician checked Arm Cylinder, recorded reported symptom, performed required service action, and completed post-service test."
SR-00156,MR-00156,EQ-0204,TECH-0305,2024-05-15,Inspection,Night,16604,Swing Motor: Cooler restriction; observed symptom: bucket cylinder leaking externally.,Visual inspection and pressure test,blocked cooler core,tested pilot pressure and inspected pilot circuit,Hydraulic oil,Leak test passed,14.32,3.14,18989.62,2024-11-15,Completed,"Technician checked Swing Motor, recorded reported symptom, performed required service action, and completed post-service test."
SR-00157,MR-00157,EQ-0108,TECH-0328,2024-05-15,Preventive,Night,11481,Bucket Cylinder: Internal pump leakage; observed symptom: hydraulic flow is low at operating temperature.,Visual inspection and pressure test,damaged cylinder seal,tested pilot pressure and inspected pilot circuit,Return filter element,Pressure test passed,11.04,5.6,10030.35,2024-11-15,Closed,"Technician checked Bucket Cylinder, recorded reported symptom, performed required service action, and completed post-service test."
SR-00158,MR-00158,EQ-0181,TECH-0540,2024-05-15,Corrective,Night,11577,Hydraulic Line: Pilot pressure drop; observed symptom: bucket cylinder leaking externally.,Filter inspection and fluid condition check,high oil temperature,tested pilot pressure and inspected pilot circuit,Hydraulic filter,Leak test passed,7.24,6.51,30005.15,2024-11-15,Follow-up Required,"Technician checked Hydraulic Line, recorded reported symptom, performed required service action, and completed post-service test."
SR-00159,MR-00159,EQ-0104,TECH-0108,2024-05-15,Preventive,Evening,2285,Hydraulic Oil: Valve spool binding; observed symptom: hydraulic oil temperature rises during continuous operation.,Filter inspection and fluid condition check,damaged cylinder seal,"drained contaminated oil, flushed circuit and refilled with filtered oil",Hydraulic hose,Leak test passed,13.25,6.53,25114.72,2024-11-15,Closed,"Technician checked Hydraulic Oil, recorded reported symptom, performed required service action, and completed post-service test."
SR-00160,MR-00160,EQ-0211,TECH-0492,2024-05-15,Corrective,Day,10615,Arm Cylinder: Cooler restriction; observed symptom: arm movement slow after hydraulic oil warms.,Filter inspection and fluid condition check,blocked cooler core,tested pilot pressure and inspected pilot circuit,Hydraulic filter,Pressure test passed,13.34,8.69,53693.73,2024-11-15,Completed,"Technician checked Arm Cylinder, recorded reported symptom, performed required service action, and completed post-service test."
SR-00161,MR-00161,EQ-0152,TECH-0466,2024-05-15,Preventive,Evening,4161,Hydraulic Filter: Filter blockage; observed symptom: bucket cylinder leaking externally.,Temperature and pressure checks,loss of accumulator pre-charge,replaced damaged hose and pressure-tested circuit,Cylinder seal kit,Operational test passed,6.78,8.4,33506.41,2024-11-15,Completed - Monitor,"Technician checked Hydraulic Filter, recorded reported symptom, performed required service action, and completed post-service test."
SR-00162,MR-00162,EQ-0126,TECH-0222,2024-05-15,Condition-Based,Day,13406,Arm Cylinder: Valve spool binding; observed symptom: hydraulic oil temperature rises during continuous operation.,Filter inspection and fluid condition check,contaminated hydraulic oil,"drained contaminated oil, flushed circuit and refilled with filtered oil",Hydraulic hose,Leak test passed,8.1,2.59,24178.87,2024-11-15,Closed,"Technician checked Arm Cylinder, recorded reported symptom, performed required service action, and completed post-service test."
SR-00163,MR-00163,EQ-0205,TECH-0420,2024-05-15,Inspection,Evening,3573,Hydraulic Pump: Filter blockage; observed symptom: travel function loses power on incline.,Temperature and pressure checks,air entering suction line,inspected hydraulic circuit and isolated affected component,Hydraulic oil,Leak test passed,2.93,10.08,69229.16,2024-11-15,Completed - Monitor,"Technician checked Hydraulic Pump, recorded reported symptom, performed required service action, and completed post-service test."
SR-00164,MR-00164,EQ-0215,TECH-0560,2024-05-15,Preventive,Evening,11682,Arm Cylinder: Air ingress; observed symptom: pump noise increases during operation.,Operational test under load,contaminated hydraulic oil,replaced damaged hose and pressure-tested circuit,Cooler gasket set,Leak test passed,13.13,10.0,19860.68,2024-11-15,Closed,"Technician checked Arm Cylinder, recorded reported symptom, performed required service action, and completed post-service test."
SR-00165,MR-00165,EQ-0115,TECH-0894,2024-05-15,Condition-Based,Evening,4990,Hydraulic Oil: Oil contamination; observed symptom: pump noise increases during operation.,Visual inspection and pressure test,damaged cylinder seal,replaced damaged hose and pressure-tested circuit,Valve O-rings,Leak test passed,10.33,8.2,20699.17,2024-11-15,Completed - Monitor,"Technician checked Hydraulic Oil, recorded reported symptom, performed required service action, and completed post-service test."
SR-00166,MR-00166,EQ-0163,TECH-0203,2024-05-15,Corrective,Day,7834,Accumulator: Cylinder seal wear; observed symptom: pump noise increases during operation.,Filter inspection and fluid condition check,loss of accumulator pre-charge,inspected hydraulic circuit and isolated affected component,Hydraulic filter,Operational test passed,11.67,2.35,38381.91,2024-11-15,Closed,"Technician checked Accumulator, recorded reported symptom, performed required service action, and completed post-service test."
SR-00167,MR-00167,EQ-0121,TECH-0999,2024-05-15,Corrective,Evening,1820,Bucket Cylinder: Internal pump leakage; observed symptom: bucket cylinder leaking externally.,Temperature and pressure checks,damaged cylinder seal,"drained contaminated oil, flushed circuit and refilled with filtered oil",Hydraulic filter,Pressure test passed,15.08,8.4,11530.66,2024-11-15,Completed - Monitor,"Technician checked Bucket Cylinder, recorded reported symptom, performed required service action, and completed post-service test."
SR-00168,MR-00168,EQ-0113,TECH-0113,2024-05-15,Condition-Based,Night,2830,Travel Motor: Pilot pressure drop; observed symptom: hydraulic oil temperature rises during continuous operation.,Temperature and pressure checks,air entering suction line,"drained contaminated oil, flushed circuit and refilled with filtered oil",Valve O-rings,Leak test passed,8.27,1.7,36014.8,2024-11-15,Completed,"Technician checked Travel Motor, recorded reported symptom, performed required service action, and completed post-service test."
SR-00169,MR-00169,EQ-0163,TECH-0621,2024-05-15,Condition-Based,Evening,12467,Boom Cylinder: Oil contamination; observed symptom: pump noise increases during operation.,Temperature and pressure checks,air entering suction line,"drained contaminated oil, flushed circuit and refilled with filtered oil",Return filter element,Operational test passed,1.18,10.53,36034.35,2024-11-15,Closed,"Technician checked Boom Cylinder, recorded reported symptom, performed required service action, and completed post-service test."
SR-00170,MR-00170,EQ-0228,TECH-0860,2024-05-15,Corrective,Night,1753,Accumulator: Air ingress; observed symptom: bucket cylinder leaking externally.,Filter inspection and fluid condition check,air entering suction line,tested pilot pressure and inspected pilot circuit,Pump seal kit,Leak test passed,5.8,10.3,11722.6,2024-11-15,Completed - Monitor,"Technician checked Accumulator, recorded reported symptom, performed required service action, and completed post-service test."
SR-00171,MR-00171,EQ-0164,TECH-0434,2024-05-15,Corrective,Day,9757,Main Control Valve: Oil contamination; observed symptom: pump noise increases during operation.,Filter inspection and fluid condition check,blocked cooler core,"drained contaminated oil, flushed circuit and refilled with filtered oil",Cooler gasket set,Leak test passed,9.18,5.84,12177.11,2024-11-15,Follow-up Required,"Technician checked Main Control Valve, recorded reported symptom, performed required service action, and completed post-service test."
SR-00172,MR-00172,EQ-0127,TECH-0138,2024-05-15,Corrective,Night,8495,Hydraulic Filter: Oil contamination; observed symptom: pump noise increases during operation.,Operational test under load,contaminated hydraulic oil,replaced damaged hose and pressure-tested circuit,Cylinder seal kit,Functional test passed,7.24,11.48,60901.15,2024-11-15,Completed,"Technician checked Hydraulic Filter, recorded reported symptom, performed required service action, and completed post-service test."
SR-00173,MR-00173,EQ-0236,TECH-0836,2024-05-15,Inspection,Evening,8854,Hydraulic Filter: Oil contamination; observed symptom: hydraulic oil temperature rises during continuous operation.,Temperature and pressure checks,air entering suction line,replaced damaged hose and pressure-tested circuit,Hydraulic filter,Operational test passed,12.98,3.17,26547.3,2024-11-15,Follow-up Required,"Technician checked Hydraulic Filter, recorded reported symptom, performed required service action, and completed post-service test."
SR-00174,MR-00174,EQ-0104,TECH-0921,2024-05-15,Inspection,Day,6518,Hydraulic Pump: Internal pump leakage; observed symptom: arm movement slow after hydraulic oil warms.,Visual inspection and pressure test,loss of accumulator pre-charge,"drained contaminated oil, flushed circuit and refilled with filtered oil",Cylinder seal kit,Pressure test passed,9.57,11.06,39169.78,2024-11-15,Completed,"Technician checked Hydraulic Pump, recorded reported symptom, performed required service action, and completed post-service test."
SR-00175,MR-00175,EQ-0235,TECH-0640,2024-05-15,Preventive,Night,4769,Hydraulic Pump: Air ingress; observed symptom: arm movement slow after hydraulic oil warms.,Filter inspection and fluid condition check,air entering suction line,inspected hydraulic circuit and isolated affected component,Pump seal kit,Pressure test passed,4.27,5.01,31839.65,2024-11-15,Completed - Monitor,"Technician checked Hydraulic Pump, recorded reported symptom, performed required service action, and completed post-service test."
SR-00176,MR-00176,EQ-0197,TECH-0175,2024-05-15,Inspection,Night,11195,Pilot System: Accumulator pressure loss; observed symptom: hydraulic flow is low at operating temperature.,Visual inspection and pressure test,blocked cooler core,tested pilot pressure and inspected pilot circuit,Pump seal kit,Operational test passed,9.21,5.12,38931.91,2024-11-15,Follow-up Required,"Technician checked Pilot System, recorded reported symptom, performed required service action, and completed post-service test."
SR-00177,MR-00177,EQ-0173,TECH-0495,2024-05-15,Preventive,Day,5780,Oil Cooler: Cooler restriction; observed symptom: arm movement slow after hydraulic oil warms.,Filter inspection and fluid condition check,blocked cooler core,"drained contaminated oil, flushed circuit and refilled with filtered oil",Pump seal kit,Functional test passed,14.38,2.11,46674.21,2024-11-15,Completed,"Technician checked Oil Cooler, recorded reported symptom, performed required service action, and completed post-service test."
SR-00178,MR-00178,EQ-0129,TECH-0237,2024-05-15,Inspection,Night,5304,Hydraulic Oil: Cylinder seal wear; observed symptom: travel function loses power on incline.,Filter inspection and fluid condition check,high oil temperature,inspected hydraulic circuit and isolated affected component,Valve O-rings,Pressure test passed,5.97,10.27,21674.43,2024-11-15,Closed,"Technician checked Hydraulic Oil, recorded reported symptom, performed required service action, and completed post-service test."
SR-00179,MR-00179,EQ-0203,TECH-0612,2024-05-15,Preventive,Night,13725,Bucket Cylinder: Valve spool binding; observed symptom: arm movement slow after hydraulic oil warms.,Visual inspection and pressure test,air entering suction line,replaced damaged hose and pressure-tested circuit,Valve O-rings,Leak test passed,1.4,1.06,43768.34,2024-11-15,Completed - Monitor,"Technician checked Bucket Cylinder, recorded reported symptom, performed required service action, and completed post-service test."
SR-00180,MR-00180,EQ-0211,TECH-0764,2024-05-15,Inspection,Evening,11970,Hydraulic Oil: Pilot pressure drop; observed symptom: bucket cylinder leaking externally.,Operational test under load,blocked cooler core,replaced damaged hose and pressure-tested circuit,Hydraulic filter,Pressure test passed,15.75,6.58,45433.54,2024-11-15,Closed,"Technician checked Hydraulic Oil, recorded reported symptom, performed required service action, and completed post-service test."
SR-00181,MR-00181,EQ-0147,TECH-0992,2024-05-15,Condition-Based,Evening,1678,Hydraulic Line: Pilot pressure drop; observed symptom: arm movement slow after hydraulic oil warms.,Visual inspection and pressure test,air entering suction line,replaced damaged hose and pressure-tested circuit,Pump seal kit,Functional test passed,2.3,5.12,50468.63,2024-11-15,Closed,"Technician checked Hydraulic Line, recorded reported symptom, performed required service action, and completed post-service test."
SR-00182,MR-00182,EQ-0203,TECH-0884,2024-05-15,Corrective,Day,12644,Oil Cooler: Cylinder seal wear; observed symptom: hydraulic oil temperature rises during continuous operation.,Operational test under load,loss of accumulator pre-charge,"drained contaminated oil, flushed circuit and refilled with filtered oil",Hydraulic hose,Operational test passed,12.75,5.77,55844.11,2024-11-15,Follow-up Required,"Technician checked Oil Cooler, recorded reported symptom, performed required service action, and completed post-service test."
SR-00183,MR-00183,EQ-0166,TECH-0213,2024-05-15,Condition-Based,Evening,11274,Hydraulic Pump: Oil contamination; observed symptom: travel function loses power on incline.,Operational test under load,loss of accumulator pre-charge,replaced damaged hose and pressure-tested circuit,Hydraulic hose,Functional test passed,1.73,0.68,55327.65,2024-11-15,Follow-up Required,"Technician checked Hydraulic Pump, recorded reported symptom, performed required service action, and completed post-service test."
SR-00184,MR-00184,EQ-0214,TECH-0569,2024-05-15,Inspection,Night,18394,Bucket Cylinder: Pilot pressure drop; observed symptom: travel function loses power on incline.,Visual inspection and pressure test,air entering suction line,tested pilot pressure and inspected pilot circuit,Valve O-rings,Operational test passed,3.26,3.15,22416.53,2024-11-15,Closed,"Technician checked Bucket Cylinder, recorded reported symptom, performed required service action, and completed post-service test."
SR-00185,MR-00185,EQ-0162,TECH-0679,2024-05-15,Preventive,Day,14989,Travel Motor: Oil contamination; observed symptom: travel function loses power on incline.,Operational test under load,high oil temperature,inspected hydraulic circuit and isolated affected component,Return filter element,Operational test passed,12.53,7.06,44693.85,2024-11-15,Completed - Monitor,"Technician checked Travel Motor, recorded reported symptom, performed required service action, and completed post-service test."
SR-00186,MR-00186,EQ-0240,TECH-0916,2024-05-15,Inspection,Night,14935,Swing Motor: Pilot pressure drop; observed symptom: pump noise increases during operation.,Filter inspection and fluid condition check,damaged cylinder seal,inspected hydraulic circuit and isolated affected component,Return filter element,Leak test passed,6.91,8.22,69551.12,2024-11-15,Completed,"Technician checked Swing Motor, recorded reported symptom, performed required service action, and completed post-service test."
SR-00187,MR-00187,EQ-0163,TECH-0520,2024-05-15,Inspection,Night,7723,Travel Motor: Line restriction; observed symptom: pump noise increases during operation.,Filter inspection and fluid condition check,damaged cylinder seal,"drained contaminated oil, flushed circuit and refilled with filtered oil",Cylinder seal kit,Pressure test passed,12.26,2.0,47230.82,2024-11-15,Completed - Monitor,"Technician checked Travel Motor, recorded reported symptom, performed required service action, and completed post-service test."
SR-00188,MR-00188,EQ-0115,TECH-0692,2024-05-15,Condition-Based,Night,17248,Hydraulic Line: Filter blockage; observed symptom: bucket cylinder leaking externally.,Operational test under load,blocked cooler core,inspected hydraulic circuit and isolated affected component,Hydraulic hose,Operational test passed,15.75,7.04,59487.83,2024-11-15,Completed,"Technician checked Hydraulic Line, recorded reported symptom, performed required service action, and completed post-service test."
SR-00189,MR-00189,EQ-0186,TECH-0976,2024-05-15,Corrective,Night,10715,Hydraulic Line: Valve spool binding; observed symptom: hydraulic oil temperature rises during continuous operation.,Filter inspection and fluid condition check,damaged cylinder seal,replaced damaged hose and pressure-tested circuit,Hydraulic filter,Pressure test passed,2.9,2.82,50984.89,2024-11-15,Closed,"Technician checked Hydraulic Line, recorded reported symptom, performed required service action, and completed post-service test."
SR-00190,MR-00190,EQ-0217,TECH-0970,2024-05-15,Inspection,Evening,11229,Hydraulic Filter: Air ingress; observed symptom: hydraulic flow is low at operating temperature.,Temperature and pressure checks,blocked cooler core,"drained contaminated oil, flushed circuit and refilled with filtered oil",Return filter element,Operational test passed,11.54,6.23,46668.75,2024-11-15,Completed - Monitor,"Technician checked Hydraulic Filter, recorded reported symptom, performed required service action, and completed post-service test."
SR-00191,MR-00191,EQ-0166,TECH-0907,2024-05-15,Corrective,Night,10570,Main Control Valve: Cooler restriction; observed symptom: hydraulic flow is low at operating temperature.,Temperature and pressure checks,blocked cooler core,replaced damaged hose and pressure-tested circuit,Hydraulic hose,Functional test passed,6.1,4.59,34197.35,2024-11-15,Closed,"Technician checked Main Control Valve, recorded reported symptom, performed required service action, and completed post-service test."
SR-00192,MR-00192,EQ-0142,TECH-0810,2024-05-15,Corrective,Day,13710,Boom Cylinder: Valve spool binding; observed symptom: hydraulic flow is low at operating temperature.,Temperature and pressure checks,high oil temperature,tested pilot pressure and inspected pilot circuit,Hydraulic hose,Operational test passed,14.48,0.5,39006.42,2024-11-15,Follow-up Required,"Technician checked Boom Cylinder, recorded reported symptom, performed required service action, and completed post-service test."
SR-00193,MR-00193,EQ-0153,TECH-0637,2024-05-15,Corrective,Evening,9283,Hydraulic Line: Accumulator pressure loss; observed symptom: bucket cylinder leaking externally.,Filter inspection and fluid condition check,contaminated hydraulic oil,replaced damaged hose and pressure-tested circuit,Cooler gasket set,Leak test passed,7.85,7.68,66466.62,2024-11-15,Follow-up Required,"Technician checked Hydraulic Line, recorded reported symptom, performed required service action, and completed post-service test."
SR-00194,MR-00194,EQ-0120,TECH-0665,2024-05-15,Condition-Based,Evening,14262,Oil Cooler: Internal pump leakage; observed symptom: arm movement slow after hydraulic oil warms.,Operational test under load,contaminated hydraulic oil,tested pilot pressure and inspected pilot circuit,Hydraulic filter,Operational test passed,6.93,5.2,40514.53,2024-11-15,Follow-up Required,"Technician checked Oil Cooler, recorded reported symptom, performed required service action, and completed post-service test."
SR-00195,MR-00195,EQ-0167,TECH-0494,2024-05-15,Inspection,Day,5071,Boom Cylinder: Accumulator pressure loss; observed symptom: arm movement slow after hydraulic oil warms.,Visual inspection and pressure test,high oil temperature,replaced damaged hose and pressure-tested circuit,Return filter element,Leak test passed,3.18,3.15,21261.84,2024-11-15,Follow-up Required,"Technician checked Boom Cylinder, recorded reported symptom, performed required service action, and completed post-service test."
SR-00196,MR-00196,EQ-0157,TECH-0679,2024-05-15,Preventive,Night,5202,Hydraulic Line: Pilot pressure drop; observed symptom: travel function loses power on incline.,Temperature and pressure checks,blocked cooler core,replaced damaged hose and pressure-tested circuit,Cylinder seal kit,Leak test passed,14.65,11.42,65022.01,2024-11-15,Completed - Monitor,"Technician checked Hydraulic Line, recorded reported symptom, performed required service action, and completed post-service test."
SR-00197,MR-00197,EQ-0102,TECH-0494,2024-05-15,Preventive,Evening,10992,Hydraulic Pump: Accumulator pressure loss; observed symptom: bucket cylinder leaking externally.,Temperature and pressure checks,loss of accumulator pre-charge,tested pilot pressure and inspected pilot circuit,Hydraulic filter,Pressure test passed,7.45,5.72,31671.65,2024-11-15,Follow-up Required,"Technician checked Hydraulic Pump, recorded reported symptom, performed required service action, and completed post-service test."
SR-00198,MR-00198,EQ-0105,TECH-0450,2024-05-15,Corrective,Day,4394,Arm Cylinder: Accumulator pressure loss; observed symptom: pump noise increases during operation.,Filter inspection and fluid condition check,high oil temperature,"drained contaminated oil, flushed circuit and refilled with filtered oil",Return filter element,Leak test passed,5.08,3.66,18648.72,2024-11-15,Completed,"Technician checked Arm Cylinder, recorded reported symptom, performed required service action, and completed post-service test."
SR-00199,MR-00199,EQ-0140,TECH-0458,2024-05-15,Corrective,Day,11434,Boom Cylinder: Cooler restriction; observed symptom: bucket cylinder leaking externally.,Operational test under load,high oil temperature,replaced damaged hose and pressure-tested circuit,Hydraulic oil,Leak test passed,8.42,11.97,44159.31,2024-11-15,Completed - Monitor,"Technician checked Boom Cylinder, recorded reported symptom, performed required service action, and completed post-service test."
SR-00200,MR-00200,EQ-0190,TECH-0547,2024-05-15,Corrective,Day,15545,Bucket Cylinder: Pilot pressure drop; observed symptom: hydraulic oil temperature rises during continuous operation.,Filter inspection and fluid condition check,damaged cylinder seal,tested pilot pressure and inspected pilot circuit,Valve O-rings,Functional test passed,10.85,9.17,44451.57,2024-11-15,Completed - Monitor,"Technician checked Bucket Cylinder, recorded reported symptom, performed required service action, and completed post-service test."
SR-00201,MR-00201,EQ-0145,TECH-0841,2024-05-15,Preventive,Evening,5299,Arm Cylinder: Pilot pressure drop; observed symptom: hydraulic oil temperature rises during continuous operation.,Operational test under load,contaminated hydraulic oil,"drained contaminated oil, flushed circuit and refilled with filtered oil",Return filter element,Pressure test passed,1.33,8.33,28408.19,2024-11-15,Follow-up Required,"Technician checked Arm Cylinder, recorded reported symptom, performed required service action, and completed post-service test."
SR-00202,MR-00202,EQ-0153,TECH-0114,2024-05-15,Corrective,Night,12248,Pilot System: Accumulator pressure loss; observed symptom: arm movement slow after hydraulic oil warms.,Temperature and pressure checks,high oil temperature,"drained contaminated oil, flushed circuit and refilled with filtered oil",Valve O-rings,Operational test passed,7.98,10.08,65224.31,2024-11-15,Follow-up Required,"Technician checked Pilot System, recorded reported symptom, performed required service action, and completed post-service test."
SR-00203,MR-00203,EQ-0103,TECH-0120,2024-05-15,Corrective,Night,5462,Hydraulic Filter: Accumulator pressure loss; observed symptom: hydraulic flow is low at operating temperature.,Operational test under load,high oil temperature,inspected hydraulic circuit and isolated affected component,Cooler gasket set,Operational test passed,15.83,6.48,28857.41,2024-11-15,Completed,"Technician checked Hydraulic Filter, recorded reported symptom, performed required service action, and completed post-service test."
SR-00204,MR-00204,EQ-0153,TECH-0919,2024-05-15,Corrective,Night,1910,Bucket Cylinder: Internal pump leakage; observed symptom: bucket cylinder leaking externally.,Temperature and pressure checks,high oil temperature,replaced damaged hose and pressure-tested circuit,Cylinder seal kit,Operational test passed,14.48,10.15,62190.47,2024-11-15,Completed,"Technician checked Bucket Cylinder, recorded reported symptom, performed required service action, and completed post-service test."
SR-00205,MR-00205,EQ-0160,TECH-0772,2024-05-15,Condition-Based,Night,12148,Swing Motor: Valve spool binding; observed symptom: travel function loses power on incline.,Filter inspection and fluid condition check,high oil temperature,"drained contaminated oil, flushed circuit and refilled with filtered oil",Hydraulic oil,Functional test passed,5.84,6.32,12806.65,2024-11-15,Follow-up Required,"Technician checked Swing Motor, recorded reported symptom, performed required service action, and completed post-service test."
SR-00206,MR-00206,EQ-0188,TECH-0337,2024-05-15,Inspection,Evening,4394,Hydraulic Filter: Pilot pressure drop; observed symptom: travel function loses power on incline.,Filter inspection and fluid condition check,air entering suction line,tested pilot pressure and inspected pilot circuit,Return filter element,Functional test passed,3.27,10.67,41200.27,2024-11-15,Follow-up Required,"Technician checked Hydraulic Filter, recorded reported symptom, performed required service action, and completed post-service test."
SR-00207,MR-00207,EQ-0133,TECH-0535,2024-05-15,Condition-Based,Day,3904,Oil Cooler: Accumulator pressure loss; observed symptom: bucket cylinder leaking externally.,Visual inspection and pressure test,loss of accumulator pre-charge,inspected hydraulic circuit and isolated affected component,Hydraulic hose,Functional test passed,14.04,1.59,39994.84,2024-11-15,Completed - Monitor,"Technician checked Oil Cooler, recorded reported symptom, performed required service action, and completed post-service test."
SR-00208,MR-00208,EQ-0141,TECH-0555,2024-05-15,Preventive,Night,11507,Hydraulic Pump: Cooler restriction; observed symptom: travel function loses power on incline.,Filter inspection and fluid condition check,air entering suction line,tested pilot pressure and inspected pilot circuit,Valve O-rings,Leak test passed,4.72,3.58,47594.08,2024-11-15,Completed - Monitor,"Technician checked Hydraulic Pump, recorded reported symptom, performed required service action, and completed post-service test."
SR-00209,MR-00209,EQ-0217,TECH-0421,2024-05-15,Corrective,Night,12773,Arm Cylinder: Air ingress; observed symptom: arm movement slow after hydraulic oil warms.,Filter inspection and fluid condition check,blocked cooler core,replaced damaged hose and pressure-tested circuit,Cooler gasket set,Leak test passed,14.91,5.51,44109.31,2024-11-15,Closed,"Technician checked Arm Cylinder, recorded reported symptom, performed required service action, and completed post-service test."
SR-00210,MR-00210,EQ-0126,TECH-0616,2024-05-15,Condition-Based,Evening,8596,Travel Motor: Air ingress; observed symptom: travel function loses power on incline.,Filter inspection and fluid condition check,damaged cylinder seal,inspected hydraulic circuit and isolated affected component,Return filter element,Functional test passed,10.95,10.67,44184.24,2024-11-15,Follow-up Required,"Technician checked Travel Motor, recorded reported symptom, performed required service action, and completed post-service test."
SR-00211,MR-00211,EQ-0147,TECH-0367,2024-05-15,Inspection,Day,10247,Hydraulic Oil: Air ingress; observed symptom: bucket cylinder leaking externally.,Filter inspection and fluid condition check,loss of accumulator pre-charge,replaced damaged hose and pressure-tested circuit,Hydraulic hose,Leak test passed,7.72,6.27,39131.73,2024-11-15,Follow-up Required,"Technician checked Hydraulic Oil, recorded reported symptom, performed required service action, and completed post-service test."
SR-00212,MR-00212,EQ-0233,TECH-0504,2024-05-15,Corrective,Evening,9429,Pilot System: Valve spool binding; observed symptom: travel function loses power on incline.,Operational test under load,loss of accumulator pre-charge,"drained contaminated oil, flushed circuit and refilled with filtered oil",Pump seal kit,Functional test passed,1.41,4.06,22134.78,2024-11-15,Closed,"Technician checked Pilot System, recorded reported symptom, performed required service action, and completed post-service test."
SR-00213,MR-00213,EQ-0137,TECH-0938,2024-05-15,Corrective,Evening,16557,Main Control Valve: Accumulator pressure loss; observed symptom: pump noise increases during operation.,Filter inspection and fluid condition check,air entering suction line,inspected hydraulic circuit and isolated affected component,Hydraulic oil,Pressure test passed,9.48,3.15,53238.94,2024-11-15,Follow-up Required,"Technician checked Main Control Valve, recorded reported symptom, performed required service action, and completed post-service test."
SR-00214,MR-00214,EQ-0146,TECH-0499,2024-05-15,Inspection,Night,7187,Boom Cylinder: Pilot pressure drop; observed symptom: arm movement slow after hydraulic oil warms.,Temperature and pressure checks,damaged cylinder seal,replaced damaged hose and pressure-tested circuit,Return filter element,Functional test passed,2.57,11.12,16148.21,2024-11-15,Closed,"Technician checked Boom Cylinder, recorded reported symptom, performed required service action, and completed post-service test."
SR-00215,MR-00215,EQ-0121,TECH-0422,2024-05-15,Condition-Based,Day,7900,Hydraulic Line: Air ingress; observed symptom: arm movement slow after hydraulic oil warms.,Filter inspection and fluid condition check,blocked cooler core,"drained contaminated oil, flushed circuit and refilled with filtered oil",Cooler gasket set,Pressure test passed,4.48,9.07,39088.88,2024-11-15,Completed,"Technician checked Hydraulic Line, recorded reported symptom, performed required service action, and completed post-service test."
SR-00216,MR-00216,EQ-0220,TECH-0894,2024-05-15,Preventive,Day,3321,Swing Motor: Pilot pressure drop; observed symptom: hydraulic flow is low at operating temperature.,Filter inspection and fluid condition check,loss of accumulator pre-charge,"drained contaminated oil, flushed circuit and refilled with filtered oil",Valve O-rings,Functional test passed,2.09,11.65,21192.34,2024-11-15,Closed,"Technician checked Swing Motor, recorded reported symptom, performed required service action, and completed post-service test."
SR-00217,MR-00217,EQ-0192,TECH-0300,2024-05-15,Preventive,Night,9699,Arm Cylinder: Accumulator pressure loss; observed symptom: travel function loses power on incline.,Filter inspection and fluid condition check,contaminated hydraulic oil,"drained contaminated oil, flushed circuit and refilled with filtered oil",Hydraulic hose,Operational test passed,12.05,2.43,22541.37,2024-11-15,Completed,"Technician checked Arm Cylinder, recorded reported symptom, performed required service action, and completed post-service test."
SR-00218,MR-00218,EQ-0209,TECH-0534,2024-05-15,Condition-Based,Evening,2446,Pilot System: Pilot pressure drop; observed symptom: pump noise increases during operation.,Temperature and pressure checks,blocked cooler core,"drained contaminated oil, flushed circuit and refilled with filtered oil",Hydraulic oil,Operational test passed,3.14,5.55,40975.96,2024-11-15,Closed,"Technician checked Pilot System, recorded reported symptom, performed required service action, and completed post-service test."
SR-00219,MR-00219,EQ-0240,TECH-0774,2024-05-15,Preventive,Evening,13162,Hydraulic Filter: Line restriction; observed symptom: travel function loses power on incline.,Visual inspection and pressure test,high oil temperature,tested pilot pressure and inspected pilot circuit,Return filter element,Operational test passed,6.35,1.22,63946.66,2024-11-15,Completed,"Technician checked Hydraulic Filter, recorded reported symptom, performed required service action, and completed post-service test."
SR-00220,MR-00220,EQ-0147,TECH-0215,2024-05-15,Preventive,Day,5360,Pilot System: Line restriction; observed symptom: arm movement slow after hydraulic oil warms.,Filter inspection and fluid condition check,blocked cooler core,inspected hydraulic circuit and isolated affected component,Pump seal kit,Pressure test passed,14.93,2.68,68531.21,2024-11-15,Completed - Monitor,"Technician checked Pilot System, recorded reported symptom, performed required service action, and completed post-service test."
SR-00221,MR-00221,EQ-0201,TECH-0488,2024-05-15,Inspection,Evening,12487,Pilot System: Cylinder seal wear; observed symptom: hydraulic oil temperature rises during continuous operation.,Visual inspection and pressure test,air entering suction line,"drained contaminated oil, flushed circuit and refilled with filtered oil",Return filter element,Leak test passed,7.46,1.35,18898.83,2024-11-15,Completed - Monitor,"Technician checked Pilot System, recorded reported symptom, performed required service action, and completed post-service test."
SR-00222,MR-00222,EQ-0159,TECH-0379,2024-05-15,Preventive,Night,3897,Arm Cylinder: Cylinder seal wear; observed symptom: pump noise increases during operation.,Temperature and pressure checks,loss of accumulator pre-charge,"drained contaminated oil, flushed circuit and refilled with filtered oil",Pump seal kit,Leak test passed,1.26,5.38,45884.42,2024-11-15,Closed,"Technician checked Arm Cylinder, recorded reported symptom, performed required service action, and completed post-service test."
SR-00223,MR-00223,EQ-0228,TECH-0240,2024-05-15,Condition-Based,Evening,2949,Boom Cylinder: Oil contamination; observed symptom: travel function loses power on incline.,Operational test under load,high oil temperature,"drained contaminated oil, flushed circuit and refilled with filtered oil",Hydraulic oil,Pressure test passed,9.25,1.43,29968.07,2024-11-15,Closed,"Technician checked Boom Cylinder, recorded reported symptom, performed required service action, and completed post-service test."
SR-00224,MR-00224,EQ-0143,TECH-0272,2024-05-15,Condition-Based,Evening,7472,Travel Motor: Cylinder seal wear; observed symptom: travel function loses power on incline.,Temperature and pressure checks,high oil temperature,inspected hydraulic circuit and isolated affected component,Return filter element,Operational test passed,13.07,1.98,44290.98,2024-11-15,Completed,"Technician checked Travel Motor, recorded reported symptom, performed required service action, and completed post-service test."
SR-00225,MR-00225,EQ-0234,TECH-0460,2024-05-15,Preventive,Evening,5087,Oil Cooler: Air ingress; observed symptom: travel function loses power on incline.,Operational test under load,air entering suction line,tested pilot pressure and inspected pilot circuit,Hydraulic filter,Leak test passed,9.73,8.66,20384.65,2024-11-15,Follow-up Required,"Technician checked Oil Cooler, recorded reported symptom, performed required service action, and completed post-service test."
SR-00226,MR-00226,EQ-0179,TECH-0268,2024-05-15,Condition-Based,Night,12224,Arm Cylinder: Air ingress; observed symptom: hydraulic flow is low at operating temperature.,Operational test under load,blocked cooler core,tested pilot pressure and inspected pilot circuit,Hydraulic hose,Leak test passed,2.75,11.5,42808.13,2024-11-15,Completed - Monitor,"Technician checked Arm Cylinder, recorded reported symptom, performed required service action, and completed post-service test."
SR-00227,MR-00227,EQ-0175,TECH-0879,2024-05-15,Corrective,Evening,18012,Hydraulic Oil: Filter blockage; observed symptom: bucket cylinder leaking externally.,Visual inspection and pressure test,blocked cooler core,"drained contaminated oil, flushed circuit and refilled with filtered oil",Cooler gasket set,Operational test passed,8.37,9.84,19318.48,2024-11-15,Completed - Monitor,"Technician checked Hydraulic Oil, recorded reported symptom, performed required service action, and completed post-service test."
SR-00228,MR-00228,EQ-0133,TECH-0860,2024-05-15,Inspection,Day,3348,Arm Cylinder: Internal pump leakage; observed symptom: hydraulic oil temperature rises during continuous operation.,Temperature and pressure checks,contaminated hydraulic oil,replaced damaged hose and pressure-tested circuit,Hydraulic oil,Leak test passed,13.44,6.54,17579.71,2024-11-15,Completed - Monitor,"Technician checked Arm Cylinder, recorded reported symptom, performed required service action, and completed post-service test."
SR-00229,MR-00229,EQ-0189,TECH-0951,2024-05-15,Condition-Based,Day,17791,Hydraulic Oil: Pilot pressure drop; observed symptom: pump noise increases during operation.,Operational test under load,blocked cooler core,"drained contaminated oil, flushed circuit and refilled with filtered oil",Valve O-rings,Pressure test passed,13.72,6.58,31026.73,2024-11-15,Completed - Monitor,"Technician checked Hydraulic Oil, recorded reported symptom, performed required service action, and completed post-service test."
SR-00230,MR-00230,EQ-0225,TECH-0454,2024-05-15,Condition-Based,Day,11281,Hydraulic Oil: Cooler restriction; observed symptom: arm movement slow after hydraulic oil warms.,Filter inspection and fluid condition check,damaged cylinder seal,"drained contaminated oil, flushed circuit and refilled with filtered oil",Hydraulic hose,Leak test passed,3.58,1.34,67073.19,2024-11-15,Completed,"Technician checked Hydraulic Oil, recorded reported symptom, performed required service action, and completed post-service test."
SR-00231,MR-00231,EQ-0209,TECH-0678,2024-05-15,Condition-Based,Night,16375,Travel Motor: Air ingress; observed symptom: bucket cylinder leaking externally.,Temperature and pressure checks,high oil temperature,"drained contaminated oil, flushed circuit and refilled with filtered oil",Cooler gasket set,Leak test passed,2.81,2.46,58972.78,2024-11-15,Completed,"Technician checked Travel Motor, recorded reported symptom, performed required service action, and completed post-service test."
SR-00232,MR-00232,EQ-0236,TECH-0165,2024-05-15,Inspection,Night,6903,Swing Motor: Line restriction; observed symptom: hydraulic oil temperature rises during continuous operation.,Filter inspection and fluid condition check,contaminated hydraulic oil,replaced damaged hose and pressure-tested circuit,Pump seal kit,Leak test passed,13.02,7.7,36958.29,2024-11-15,Closed,"Technician checked Swing Motor, recorded reported symptom, performed required service action, and completed post-service test."
SR-00233,MR-00233,EQ-0232,TECH-0899,2024-05-15,Condition-Based,Night,7929,Arm Cylinder: Pilot pressure drop; observed symptom: hydraulic flow is low at operating temperature.,Filter inspection and fluid condition check,blocked cooler core,inspected hydraulic circuit and isolated affected component,Return filter element,Functional test passed,13.85,9.89,7552.05,2024-11-15,Follow-up Required,"Technician checked Arm Cylinder, recorded reported symptom, performed required service action, and completed post-service test."
SR-00234,MR-00234,EQ-0171,TECH-0533,2024-05-15,Corrective,Day,7925,Travel Motor: Oil contamination; observed symptom: bucket cylinder leaking externally.,Operational test under load,loss of accumulator pre-charge,tested pilot pressure and inspected pilot circuit,Return filter element,Functional test passed,13.98,4.59,43593.21,2024-11-15,Closed,"Technician checked Travel Motor, recorded reported symptom, performed required service action, and completed post-service test."
SR-00235,MR-00235,EQ-0163,TECH-0501,2024-05-15,Inspection,Day,2183,Hydraulic Pump: Oil contamination; observed symptom: bucket cylinder leaking externally.,Operational test under load,contaminated hydraulic oil,replaced damaged hose and pressure-tested circuit,Hydraulic filter,Operational test passed,10.39,6.77,36814.34,2024-11-15,Completed,"Technician checked Hydraulic Pump, recorded reported symptom, performed required service action, and completed post-service test."
SR-00236,MR-00236,EQ-0138,TECH-0249,2024-05-15,Condition-Based,Day,10729,Hydraulic Oil: Cylinder seal wear; observed symptom: arm movement slow after hydraulic oil warms.,Visual inspection and pressure test,air entering suction line,replaced damaged hose and pressure-tested circuit,Cylinder seal kit,Pressure test passed,5.34,1.86,71538.89,2024-11-15,Follow-up Required,"Technician checked Hydraulic Oil, recorded reported symptom, performed required service action, and completed post-service test."
SR-00237,MR-00237,EQ-0149,TECH-0721,2024-05-15,Corrective,Day,11259,Hydraulic Line: Pilot pressure drop; observed symptom: pump noise increases during operation.,Visual inspection and pressure test,loss of accumulator pre-charge,tested pilot pressure and inspected pilot circuit,Valve O-rings,Leak test passed,9.96,9.27,58125.98,2024-11-15,Follow-up Required,"Technician checked Hydraulic Line, recorded reported symptom, performed required service action, and completed post-service test."
SR-00238,MR-00238,EQ-0231,TECH-0289,2024-05-15,Inspection,Day,8090,Hydraulic Line: Filter blockage; observed symptom: hydraulic flow is low at operating temperature.,Temperature and pressure checks,high oil temperature,tested pilot pressure and inspected pilot circuit,Hydraulic oil,Leak test passed,4.56,11.77,7866.21,2024-11-15,Closed,"Technician checked Hydraulic Line, recorded reported symptom, performed required service action, and completed post-service test."
SR-00239,MR-00239,EQ-0135,TECH-0253,2024-05-15,Inspection,Night,8961,Hydraulic Oil: Cooler restriction; observed symptom: hydraulic oil temperature rises during continuous operation.,Visual inspection and pressure test,contaminated hydraulic oil,tested pilot pressure and inspected pilot circuit,Hydraulic hose,Functional test passed,6.94,3.93,51352.37,2024-11-15,Completed - Monitor,"Technician checked Hydraulic Oil, recorded reported symptom, performed required service action, and completed post-service test."
SR-00240,MR-00240,EQ-0240,TECH-0752,2024-05-15,Corrective,Day,12584,Travel Motor: Pilot pressure drop; observed symptom: hydraulic flow is low at operating temperature.,Operational test under load,contaminated hydraulic oil,"drained contaminated oil, flushed circuit and refilled with filtered oil",Valve O-rings,Pressure test passed,14.06,6.27,59051.1,2024-11-15,Completed - Monitor,"Technician checked Travel Motor, recorded reported symptom, performed required service action, and completed post-service test."
SR-00241,MR-00241,EQ-0179,TECH-0858,2024-05-15,Corrective,Day,8334,Boom Cylinder: Pilot pressure drop; observed symptom: bucket cylinder leaking externally.,Temperature and pressure checks,air entering suction line,replaced damaged hose and pressure-tested circuit,Pump seal kit,Leak test passed,9.33,3.4,23760.31,2024-11-15,Closed,"Technician checked Boom Cylinder, recorded reported symptom, performed required service action, and completed post-service test."
SR-00242,MR-00242,EQ-0105,TECH-0364,2024-05-15,Inspection,Evening,6220,Arm Cylinder: Pilot pressure drop; observed symptom: travel function loses power on incline.,Operational test under load,damaged cylinder seal,tested pilot pressure and inspected pilot circuit,Hydraulic oil,Leak test passed,3.03,2.27,39888.71,2024-11-15,Completed,"Technician checked Arm Cylinder, recorded reported symptom, performed required service action, and completed post-service test."
SR-00243,MR-00243,EQ-0183,TECH-0820,2024-05-15,Inspection,Day,2087,Hydraulic Oil: Accumulator pressure loss; observed symptom: bucket cylinder leaking externally.,Operational test under load,air entering suction line,inspected hydraulic circuit and isolated affected component,Hydraulic filter,Pressure test passed,1.23,9.43,67895.69,2024-11-15,Completed - Monitor,"Technician checked Hydraulic Oil, recorded reported symptom, performed required service action, and completed post-service test."
SR-00244,MR-00244,EQ-0123,TECH-0572,2024-05-15,Condition-Based,Evening,8141,Boom Cylinder: Valve spool binding; observed symptom: bucket cylinder leaking externally.,Temperature and pressure checks,air entering suction line,inspected hydraulic circuit and isolated affected component,Hydraulic oil,Operational test passed,10.88,7.32,66629.2,2024-11-15,Follow-up Required,"Technician checked Boom Cylinder, recorded reported symptom, performed required service action, and completed post-service test."
SR-00245,MR-00245,EQ-0216,TECH-0347,2024-05-15,Preventive,Night,12988,Travel Motor: Valve spool binding; observed symptom: bucket cylinder leaking externally.,Filter inspection and fluid condition check,loss of accumulator pre-charge,replaced damaged hose and pressure-tested circuit,Cooler gasket set,Leak test passed,12.68,3.96,45226.44,2024-11-15,Follow-up Required,"Technician checked Travel Motor, recorded reported symptom, performed required service action, and completed post-service test."
SR-00246,MR-00246,EQ-0216,TECH-0893,2024-05-15,Corrective,Day,11584,Hydraulic Pump: Valve spool binding; observed symptom: hydraulic oil temperature rises during continuous operation.,Visual inspection and pressure test,contaminated hydraulic oil,tested pilot pressure and inspected pilot circuit,Cooler gasket set,Operational test passed,9.27,4.27,57162.38,2024-11-15,Closed,"Technician checked Hydraulic Pump, recorded reported symptom, performed required service action, and completed post-service test."
SR-00247,MR-00247,EQ-0129,TECH-0447,2024-05-15,Condition-Based,Night,9274,Travel Motor: Valve spool binding; observed symptom: travel function loses power on incline.,Filter inspection and fluid condition check,blocked cooler core,tested pilot pressure and inspected pilot circuit,Hydraulic oil,Pressure test passed,15.01,5.96,34374.38,2024-11-15,Completed,"Technician checked Travel Motor, recorded reported symptom, performed required service action, and completed post-service test."
SR-00248,MR-00248,EQ-0165,TECH-0875,2024-05-15,Preventive,Evening,1913,Bucket Cylinder: Filter blockage; observed symptom: hydraulic flow is low at operating temperature.,Visual inspection and pressure test,loss of accumulator pre-charge,tested pilot pressure and inspected pilot circuit,Pump seal kit,Leak test passed,2.28,0.55,73584.07,2024-11-15,Completed,"Technician checked Bucket Cylinder, recorded reported symptom, performed required service action, and completed post-service test."
SR-00249,MR-00249,EQ-0223,TECH-0745,2024-05-15,Preventive,Evening,13763,Boom Cylinder: Valve spool binding; observed symptom: arm movement slow after hydraulic oil warms.,Filter inspection and fluid condition check,high oil temperature,"drained contaminated oil, flushed circuit and refilled with filtered oil",Valve O-rings,Leak test passed,11.97,1.7,49484.09,2024-11-15,Closed,"Technician checked Boom Cylinder, recorded reported symptom, performed required service action, and completed post-service test."
SR-00250,MR-00250,EQ-0188,TECH-0427,2024-05-15,Corrective,Day,18366,Boom Cylinder: Cooler restriction; observed symptom: arm movement slow after hydraulic oil warms.,Filter inspection and fluid condition check,blocked cooler core,inspected hydraulic circuit and isolated affected component,Cylinder seal kit,Operational test passed,9.28,2.71,11151.8,2024-11-15,Completed - Monitor,"Technician checked Boom Cylinder, recorded reported symptom, performed required service action, and completed post-service test."
SR-00251,MR-00251,EQ-0224,TECH-0111,2024-05-15,Condition-Based,Day,7648,Hydraulic Filter: Line restriction; observed symptom: pump noise increases during operation.,Temperature and pressure checks,loss of accumulator pre-charge,tested pilot pressure and inspected pilot circuit,Return filter element,Operational test passed,11.03,10.47,17435.79,2024-11-15,Completed - Monitor,"Technician checked Hydraulic Filter, recorded reported symptom, performed required service action, and completed post-service test."
SR-00252,MR-00252,EQ-0221,TECH-0545,2024-05-15,Corrective,Day,17181,Hydraulic Filter: Air ingress; observed symptom: hydraulic flow is low at operating temperature.,Operational test under load,loss of accumulator pre-charge,replaced damaged hose and pressure-tested circuit,Hydraulic hose,Operational test passed,7.58,10.79,60756.51,2024-11-15,Completed - Monitor,"Technician checked Hydraulic Filter, recorded reported symptom, performed required service action, and completed post-service test."
SR-00253,MR-00253,EQ-0171,TECH-0903,2024-05-15,Preventive,Evening,16601,Oil Cooler: Line restriction; observed symptom: hydraulic flow is low at operating temperature.,Operational test under load,air entering suction line,inspected hydraulic circuit and isolated affected component,Hydraulic filter,Operational test passed,10.19,10.19,32837.45,2024-11-15,Follow-up Required,"Technician checked Oil Cooler, recorded reported symptom, performed required service action, and completed post-service test."
SR-00254,MR-00254,EQ-0108,TECH-0255,2024-05-15,Condition-Based,Evening,18490,Arm Cylinder: Internal pump leakage; observed symptom: bucket cylinder leaking externally.,Filter inspection and fluid condition check,damaged cylinder seal,tested pilot pressure and inspected pilot circuit,Cylinder seal kit,Pressure test passed,6.6,5.92,40665.37,2024-11-15,Closed,"Technician checked Arm Cylinder, recorded reported symptom, performed required service action, and completed post-service test."
SR-00255,MR-00255,EQ-0215,TECH-0691,2024-05-15,Inspection,Night,12084,Boom Cylinder: Line restriction; observed symptom: travel function loses power on incline.,Operational test under load,blocked cooler core,replaced damaged hose and pressure-tested circuit,Return filter element,Operational test passed,10.33,8.93,65077.79,2024-11-15,Completed,"Technician checked Boom Cylinder, recorded reported symptom, performed required service action, and completed post-service test."
SR-00256,MR-00256,EQ-0134,TECH-0187,2024-05-15,Preventive,Day,2607,Oil Cooler: Filter blockage; observed symptom: arm movement slow after hydraulic oil warms.,Filter inspection and fluid condition check,damaged cylinder seal,"drained contaminated oil, flushed circuit and refilled with filtered oil",Valve O-rings,Leak test passed,8.0,7.16,48217.02,2024-11-15,Completed,"Technician checked Oil Cooler, recorded reported symptom, performed required service action, and completed post-service test."
SR-00257,MR-00257,EQ-0103,TECH-0243,2024-05-15,Inspection,Evening,13489,Swing Motor: Air ingress; observed symptom: pump noise increases during operation.,Temperature and pressure checks,air entering suction line,tested pilot pressure and inspected pilot circuit,Hydraulic filter,Operational test passed,5.04,3.36,49894.21,2024-11-15,Closed,"Technician checked Swing Motor, recorded reported symptom, performed required service action, and completed post-service test."
SR-00258,MR-00258,EQ-0160,TECH-0761,2024-05-15,Condition-Based,Day,6387,Travel Motor: Line restriction; observed symptom: pump noise increases during operation.,Filter inspection and fluid condition check,damaged cylinder seal,inspected hydraulic circuit and isolated affected component,Cylinder seal kit,Pressure test passed,3.62,6.06,18608.91,2024-11-15,Closed,"Technician checked Travel Motor, recorded reported symptom, performed required service action, and completed post-service test."
SR-00259,MR-00259,EQ-0150,TECH-0662,2024-05-15,Corrective,Night,9871,Hydraulic Filter: Pilot pressure drop; observed symptom: pump noise increases during operation.,Operational test under load,contaminated hydraulic oil,replaced damaged hose and pressure-tested circuit,Valve O-rings,Pressure test passed,2.47,1.58,70234.06,2024-11-15,Follow-up Required,"Technician checked Hydraulic Filter, recorded reported symptom, performed required service action, and completed post-service test."
SR-00260,MR-00260,EQ-0192,TECH-0573,2024-05-15,Inspection,Evening,8544,Main Control Valve: Accumulator pressure loss; observed symptom: arm movement slow after hydraulic oil warms.,Temperature and pressure checks,damaged cylinder seal,"drained contaminated oil, flushed circuit and refilled with filtered oil",Hydraulic hose,Functional test passed,8.33,3.76,53010.99,2024-11-15,Follow-up Required,"Technician checked Main Control Valve, recorded reported symptom, performed required service action, and completed post-service test."
SR-00261,MR-00261,EQ-0178,TECH-0261,2024-05-15,Corrective,Evening,10853,Bucket Cylinder: Air ingress; observed symptom: pump noise increases during operation.,Visual inspection and pressure test,damaged cylinder seal,"drained contaminated oil, flushed circuit and refilled with filtered oil",Cylinder seal kit,Functional test passed,6.56,5.9,31746.54,2024-11-15,Closed,"Technician checked Bucket Cylinder, recorded reported symptom, performed required service action, and completed post-service test."
SR-00262,MR-00262,EQ-0164,TECH-0474,2024-05-15,Inspection,Day,5951,Boom Cylinder: Cylinder seal wear; observed symptom: travel function loses power on incline.,Operational test under load,high oil temperature,tested pilot pressure and inspected pilot circuit,Cylinder seal kit,Pressure test passed,9.77,3.81,18314.06,2024-11-15,Completed,"Technician checked Boom Cylinder, recorded reported symptom, performed required service action, and completed post-service test."
SR-00263,MR-00263,EQ-0240,TECH-0639,2024-05-15,Condition-Based,Day,6757,Accumulator: Valve spool binding; observed symptom: arm movement slow after hydraulic oil warms.,Visual inspection and pressure test,blocked cooler core,replaced damaged hose and pressure-tested circuit,Valve O-rings,Operational test passed,7.66,10.15,33515.38,2024-11-15,Completed,"Technician checked Accumulator, recorded reported symptom, performed required service action, and completed post-service test."
SR-00264,MR-00264,EQ-0176,TECH-0155,2024-05-15,Inspection,Evening,9313,Pilot System: Line restriction; observed symptom: travel function loses power on incline.,Temperature and pressure checks,air entering suction line,replaced damaged hose and pressure-tested circuit,Pump seal kit,Pressure test passed,3.24,7.11,67710.34,2024-11-15,Closed,"Technician checked Pilot System, recorded reported symptom, performed required service action, and completed post-service test."
SR-00265,MR-00265,EQ-0183,TECH-0309,2024-05-15,Inspection,Night,14280,Accumulator: Air ingress; observed symptom: arm movement slow after hydraulic oil warms.,Temperature and pressure checks,high oil temperature,tested pilot pressure and inspected pilot circuit,Pump seal kit,Operational test passed,1.63,7.43,60852.03,2024-11-15,Completed,"Technician checked Accumulator, recorded reported symptom, performed required service action, and completed post-service test."
SR-00266,MR-00266,EQ-0206,TECH-0709,2024-05-15,Preventive,Night,10776,Swing Motor: Cooler restriction; observed symptom: bucket cylinder leaking externally.,Visual inspection and pressure test,damaged cylinder seal,"drained contaminated oil, flushed circuit and refilled with filtered oil",Cooler gasket set,Leak test passed,6.78,11.77,31745.52,2024-11-15,Follow-up Required,"Technician checked Swing Motor, recorded reported symptom, performed required service action, and completed post-service test."
SR-00267,MR-00267,EQ-0116,TECH-0408,2024-05-15,Preventive,Day,13604,Boom Cylinder: Oil contamination; observed symptom: hydraulic oil temperature rises during continuous operation.,Filter inspection and fluid condition check,blocked cooler core,replaced damaged hose and pressure-tested circuit,Hydraulic oil,Functional test passed,5.85,1.5,43431.13,2024-11-15,Completed,"Technician checked Boom Cylinder, recorded reported symptom, performed required service action, and completed post-service test."
SR-00268,MR-00268,EQ-0226,TECH-0432,2024-05-15,Preventive,Night,10417,Hydraulic Pump: Pilot pressure drop; observed symptom: hydraulic oil temperature rises during continuous operation.,Operational test under load,contaminated hydraulic oil,inspected hydraulic circuit and isolated affected component,Hydraulic hose,Operational test passed,2.69,10.58,47063.06,2024-11-15,Closed,"Technician checked Hydraulic Pump, recorded reported symptom, performed required service action, and completed post-service test."
SR-00269,MR-00269,EQ-0226,TECH-0587,2024-05-15,Corrective,Evening,5674,Pilot System: Accumulator pressure loss; observed symptom: arm movement slow after hydraulic oil warms.,Visual inspection and pressure test,air entering suction line,inspected hydraulic circuit and isolated affected component,Return filter element,Leak test passed,1.54,2.28,58159.84,2024-11-15,Closed,"Technician checked Pilot System, recorded reported symptom, performed required service action, and completed post-service test."
SR-00270,MR-00270,EQ-0184,TECH-0475,2024-05-15,Condition-Based,Evening,12693,Bucket Cylinder: Air ingress; observed symptom: bucket cylinder leaking externally.,Operational test under load,damaged cylinder seal,replaced damaged hose and pressure-tested circuit,Hydraulic filter,Operational test passed,12.75,6.95,41105.4,2024-11-15,Completed,"Technician checked Bucket Cylinder, recorded reported symptom, performed required service action, and completed post-service test."
SR-00271,MR-00271,EQ-0213,TECH-0698,2024-05-15,Inspection,Night,12875,Swing Motor: Filter blockage; observed symptom: bucket cylinder leaking externally.,Visual inspection and pressure test,blocked cooler core,inspected hydraulic circuit and isolated affected component,Hydraulic hose,Functional test passed,7.04,1.16,30488.87,2024-11-15,Completed,"Technician checked Swing Motor, recorded reported symptom, performed required service action, and completed post-service test."
SR-00272,MR-00272,EQ-0187,TECH-0745,2024-05-15,Condition-Based,Evening,9832,Arm Cylinder: Valve spool binding; observed symptom: hydraulic flow is low at operating temperature.,Visual inspection and pressure test,loss of accumulator pre-charge,"drained contaminated oil, flushed circuit and refilled with filtered oil",Return filter element,Operational test passed,10.43,3.95,63379.84,2024-11-15,Completed,"Technician checked Arm Cylinder, recorded reported symptom, performed required service action, and completed post-service test."
SR-00273,MR-00273,EQ-0194,TECH-0852,2024-05-15,Corrective,Night,15696,Boom Cylinder: Filter blockage; observed symptom: hydraulic oil temperature rises during continuous operation.,Visual inspection and pressure test,blocked cooler core,tested pilot pressure and inspected pilot circuit,Pump seal kit,Operational test passed,11.42,8.09,41563.49,2024-11-15,Completed,"Technician checked Boom Cylinder, recorded reported symptom, performed required service action, and completed post-service test."
SR-00274,MR-00274,EQ-0201,TECH-0611,2024-05-15,Preventive,Night,2193,Hydraulic Pump: Pilot pressure drop; observed symptom: hydraulic flow is low at operating temperature.,Temperature and pressure checks,high oil temperature,tested pilot pressure and inspected pilot circuit,Pump seal kit,Leak test passed,7.97,3.45,61652.37,2024-11-15,Completed - Monitor,"Technician checked Hydraulic Pump, recorded reported symptom, performed required service action, and completed post-service test."
SR-00275,MR-00275,EQ-0124,TECH-0738,2024-05-15,Corrective,Night,14458,Travel Motor: Air ingress; observed symptom: travel function loses power on incline.,Operational test under load,air entering suction line,inspected hydraulic circuit and isolated affected component,Pump seal kit,Leak test passed,2.46,3.32,47590.01,2024-11-15,Closed,"Technician checked Travel Motor, recorded reported symptom, performed required service action, and completed post-service test."
SR-00276,MR-00276,EQ-0148,TECH-0789,2024-05-15,Corrective,Day,13274,Hydraulic Filter: Air ingress; observed symptom: hydraulic flow is low at operating temperature.,Temperature and pressure checks,loss of accumulator pre-charge,inspected hydraulic circuit and isolated affected component,Cooler gasket set,Functional test passed,3.95,0.42,55498.11,2024-11-15,Closed,"Technician checked Hydraulic Filter, recorded reported symptom, performed required service action, and completed post-service test."
SR-00277,MR-00277,EQ-0228,TECH-0611,2024-05-15,Preventive,Day,5809,Pilot System: Cylinder seal wear; observed symptom: hydraulic flow is low at operating temperature.,Temperature and pressure checks,air entering suction line,replaced damaged hose and pressure-tested circuit,Cooler gasket set,Operational test passed,12.01,1.92,68608.2,2024-11-15,Completed,"Technician checked Pilot System, recorded reported symptom, performed required service action, and completed post-service test."
SR-00278,MR-00278,EQ-0238,TECH-0423,2024-05-15,Preventive,Day,16900,Hydraulic Pump: Filter blockage; observed symptom: pump noise increases during operation.,Operational test under load,contaminated hydraulic oil,replaced damaged hose and pressure-tested circuit,Hydraulic oil,Functional test passed,5.6,3.0,63338.42,2024-11-15,Completed,"Technician checked Hydraulic Pump, recorded reported symptom, performed required service action, and completed post-service test."
SR-00279,MR-00279,EQ-0171,TECH-0966,2024-05-15,Preventive,Night,9058,Bucket Cylinder: Cylinder seal wear; observed symptom: bucket cylinder leaking externally.,Temperature and pressure checks,high oil temperature,tested pilot pressure and inspected pilot circuit,Cooler gasket set,Pressure test passed,10.84,4.45,26068.44,2024-11-15,Completed,"Technician checked Bucket Cylinder, recorded reported symptom, performed required service action, and completed post-service test."
SR-00280,MR-00280,EQ-0134,TECH-0613,2024-05-15,Corrective,Day,9494,Travel Motor: Cylinder seal wear; observed symptom: hydraulic oil temperature rises during continuous operation.,Filter inspection and fluid condition check,high oil temperature,"drained contaminated oil, flushed circuit and refilled with filtered oil",Hydraulic oil,Functional test passed,13.36,3.71,26842.98,2024-11-15,Completed - Monitor,"Technician checked Travel Motor, recorded reported symptom, performed required service action, and completed post-service test."
SR-00281,MR-00281,EQ-0163,TECH-0139,2024-05-15,Preventive,Evening,16036,Hydraulic Oil: Valve spool binding; observed symptom: hydraulic oil temperature rises during continuous operation.,Visual inspection and pressure test,air entering suction line,inspected hydraulic circuit and isolated affected component,Pump seal kit,Leak test passed,1.43,2.58,23880.42,2024-11-15,Closed,"Technician checked Hydraulic Oil, recorded reported symptom, performed required service action, and completed post-service test."
SR-00282,MR-00282,EQ-0129,TECH-0670,2024-05-15,Corrective,Day,11772,Swing Motor: Cooler restriction; observed symptom: pump noise increases during operation.,Filter inspection and fluid condition check,loss of accumulator pre-charge,tested pilot pressure and inspected pilot circuit,Return filter element,Pressure test passed,12.34,4.31,51426.15,2024-11-15,Completed - Monitor,"Technician checked Swing Motor, recorded reported symptom, performed required service action, and completed post-service test."
SR-00283,MR-00283,EQ-0204,TECH-0814,2024-05-15,Inspection,Night,3866,Main Control Valve: Line restriction; observed symptom: pump noise increases during operation.,Temperature and pressure checks,air entering suction line,inspected hydraulic circuit and isolated affected component,Hydraulic oil,Pressure test passed,12.83,6.65,26393.74,2024-11-15,Closed,"Technician checked Main Control Valve, recorded reported symptom, performed required service action, and completed post-service test."
SR-00284,MR-00284,EQ-0164,TECH-0992,2024-05-15,Inspection,Evening,14149,Pilot System: Line restriction; observed symptom: travel function loses power on incline.,Temperature and pressure checks,high oil temperature,"drained contaminated oil, flushed circuit and refilled with filtered oil",Valve O-rings,Pressure test passed,2.08,3.41,74635.02,2024-11-15,Completed,"Technician checked Pilot System, recorded reported symptom, performed required service action, and completed post-service test."
SR-00285,MR-00285,EQ-0129,TECH-0840,2024-05-15,Condition-Based,Day,13944,Hydraulic Pump: Filter blockage; observed symptom: hydraulic flow is low at operating temperature.,Visual inspection and pressure test,air entering suction line,replaced damaged hose and pressure-tested circuit,Pump seal kit,Functional test passed,6.87,2.58,33427.65,2024-11-15,Completed - Monitor,"Technician checked Hydraulic Pump, recorded reported symptom, performed required service action, and completed post-service test."
SR-00286,MR-00286,EQ-0201,TECH-0971,2024-05-15,Corrective,Night,8063,Main Control Valve: Oil contamination; observed symptom: hydraulic flow is low at operating temperature.,Filter inspection and fluid condition check,high oil temperature,replaced damaged hose and pressure-tested circuit,Hydraulic oil,Leak test passed,14.63,6.44,73510.16,2024-11-15,Follow-up Required,"Technician checked Main Control Valve, recorded reported symptom, performed required service action, and completed post-service test."
SR-00287,MR-00287,EQ-0126,TECH-0676,2024-05-15,Preventive,Night,17921,Pilot System: Line restriction; observed symptom: hydraulic flow is low at operating temperature.,Visual inspection and pressure test,damaged cylinder seal,tested pilot pressure and inspected pilot circuit,Return filter element,Operational test passed,15.13,0.63,53969.75,2024-11-15,Completed,"Technician checked Pilot System, recorded reported symptom, performed required service action, and completed post-service test."
SR-00288,MR-00288,EQ-0207,TECH-0143,2024-05-15,Preventive,Night,1630,Main Control Valve: Air ingress; observed symptom: hydraulic flow is low at operating temperature.,Visual inspection and pressure test,air entering suction line,inspected hydraulic circuit and isolated affected component,Hydraulic filter,Leak test passed,4.95,5.81,30305.74,2024-11-15,Follow-up Required,"Technician checked Main Control Valve, recorded reported symptom, performed required service action, and completed post-service test."
SR-00289,MR-00289,EQ-0202,TECH-0741,2024-05-15,Inspection,Night,18295,Boom Cylinder: Air ingress; observed symptom: bucket cylinder leaking externally.,Visual inspection and pressure test,air entering suction line,replaced damaged hose and pressure-tested circuit,Pump seal kit,Pressure test passed,6.5,3.83,51760.58,2024-11-15,Completed - Monitor,"Technician checked Boom Cylinder, recorded reported symptom, performed required service action, and completed post-service test."
SR-00290,MR-00290,EQ-0153,TECH-0231,2024-05-15,Corrective,Day,17708,Main Control Valve: Pilot pressure drop; observed symptom: hydraulic oil temperature rises during continuous operation.,Filter inspection and fluid condition check,loss of accumulator pre-charge,replaced damaged hose and pressure-tested circuit,Hydraulic oil,Pressure test passed,2.13,9.6,51436.73,2024-11-15,Closed,"Technician checked Main Control Valve, recorded reported symptom, performed required service action, and completed post-service test."
SR-00291,MR-00291,EQ-0174,TECH-0295,2024-05-15,Inspection,Day,11801,Main Control Valve: Filter blockage; observed symptom: hydraulic oil temperature rises during continuous operation.,Temperature and pressure checks,contaminated hydraulic oil,"drained contaminated oil, flushed circuit and refilled with filtered oil",Cooler gasket set,Leak test passed,4.34,2.61,29803.69,2024-11-15,Completed - Monitor,"Technician checked Main Control Valve, recorded reported symptom, performed required service action, and completed post-service test."
SR-00292,MR-00292,EQ-0170,TECH-0956,2024-05-15,Inspection,Night,9555,Swing Motor: Oil contamination; observed symptom: travel function loses power on incline.,Operational test under load,contaminated hydraulic oil,"drained contaminated oil, flushed circuit and refilled with filtered oil",Hydraulic filter,Operational test passed,9.98,6.43,5919.67,2024-11-15,Completed - Monitor,"Technician checked Swing Motor, recorded reported symptom, performed required service action, and completed post-service test."
SR-00293,MR-00293,EQ-0106,TECH-0898,2024-05-15,Corrective,Day,11518,Hydraulic Line: Cylinder seal wear; observed symptom: hydraulic flow is low at operating temperature.,Visual inspection and pressure test,high oil temperature,"drained contaminated oil, flushed circuit and refilled with filtered oil",Hydraulic hose,Operational test passed,6.35,4.31,23035.27,2024-11-15,Completed,"Technician checked Hydraulic Line, recorded reported symptom, performed required service action, and completed post-service test."
SR-00294,MR-00294,EQ-0208,TECH-0971,2024-05-15,Corrective,Night,7106,Oil Cooler: Cylinder seal wear; observed symptom: pump noise increases during operation.,Visual inspection and pressure test,blocked cooler core,"drained contaminated oil, flushed circuit and refilled with filtered oil",Cooler gasket set,Leak test passed,1.37,2.93,67238.89,2024-11-15,Completed - Monitor,"Technician checked Oil Cooler, recorded reported symptom, performed required service action, and completed post-service test."
SR-00295,MR-00295,EQ-0136,TECH-0538,2024-05-15,Corrective,Evening,6446,Bucket Cylinder: Valve spool binding; observed symptom: bucket cylinder leaking externally.,Filter inspection and fluid condition check,loss of accumulator pre-charge,replaced damaged hose and pressure-tested circuit,Valve O-rings,Functional test passed,5.65,9.23,12877.97,2024-11-15,Completed,"Technician checked Bucket Cylinder, recorded reported symptom, performed required service action, and completed post-service test."
SR-00296,MR-00296,EQ-0179,TECH-0547,2024-05-15,Corrective,Evening,13289,Hydraulic Oil: Air ingress; observed symptom: pump noise increases during operation.,Visual inspection and pressure test,high oil temperature,inspected hydraulic circuit and isolated affected component,Return filter element,Functional test passed,7.8,3.9,22793.74,2024-11-15,Follow-up Required,"Technician checked Hydraulic Oil, recorded reported symptom, performed required service action, and completed post-service test."
SR-00297,MR-00297,EQ-0125,TECH-0439,2024-05-15,Inspection,Evening,7476,Bucket Cylinder: Accumulator pressure loss; observed symptom: travel function loses power on incline.,Visual inspection and pressure test,blocked cooler core,inspected hydraulic circuit and isolated affected component,Hydraulic filter,Leak test passed,14.73,3.49,9725.29,2024-11-15,Follow-up Required,"Technician checked Bucket Cylinder, recorded reported symptom, performed required service action, and completed post-service test."
SR-00298,MR-00298,EQ-0169,TECH-0707,2024-05-15,Condition-Based,Night,13022,Main Control Valve: Internal pump leakage; observed symptom: arm movement slow after hydraulic oil warms.,Visual inspection and pressure test,high oil temperature,replaced damaged hose and pressure-tested circuit,Return filter element,Leak test passed,15.93,0.32,17259.3,2024-11-15,Completed,"Technician checked Main Control Valve, recorded reported symptom, performed required service action, and completed post-service test."
SR-00299,MR-00299,EQ-0139,TECH-0447,2024-05-15,Preventive,Evening,11794,Hydraulic Pump: Pilot pressure drop; observed symptom: bucket cylinder leaking externally.,Visual inspection and pressure test,high oil temperature,inspected hydraulic circuit and isolated affected component,Hydraulic filter,Operational test passed,9.13,3.03,57993.12,2024-11-15,Completed - Monitor,"Technician checked Hydraulic Pump, recorded reported symptom, performed required service action, and completed post-service test."
SR-00300,MR-00300,EQ-0169,TECH-0140,2024-05-15,Inspection,Day,2110,Boom Cylinder: Cooler restriction; observed symptom: pump noise increases during operation.,Temperature and pressure checks,contaminated hydraulic oil,"drained contaminated oil, flushed circuit and refilled with filtered oil",Cylinder seal kit,Operational test passed,5.4,11.4,22564.82,2024-11-15,Closed,"Technician checked Boom Cylinder, recorded reported symptom, performed required service action, and completed post-service test."
SR-00301,MR-00301,EQ-0236,TECH-0460,2024-05-15,Preventive,Day,5259,Hydraulic Pump: Air ingress; observed symptom: pump noise increases during operation.,Visual inspection and pressure test,high oil temperature,"drained contaminated oil, flushed circuit and refilled with filtered oil",Return filter element,Leak test passed,10.57,8.36,21799.96,2024-11-15,Completed,"Technician checked Hydraulic Pump, recorded reported symptom, performed required service action, and completed post-service test."
SR-00302,MR-00302,EQ-0208,TECH-0666,2024-05-15,Condition-Based,Night,16578,Hydraulic Filter: Line restriction; observed symptom: arm movement slow after hydraulic oil warms.,Temperature and pressure checks,blocked cooler core,tested pilot pressure and inspected pilot circuit,Valve O-rings,Operational test passed,15.01,9.61,43326.25,2024-11-15,Follow-up Required,"Technician checked Hydraulic Filter, recorded reported symptom, performed required service action, and completed post-service test."
SR-00303,MR-00303,EQ-0133,TECH-0327,2024-05-15,Corrective,Evening,18227,Travel Motor: Line restriction; observed symptom: travel function loses power on incline.,Visual inspection and pressure test,high oil temperature,"drained contaminated oil, flushed circuit and refilled with filtered oil",Valve O-rings,Pressure test passed,8.4,2.95,65689.69,2024-11-15,Completed,"Technician checked Travel Motor, recorded reported symptom, performed required service action, and completed post-service test."
SR-00304,MR-00304,EQ-0137,TECH-0151,2024-05-15,Preventive,Day,3456,Pilot System: Internal pump leakage; observed symptom: travel function loses power on incline.,Temperature and pressure checks,blocked cooler core,tested pilot pressure and inspected pilot circuit,Cooler gasket set,Functional test passed,10.24,9.9,12965.1,2024-11-15,Closed,"Technician checked Pilot System, recorded reported symptom, performed required service action, and completed post-service test."
SR-00305,MR-00305,EQ-0136,TECH-0916,2024-05-15,Condition-Based,Day,7925,Oil Cooler: Filter blockage; observed symptom: travel function loses power on incline.,Visual inspection and pressure test,damaged cylinder seal,tested pilot pressure and inspected pilot circuit,Cooler gasket set,Functional test passed,11.75,7.9,18011.7,2024-11-15,Completed,"Technician checked Oil Cooler, recorded reported symptom, performed required service action, and completed post-service test."
SR-00306,MR-00306,EQ-0210,TECH-0273,2024-05-15,Condition-Based,Day,3813,Arm Cylinder: Oil contamination; observed symptom: pump noise increases during operation.,Visual inspection and pressure test,loss of accumulator pre-charge,replaced damaged hose and pressure-tested circuit,Cylinder seal kit,Functional test passed,13.09,6.53,20741.32,2024-11-15,Closed,"Technician checked Arm Cylinder, recorded reported symptom, performed required service action, and completed post-service test."
SR-00307,MR-00307,EQ-0206,TECH-0514,2024-05-15,Preventive,Night,4186,Hydraulic Pump: Accumulator pressure loss; observed symptom: travel function loses power on incline.,Temperature and pressure checks,damaged cylinder seal,replaced damaged hose and pressure-tested circuit,Hydraulic filter,Operational test passed,1.36,3.68,4789.44,2024-11-15,Completed - Monitor,"Technician checked Hydraulic Pump, recorded reported symptom, performed required service action, and completed post-service test."
SR-00308,MR-00308,EQ-0224,TECH-0830,2024-05-15,Inspection,Evening,10513,Hydraulic Line: Accumulator pressure loss; observed symptom: travel function loses power on incline.,Temperature and pressure checks,loss of accumulator pre-charge,inspected hydraulic circuit and isolated affected component,Hydraulic filter,Functional test passed,4.49,2.16,57643.4,2024-11-15,Closed,"Technician checked Hydraulic Line, recorded reported symptom, performed required service action, and completed post-service test."
SR-00309,MR-00309,EQ-0118,TECH-0417,2024-05-15,Preventive,Evening,12966,Travel Motor: Valve spool binding; observed symptom: hydraulic flow is low at operating temperature.,Temperature and pressure checks,loss of accumulator pre-charge,"drained contaminated oil, flushed circuit and refilled with filtered oil",Cooler gasket set,Operational test passed,14.35,11.29,71479.76,2024-11-15,Follow-up Required,"Technician checked Travel Motor, recorded reported symptom, performed required service action, and completed post-service test."
SR-00310,MR-00310,EQ-0198,TECH-0102,2024-05-15,Corrective,Night,8712,Pilot System: Air ingress; observed symptom: bucket cylinder leaking externally.,Temperature and pressure checks,loss of accumulator pre-charge,tested pilot pressure and inspected pilot circuit,Cylinder seal kit,Functional test passed,10.45,4.5,40242.74,2024-11-15,Follow-up Required,"Technician checked Pilot System, recorded reported symptom, performed required service action, and completed post-service test."
SR-00311,MR-00311,EQ-0226,TECH-0414,2024-05-15,Inspection,Night,4959,Hydraulic Oil: Valve spool binding; observed symptom: bucket cylinder leaking externally.,Temperature and pressure checks,damaged cylinder seal,tested pilot pressure and inspected pilot circuit,Cooler gasket set,Leak test passed,10.7,2.28,46267.94,2024-11-15,Follow-up Required,"Technician checked Hydraulic Oil, recorded reported symptom, performed required service action, and completed post-service test."
SR-00312,MR-00312,EQ-0142,TECH-0894,2024-05-15,Inspection,Night,5382,Boom Cylinder: Valve spool binding; observed symptom: travel function loses power on incline.,Temperature and pressure checks,contaminated hydraulic oil,replaced damaged hose and pressure-tested circuit,Pump seal kit,Pressure test passed,9.45,0.76,34110.78,2024-11-15,Follow-up Required,"Technician checked Boom Cylinder, recorded reported symptom, performed required service action, and completed post-service test."
SR-00313,MR-00313,EQ-0240,TECH-0315,2024-05-15,Inspection,Night,13670,Accumulator: Air ingress; observed symptom: hydraulic oil temperature rises during continuous operation.,Operational test under load,damaged cylinder seal,"drained contaminated oil, flushed circuit and refilled with filtered oil",Valve O-rings,Pressure test passed,4.61,6.15,44271.03,2024-11-15,Completed - Monitor,"Technician checked Accumulator, recorded reported symptom, performed required service action, and completed post-service test."
SR-00314,MR-00314,EQ-0219,TECH-0605,2024-05-15,Preventive,Evening,10527,Pilot System: Cylinder seal wear; observed symptom: hydraulic flow is low at operating temperature.,Filter inspection and fluid condition check,contaminated hydraulic oil,replaced damaged hose and pressure-tested circuit,Cylinder seal kit,Leak test passed,7.44,8.3,72639.25,2024-11-15,Completed,"Technician checked Pilot System, recorded reported symptom, performed required service action, and completed post-service test."
SR-00315,MR-00315,EQ-0229,TECH-0697,2024-05-15,Inspection,Day,7911,Bucket Cylinder: Filter blockage; observed symptom: hydraulic oil temperature rises during continuous operation.,Visual inspection and pressure test,damaged cylinder seal,inspected hydraulic circuit and isolated affected component,Cylinder seal kit,Operational test passed,5.41,10.19,39201.64,2024-11-15,Completed,"Technician checked Bucket Cylinder, recorded reported symptom, performed required service action, and completed post-service test."
SR-00316,MR-00316,EQ-0114,TECH-0763,2024-05-15,Condition-Based,Evening,4594,Travel Motor: Line restriction; observed symptom: pump noise increases during operation.,Filter inspection and fluid condition check,loss of accumulator pre-charge,replaced damaged hose and pressure-tested circuit,Return filter element,Operational test passed,15.43,8.47,39769.63,2024-11-15,Closed,"Technician checked Travel Motor, recorded reported symptom, performed required service action, and completed post-service test."
SR-00317,MR-00317,EQ-0142,TECH-0745,2024-05-15,Inspection,Night,5781,Hydraulic Line: Air ingress; observed symptom: arm movement slow after hydraulic oil warms.,Operational test under load,damaged cylinder seal,replaced damaged hose and pressure-tested circuit,Pump seal kit,Pressure test passed,15.55,7.98,54039.59,2024-11-15,Completed - Monitor,"Technician checked Hydraulic Line, recorded reported symptom, performed required service action, and completed post-service test."
SR-00318,MR-00318,EQ-0187,TECH-0921,2024-05-15,Inspection,Evening,6066,Swing Motor: Oil contamination; observed symptom: hydraulic oil temperature rises during continuous operation.,Temperature and pressure checks,high oil temperature,replaced damaged hose and pressure-tested circuit,Valve O-rings,Operational test passed,13.85,0.31,56876.41,2024-11-15,Follow-up Required,"Technician checked Swing Motor, recorded reported symptom, performed required service action, and completed post-service test."
SR-00319,MR-00319,EQ-0154,TECH-0983,2024-05-15,Corrective,Night,18022,Pilot System: Valve spool binding; observed symptom: bucket cylinder leaking externally.,Operational test under load,blocked cooler core,inspected hydraulic circuit and isolated affected component,Pump seal kit,Leak test passed,5.52,8.31,56928.68,2024-11-15,Closed,"Technician checked Pilot System, recorded reported symptom, performed required service action, and completed post-service test."
SR-00320,MR-00320,EQ-0218,TECH-0960,2024-05-15,Preventive,Evening,6545,Main Control Valve: Cylinder seal wear; observed symptom: hydraulic oil temperature rises during continuous operation.,Temperature and pressure checks,contaminated hydraulic oil,inspected hydraulic circuit and isolated affected component,Hydraulic hose,Pressure test passed,2.81,10.61,8538.65,2024-11-15,Completed - Monitor,"Technician checked Main Control Valve, recorded reported symptom, performed required service action, and completed post-service test."
SR-00321,MR-00321,EQ-0215,TECH-0583,2024-05-15,Preventive,Evening,2258,Boom Cylinder: Cylinder seal wear; observed symptom: travel function loses power on incline.,Temperature and pressure checks,damaged cylinder seal,replaced damaged hose and pressure-tested circuit,Return filter element,Operational test passed,4.41,4.18,57223.9,2024-11-15,Follow-up Required,"Technician checked Boom Cylinder, recorded reported symptom, performed required service action, and completed post-service test."
SR-00322,MR-00322,EQ-0218,TECH-0645,2024-05-15,Condition-Based,Evening,1822,Pilot System: Cylinder seal wear; observed symptom: bucket cylinder leaking externally.,Visual inspection and pressure test,damaged cylinder seal,inspected hydraulic circuit and isolated affected component,Valve O-rings,Leak test passed,7.82,5.38,64162.98,2024-11-15,Completed,"Technician checked Pilot System, recorded reported symptom, performed required service action, and completed post-service test."
SR-00323,MR-00323,EQ-0100,TECH-0501,2024-05-15,Inspection,Night,2565,Hydraulic Line: Internal pump leakage; observed symptom: arm movement slow after hydraulic oil warms.,Filter inspection and fluid condition check,high oil temperature,replaced damaged hose and pressure-tested circuit,Hydraulic hose,Operational test passed,13.65,0.98,47042.87,2024-11-15,Follow-up Required,"Technician checked Hydraulic Line, recorded reported symptom, performed required service action, and completed post-service test."
SR-00324,MR-00324,EQ-0111,TECH-0345,2024-05-15,Corrective,Night,14966,Swing Motor: Line restriction; observed symptom: hydraulic oil temperature rises during continuous operation.,Temperature and pressure checks,loss of accumulator pre-charge,"drained contaminated oil, flushed circuit and refilled with filtered oil",Return filter element,Leak test passed,3.89,2.29,63269.07,2024-11-15,Follow-up Required,"Technician checked Swing Motor, recorded reported symptom, performed required service action, and completed post-service test."
SR-00325,MR-00325,EQ-0122,TECH-0660,2024-05-15,Corrective,Evening,12906,Travel Motor: Cooler restriction; observed symptom: hydraulic flow is low at operating temperature.,Operational test under load,blocked cooler core,tested pilot pressure and inspected pilot circuit,Hydraulic oil,Functional test passed,14.25,6.19,50422.56,2024-11-15,Completed - Monitor,"Technician checked Travel Motor, recorded reported symptom, performed required service action, and completed post-service test."
SR-00326,MR-00326,EQ-0239,TECH-0616,2024-05-15,Inspection,Evening,16269,Arm Cylinder: Internal pump leakage; observed symptom: hydraulic flow is low at operating temperature.,Temperature and pressure checks,blocked cooler core,inspected hydraulic circuit and isolated affected component,Hydraulic oil,Leak test passed,3.56,9.27,42456.81,2024-11-15,Completed,"Technician checked Arm Cylinder, recorded reported symptom, performed required service action, and completed post-service test."
SR-00327,MR-00327,EQ-0181,TECH-0114,2024-05-15,Preventive,Night,12794,Swing Motor: Line restriction; observed symptom: hydraulic flow is low at operating temperature.,Visual inspection and pressure test,contaminated hydraulic oil,tested pilot pressure and inspected pilot circuit,Hydraulic hose,Operational test passed,7.1,7.39,19110.96,2024-11-15,Completed,"Technician checked Swing Motor, recorded reported symptom, performed required service action, and completed post-service test."
SR-00328,MR-00328,EQ-0217,TECH-0261,2024-05-15,Corrective,Evening,13160,Accumulator: Line restriction; observed symptom: travel function loses power on incline.,Filter inspection and fluid condition check,contaminated hydraulic oil,inspected hydraulic circuit and isolated affected component,Cylinder seal kit,Leak test passed,9.3,9.16,60035.89,2024-11-15,Closed,"Technician checked Accumulator, recorded reported symptom, performed required service action, and completed post-service test."
SR-00329,MR-00329,EQ-0112,TECH-0138,2024-05-15,Condition-Based,Night,12922,Oil Cooler: Cooler restriction; observed symptom: arm movement slow after hydraulic oil warms.,Operational test under load,contaminated hydraulic oil,replaced damaged hose and pressure-tested circuit,Hydraulic oil,Pressure test passed,10.11,9.69,17907.71,2024-11-15,Completed - Monitor,"Technician checked Oil Cooler, recorded reported symptom, performed required service action, and completed post-service test."
SR-00330,MR-00330,EQ-0226,TECH-0701,2024-05-15,Corrective,Night,14778,Accumulator: Valve spool binding; observed symptom: hydraulic oil temperature rises during continuous operation.,Temperature and pressure checks,damaged cylinder seal,tested pilot pressure and inspected pilot circuit,Hydraulic filter,Functional test passed,9.5,10.25,23517.05,2024-11-15,Completed,"Technician checked Accumulator, recorded reported symptom, performed required service action, and completed post-service test."
SR-00331,MR-00331,EQ-0216,TECH-0394,2024-05-15,Preventive,Night,17640,Hydraulic Filter: Oil contamination; observed symptom: travel function loses power on incline.,Operational test under load,loss of accumulator pre-charge,replaced damaged hose and pressure-tested circuit,Hydraulic filter,Pressure test passed,12.07,6.02,13897.24,2024-11-15,Completed - Monitor,"Technician checked Hydraulic Filter, recorded reported symptom, performed required service action, and completed post-service test."
SR-00332,MR-00332,EQ-0160,TECH-0333,2024-05-15,Condition-Based,Night,6761,Main Control Valve: Pilot pressure drop; observed symptom: arm movement slow after hydraulic oil warms.,Visual inspection and pressure test,loss of accumulator pre-charge,inspected hydraulic circuit and isolated affected component,Hydraulic oil,Pressure test passed,12.14,1.32,64329.75,2024-11-15,Completed,"Technician checked Main Control Valve, recorded reported symptom, performed required service action, and completed post-service test."
SR-00333,MR-00333,EQ-0147,TECH-0338,2024-05-15,Corrective,Night,16708,Swing Motor: Accumulator pressure loss; observed symptom: travel function loses power on incline.,Visual inspection and pressure test,blocked cooler core,inspected hydraulic circuit and isolated affected component,Pump seal kit,Operational test passed,8.65,9.84,50766.87,2024-11-15,Completed - Monitor,"Technician checked Swing Motor, recorded reported symptom, performed required service action, and completed post-service test."
SR-00334,MR-00334,EQ-0202,TECH-0485,2024-05-15,Inspection,Day,7303,Hydraulic Pump: Valve spool binding; observed symptom: bucket cylinder leaking externally.,Visual inspection and pressure test,loss of accumulator pre-charge,inspected hydraulic circuit and isolated affected component,Cylinder seal kit,Leak test passed,9.03,6.78,71463.8,2024-11-15,Closed,"Technician checked Hydraulic Pump, recorded reported symptom, performed required service action, and completed post-service test."
SR-00335,MR-00335,EQ-0106,TECH-0337,2024-05-15,Condition-Based,Night,17157,Boom Cylinder: Cooler restriction; observed symptom: hydraulic oil temperature rises during continuous operation.,Operational test under load,blocked cooler core,replaced damaged hose and pressure-tested circuit,Cooler gasket set,Pressure test passed,7.88,9.48,60564.92,2024-11-15,Follow-up Required,"Technician checked Boom Cylinder, recorded reported symptom, performed required service action, and completed post-service test."
SR-00336,MR-00336,EQ-0190,TECH-0821,2024-05-15,Condition-Based,Evening,15488,Accumulator: Cylinder seal wear; observed symptom: bucket cylinder leaking externally.,Visual inspection and pressure test,contaminated hydraulic oil,inspected hydraulic circuit and isolated affected component,Cooler gasket set,Pressure test passed,10.85,3.02,59101.72,2024-11-15,Completed - Monitor,"Technician checked Accumulator, recorded reported symptom, performed required service action, and completed post-service test."
SR-00337,MR-00337,EQ-0156,TECH-0802,2024-05-15,Preventive,Day,6987,Main Control Valve: Air ingress; observed symptom: hydraulic flow is low at operating temperature.,Filter inspection and fluid condition check,air entering suction line,tested pilot pressure and inspected pilot circuit,Hydraulic hose,Operational test passed,8.67,7.1,59019.65,2024-11-15,Completed,"Technician checked Main Control Valve, recorded reported symptom, performed required service action, and completed post-service test."
SR-00338,MR-00338,EQ-0221,TECH-0149,2024-05-15,Condition-Based,Night,7539,Swing Motor: Accumulator pressure loss; observed symptom: pump noise increases during operation.,Filter inspection and fluid condition check,contaminated hydraulic oil,inspected hydraulic circuit and isolated affected component,Hydraulic oil,Operational test passed,13.54,0.43,72877.9,2024-11-15,Follow-up Required,"Technician checked Swing Motor, recorded reported symptom, performed required service action, and completed post-service test."
SR-00339,MR-00339,EQ-0220,TECH-0332,2024-05-15,Inspection,Day,17406,Hydraulic Filter: Filter blockage; observed symptom: bucket cylinder leaking externally.,Visual inspection and pressure test,blocked cooler core,inspected hydraulic circuit and isolated affected component,Hydraulic oil,Functional test passed,4.71,6.41,16546.71,2024-11-15,Completed,"Technician checked Hydraulic Filter, recorded reported symptom, performed required service action, and completed post-service test."
SR-00340,MR-00340,EQ-0168,TECH-0430,2024-05-15,Corrective,Evening,2167,Hydraulic Oil: Line restriction; observed symptom: bucket cylinder leaking externally.,Filter inspection and fluid condition check,blocked cooler core,inspected hydraulic circuit and isolated affected component,Hydraulic oil,Leak test passed,14.06,8.47,68419.49,2024-11-15,Completed,"Technician checked Hydraulic Oil, recorded reported symptom, performed required service action, and completed post-service test."
SR-00341,MR-00341,EQ-0170,TECH-0611,2024-05-15,Inspection,Evening,10814,Hydraulic Line: Internal pump leakage; observed symptom: hydraulic flow is low at operating temperature.,Temperature and pressure checks,air entering suction line,"drained contaminated oil, flushed circuit and refilled with filtered oil",Pump seal kit,Pressure test passed,1.07,10.69,25408.15,2024-11-15,Follow-up Required,"Technician checked Hydraulic Line, recorded reported symptom, performed required service action, and completed post-service test."
SR-00342,MR-00342,EQ-0176,TECH-0352,2024-05-15,Inspection,Day,11543,Oil Cooler: Cylinder seal wear; observed symptom: arm movement slow after hydraulic oil warms.,Filter inspection and fluid condition check,damaged cylinder seal,tested pilot pressure and inspected pilot circuit,Hydraulic oil,Leak test passed,13.06,2.96,50150.28,2024-11-15,Completed - Monitor,"Technician checked Oil Cooler, recorded reported symptom, performed required service action, and completed post-service test."
SR-00343,MR-00343,EQ-0194,TECH-0148,2024-05-15,Condition-Based,Evening,17827,Hydraulic Pump: Oil contamination; observed symptom: travel function loses power on incline.,Temperature and pressure checks,contaminated hydraulic oil,"drained contaminated oil, flushed circuit and refilled with filtered oil",Hydraulic hose,Functional test passed,11.54,7.1,35251.83,2024-11-15,Completed,"Technician checked Hydraulic Pump, recorded reported symptom, performed required service action, and completed post-service test."
SR-00344,MR-00344,EQ-0156,TECH-0165,2024-05-15,Inspection,Evening,6783,Swing Motor: Cylinder seal wear; observed symptom: hydraulic oil temperature rises during continuous operation.,Temperature and pressure checks,damaged cylinder seal,replaced damaged hose and pressure-tested circuit,Cylinder seal kit,Functional test passed,3.79,8.8,29443.59,2024-11-15,Completed,"Technician checked Swing Motor, recorded reported symptom, performed required service action, and completed post-service test."
SR-00345,MR-00345,EQ-0238,TECH-0423,2024-05-15,Preventive,Day,15438,Pilot System: Oil contamination; observed symptom: arm movement slow after hydraulic oil warms.,Filter inspection and fluid condition check,damaged cylinder seal,inspected hydraulic circuit and isolated affected component,Return filter element,Operational test passed,10.47,6.08,57922.83,2024-11-15,Completed - Monitor,"Technician checked Pilot System, recorded reported symptom, performed required service action, and completed post-service test."
SR-00346,MR-00346,EQ-0129,TECH-0660,2024-05-15,Condition-Based,Night,15527,Boom Cylinder: Accumulator pressure loss; observed symptom: travel function loses power on incline.,Filter inspection and fluid condition check,loss of accumulator pre-charge,"drained contaminated oil, flushed circuit and refilled with filtered oil",Hydraulic hose,Pressure test passed,8.2,5.28,17964.85,2024-11-15,Follow-up Required,"Technician checked Boom Cylinder, recorded reported symptom, performed required service action, and completed post-service test."
SR-00347,MR-00347,EQ-0100,TECH-0393,2024-05-15,Inspection,Night,7518,Boom Cylinder: Cylinder seal wear; observed symptom: pump noise increases during operation.,Visual inspection and pressure test,blocked cooler core,inspected hydraulic circuit and isolated affected component,Valve O-rings,Pressure test passed,5.45,4.66,68366.88,2024-11-15,Closed,"Technician checked Boom Cylinder, recorded reported symptom, performed required service action, and completed post-service test."
SR-00348,MR-00348,EQ-0120,TECH-0553,2024-05-15,Inspection,Evening,7622,Oil Cooler: Cylinder seal wear; observed symptom: hydraulic oil temperature rises during continuous operation.,Filter inspection and fluid condition check,contaminated hydraulic oil,"drained contaminated oil, flushed circuit and refilled with filtered oil",Hydraulic hose,Leak test passed,8.79,3.95,42740.64,2024-11-15,Follow-up Required,"Technician checked Oil Cooler, recorded reported symptom, performed required service action, and completed post-service test."
SR-00349,MR-00349,EQ-0240,TECH-0438,2024-05-15,Inspection,Day,7647,Hydraulic Line: Cooler restriction; observed symptom: bucket cylinder leaking externally.,Filter inspection and fluid condition check,air entering suction line,replaced damaged hose and pressure-tested circuit,Hydraulic oil,Leak test passed,12.24,2.01,3786.41,2024-11-15,Completed - Monitor,"Technician checked Hydraulic Line, recorded reported symptom, performed required service action, and completed post-service test."
SR-00350,MR-00350,EQ-0133,TECH-0867,2024-05-15,Preventive,Night,12284,Hydraulic Pump: Valve spool binding; observed symptom: hydraulic oil temperature rises during continuous operation.,Filter inspection and fluid condition check,damaged cylinder seal,tested pilot pressure and inspected pilot circuit,Hydraulic filter,Operational test passed,7.21,3.23,59726.09,2024-11-15,Follow-up Required,"Technician checked Hydraulic Pump, recorded reported symptom, performed required service action, and completed post-service test."
SR-00351,MR-00351,EQ-0121,TECH-0841,2024-05-15,Condition-Based,Night,13117,Main Control Valve: Internal pump leakage; observed symptom: pump noise increases during operation.,Operational test under load,damaged cylinder seal,tested pilot pressure and inspected pilot circuit,Hydraulic oil,Leak test passed,11.28,10.68,65832.26,2024-11-15,Closed,"Technician checked Main Control Valve, recorded reported symptom, performed required service action, and completed post-service test."
SR-00352,MR-00352,EQ-0140,TECH-0150,2024-05-15,Preventive,Day,10258,Hydraulic Oil: Accumulator pressure loss; observed symptom: arm movement slow after hydraulic oil warms.,Operational test under load,high oil temperature,"drained contaminated oil, flushed circuit and refilled with filtered oil",Pump seal kit,Pressure test passed,4.67,10.54,42403.26,2024-11-15,Completed - Monitor,"Technician checked Hydraulic Oil, recorded reported symptom, performed required service action, and completed post-service test."
SR-00353,MR-00353,EQ-0153,TECH-0469,2024-05-15,Inspection,Day,14059,Arm Cylinder: Cylinder seal wear; observed symptom: bucket cylinder leaking externally.,Operational test under load,high oil temperature,"drained contaminated oil, flushed circuit and refilled with filtered oil",Return filter element,Functional test passed,6.42,10.14,59244.34,2024-11-15,Completed,"Technician checked Arm Cylinder, recorded reported symptom, performed required service action, and completed post-service test."
SR-00354,MR-00354,EQ-0122,TECH-0278,2024-05-15,Corrective,Day,11127,Boom Cylinder: Air ingress; observed symptom: bucket cylinder leaking externally.,Operational test under load,loss of accumulator pre-charge,"drained contaminated oil, flushed circuit and refilled with filtered oil",Hydraulic hose,Operational test passed,9.3,2.36,55820.17,2024-11-15,Completed - Monitor,"Technician checked Boom Cylinder, recorded reported symptom, performed required service action, and completed post-service test."
SR-00355,MR-00355,EQ-0226,TECH-0338,2024-05-15,Preventive,Day,15285,Hydraulic Line: Valve spool binding; observed symptom: arm movement slow after hydraulic oil warms.,Operational test under load,blocked cooler core,inspected hydraulic circuit and isolated affected component,Hydraulic oil,Leak test passed,5.74,11.37,31802.51,2024-11-15,Completed - Monitor,"Technician checked Hydraulic Line, recorded reported symptom, performed required service action, and completed post-service test."
SR-00356,MR-00356,EQ-0184,TECH-0418,2024-05-15,Corrective,Night,2327,Accumulator: Line restriction; observed symptom: arm movement slow after hydraulic oil warms.,Visual inspection and pressure test,air entering suction line,replaced damaged hose and pressure-tested circuit,Hydraulic hose,Functional test passed,13.88,1.05,42651.77,2024-11-15,Completed - Monitor,"Technician checked Accumulator, recorded reported symptom, performed required service action, and completed post-service test."
SR-00357,MR-00357,EQ-0117,TECH-0549,2024-05-15,Preventive,Night,14627,Pilot System: Valve spool binding; observed symptom: arm movement slow after hydraulic oil warms.,Filter inspection and fluid condition check,contaminated hydraulic oil,replaced damaged hose and pressure-tested circuit,Return filter element,Leak test passed,10.93,3.54,15700.04,2024-11-15,Closed,"Technician checked Pilot System, recorded reported symptom, performed required service action, and completed post-service test."
SR-00358,MR-00358,EQ-0117,TECH-0284,2024-05-15,Corrective,Day,10897,Main Control Valve: Cylinder seal wear; observed symptom: hydraulic flow is low at operating temperature.,Visual inspection and pressure test,loss of accumulator pre-charge,"drained contaminated oil, flushed circuit and refilled with filtered oil",Valve O-rings,Functional test passed,9.98,10.7,44988.38,2024-11-15,Closed,"Technician checked Main Control Valve, recorded reported symptom, performed required service action, and completed post-service test."
SR-00359,MR-00359,EQ-0222,TECH-0422,2024-05-15,Inspection,Night,8778,Boom Cylinder: Line restriction; observed symptom: travel function loses power on incline.,Visual inspection and pressure test,air entering suction line,tested pilot pressure and inspected pilot circuit,Hydraulic oil,Functional test passed,14.92,3.03,44550.39,2024-11-15,Completed - Monitor,"Technician checked Boom Cylinder, recorded reported symptom, performed required service action, and completed post-service test."
SR-00360,MR-00360,EQ-0207,TECH-0824,2024-05-15,Corrective,Evening,18374,Swing Motor: Line restriction; observed symptom: hydraulic oil temperature rises during continuous operation.,Operational test under load,loss of accumulator pre-charge,inspected hydraulic circuit and isolated affected component,Hydraulic oil,Functional test passed,12.29,6.31,35818.93,2024-11-15,Completed - Monitor,"Technician checked Swing Motor, recorded reported symptom, performed required service action, and completed post-service test."
SR-00361,MR-00361,EQ-0200,TECH-0906,2024-05-15,Inspection,Day,16437,Swing Motor: Pilot pressure drop; observed symptom: arm movement slow after hydraulic oil warms.,Operational test under load,damaged cylinder seal,tested pilot pressure and inspected pilot circuit,Cooler gasket set,Functional test passed,6.04,0.72,20648.74,2024-11-15,Completed - Monitor,"Technician checked Swing Motor, recorded reported symptom, performed required service action, and completed post-service test."
SR-00362,MR-00362,EQ-0108,TECH-0104,2024-05-15,Corrective,Night,4246,Hydraulic Pump: Filter blockage; observed symptom: hydraulic flow is low at operating temperature.,Visual inspection and pressure test,blocked cooler core,"drained contaminated oil, flushed circuit and refilled with filtered oil",Return filter element,Leak test passed,10.23,5.8,72338.39,2024-11-15,Follow-up Required,"Technician checked Hydraulic Pump, recorded reported symptom, performed required service action, and completed post-service test."
SR-00363,MR-00363,EQ-0233,TECH-0180,2024-05-15,Corrective,Day,6602,Bucket Cylinder: Internal pump leakage; observed symptom: pump noise increases during operation.,Visual inspection and pressure test,damaged cylinder seal,tested pilot pressure and inspected pilot circuit,Hydraulic hose,Functional test passed,5.7,2.62,42393.88,2024-11-15,Completed - Monitor,"Technician checked Bucket Cylinder, recorded reported symptom, performed required service action, and completed post-service test."
SR-00364,MR-00364,EQ-0101,TECH-0223,2024-05-15,Corrective,Day,9023,Hydraulic Line: Cooler restriction; observed symptom: travel function loses power on incline.,Filter inspection and fluid condition check,contaminated hydraulic oil,"drained contaminated oil, flushed circuit and refilled with filtered oil",Cylinder seal kit,Operational test passed,11.65,3.33,23219.79,2024-11-15,Completed,"Technician checked Hydraulic Line, recorded reported symptom, performed required service action, and completed post-service test."
SR-00365,MR-00365,EQ-0101,TECH-0681,2024-05-15,Inspection,Night,17437,Hydraulic Filter: Line restriction; observed symptom: hydraulic flow is low at operating temperature.,Visual inspection and pressure test,damaged cylinder seal,inspected hydraulic circuit and isolated affected component,Hydraulic hose,Functional test passed,11.48,7.07,13631.55,2024-11-15,Closed,"Technician checked Hydraulic Filter, recorded reported symptom, performed required service action, and completed post-service test."
SR-00366,MR-00366,EQ-0122,TECH-0910,2024-05-15,Condition-Based,Night,16443,Hydraulic Line: Accumulator pressure loss; observed symptom: arm movement slow after hydraulic oil warms.,Filter inspection and fluid condition check,loss of accumulator pre-charge,"drained contaminated oil, flushed circuit and refilled with filtered oil",Hydraulic oil,Pressure test passed,7.08,4.48,72926.85,2024-11-15,Closed,"Technician checked Hydraulic Line, recorded reported symptom, performed required service action, and completed post-service test."
SR-00367,MR-00367,EQ-0212,TECH-0287,2024-05-15,Inspection,Evening,8370,Pilot System: Oil contamination; observed symptom: hydraulic oil temperature rises during continuous operation.,Filter inspection and fluid condition check,blocked cooler core,tested pilot pressure and inspected pilot circuit,Valve O-rings,Functional test passed,2.46,8.56,39312.12,2024-11-15,Closed,"Technician checked Pilot System, recorded reported symptom, performed required service action, and completed post-service test."
SR-00368,MR-00368,EQ-0124,TECH-0804,2024-05-15,Inspection,Evening,13020,Pilot System: Pilot pressure drop; observed symptom: pump noise increases during operation.,Operational test under load,blocked cooler core,tested pilot pressure and inspected pilot circuit,Cylinder seal kit,Functional test passed,8.66,8.75,29599.78,2024-11-15,Completed - Monitor,"Technician checked Pilot System, recorded reported symptom, performed required service action, and completed post-service test."
SR-00369,MR-00369,EQ-0222,TECH-0895,2024-05-15,Preventive,Night,7055,Main Control Valve: Filter blockage; observed symptom: pump noise increases during operation.,Visual inspection and pressure test,blocked cooler core,replaced damaged hose and pressure-tested circuit,Hydraulic oil,Leak test passed,9.73,2.99,63094.63,2024-11-15,Follow-up Required,"Technician checked Main Control Valve, recorded reported symptom, performed required service action, and completed post-service test."
SR-00370,MR-00370,EQ-0137,TECH-0827,2024-05-15,Inspection,Day,11888,Oil Cooler: Cylinder seal wear; observed symptom: hydraulic flow is low at operating temperature.,Temperature and pressure checks,blocked cooler core,replaced damaged hose and pressure-tested circuit,Pump seal kit,Leak test passed,8.02,2.2,7313.77,2024-11-15,Follow-up Required,"Technician checked Oil Cooler, recorded reported symptom, performed required service action, and completed post-service test."
SR-00371,MR-00371,EQ-0214,TECH-0133,2024-05-15,Preventive,Day,2702,Travel Motor: Pilot pressure drop; observed symptom: arm movement slow after hydraulic oil warms.,Visual inspection and pressure test,air entering suction line,replaced damaged hose and pressure-tested circuit,Return filter element,Pressure test passed,8.12,9.58,16010.37,2024-11-15,Closed,"Technician checked Travel Motor, recorded reported symptom, performed required service action, and completed post-service test."
SR-00372,MR-00372,EQ-0115,TECH-0521,2024-05-15,Preventive,Day,10104,Travel Motor: Oil contamination; observed symptom: hydraulic flow is low at operating temperature.,Visual inspection and pressure test,high oil temperature,"drained contaminated oil, flushed circuit and refilled with filtered oil",Pump seal kit,Leak test passed,12.37,11.12,59843.67,2024-11-15,Completed,"Technician checked Travel Motor, recorded reported symptom, performed required service action, and completed post-service test."
SR-00373,MR-00373,EQ-0208,TECH-0291,2024-05-15,Corrective,Night,14259,Hydraulic Line: Line restriction; observed symptom: arm movement slow after hydraulic oil warms.,Filter inspection and fluid condition check,loss of accumulator pre-charge,"drained contaminated oil, flushed circuit and refilled with filtered oil",Valve O-rings,Pressure test passed,2.39,1.39,25143.77,2024-11-15,Closed,"Technician checked Hydraulic Line, recorded reported symptom, performed required service action, and completed post-service test."
SR-00374,MR-00374,EQ-0163,TECH-0427,2024-05-15,Corrective,Night,12970,Hydraulic Pump: Cooler restriction; observed symptom: pump noise increases during operation.,Temperature and pressure checks,damaged cylinder seal,tested pilot pressure and inspected pilot circuit,Pump seal kit,Pressure test passed,9.09,10.89,30322.61,2024-11-15,Completed,"Technician checked Hydraulic Pump, recorded reported symptom, performed required service action, and completed post-service test."
SR-00375,MR-00375,EQ-0157,TECH-0267,2024-05-15,Condition-Based,Day,14722,Main Control Valve: Valve spool binding; observed symptom: hydraulic oil temperature rises during continuous operation.,Visual inspection and pressure test,damaged cylinder seal,inspected hydraulic circuit and isolated affected component,Hydraulic hose,Functional test passed,8.51,5.68,46628.38,2024-11-15,Completed,"Technician checked Main Control Valve, recorded reported symptom, performed required service action, and completed post-service test."
SR-00376,MR-00376,EQ-0140,TECH-0685,2024-05-15,Inspection,Night,17759,Hydraulic Filter: Accumulator pressure loss; observed symptom: travel function loses power on incline.,Temperature and pressure checks,damaged cylinder seal,tested pilot pressure and inspected pilot circuit,Hydraulic hose,Leak test passed,4.23,5.06,23080.12,2024-11-15,Completed,"Technician checked Hydraulic Filter, recorded reported symptom, performed required service action, and completed post-service test."
SR-00377,MR-00377,EQ-0198,TECH-0203,2024-05-15,Condition-Based,Evening,14599,Main Control Valve: Accumulator pressure loss; observed symptom: travel function loses power on incline.,Temperature and pressure checks,damaged cylinder seal,"drained contaminated oil, flushed circuit and refilled with filtered oil",Cooler gasket set,Leak test passed,3.62,1.73,69936.79,2024-11-15,Closed,"Technician checked Main Control Valve, recorded reported symptom, performed required service action, and completed post-service test."
SR-00378,MR-00378,EQ-0236,TECH-0112,2024-05-15,Corrective,Evening,8387,Swing Motor: Oil contamination; observed symptom: hydraulic flow is low at operating temperature.,Visual inspection and pressure test,air entering suction line,inspected hydraulic circuit and isolated affected component,Valve O-rings,Pressure test passed,13.05,6.76,56314.53,2024-11-15,Completed - Monitor,"Technician checked Swing Motor, recorded reported symptom, performed required service action, and completed post-service test."
SR-00379,MR-00379,EQ-0132,TECH-0809,2024-05-15,Corrective,Day,9450,Pilot System: Filter blockage; observed symptom: hydraulic oil temperature rises during continuous operation.,Filter inspection and fluid condition check,air entering suction line,tested pilot pressure and inspected pilot circuit,Cooler gasket set,Leak test passed,14.56,11.99,33247.74,2024-11-15,Follow-up Required,"Technician checked Pilot System, recorded reported symptom, performed required service action, and completed post-service test."
SR-00380,MR-00380,EQ-0172,TECH-0556,2024-05-15,Condition-Based,Day,15979,Bucket Cylinder: Line restriction; observed symptom: travel function loses power on incline.,Visual inspection and pressure test,blocked cooler core,replaced damaged hose and pressure-tested circuit,Hydraulic hose,Leak test passed,3.96,3.08,21100.33,2024-11-15,Completed - Monitor,"Technician checked Bucket Cylinder, recorded reported symptom, performed required service action, and completed post-service test."
SR-00381,MR-00381,EQ-0235,TECH-0828,2024-05-15,Inspection,Day,1961,Swing Motor: Accumulator pressure loss; observed symptom: hydraulic oil temperature rises during continuous operation.,Visual inspection and pressure test,blocked cooler core,"drained contaminated oil, flushed circuit and refilled with filtered oil",Hydraulic oil,Functional test passed,2.72,7.75,62119.17,2024-11-15,Completed,"Technician checked Swing Motor, recorded reported symptom, performed required service action, and completed post-service test."
SR-00382,MR-00382,EQ-0142,TECH-0534,2024-05-15,Inspection,Evening,16642,Travel Motor: Valve spool binding; observed symptom: travel function loses power on incline.,Temperature and pressure checks,air entering suction line,"drained contaminated oil, flushed circuit and refilled with filtered oil",Return filter element,Pressure test passed,5.47,5.77,34927.24,2024-11-15,Completed - Monitor,"Technician checked Travel Motor, recorded reported symptom, performed required service action, and completed post-service test."
SR-00383,MR-00383,EQ-0212,TECH-0837,2024-05-15,Condition-Based,Day,17233,Pilot System: Cylinder seal wear; observed symptom: hydraulic oil temperature rises during continuous operation.,Filter inspection and fluid condition check,air entering suction line,inspected hydraulic circuit and isolated affected component,Cooler gasket set,Leak test passed,6.19,7.23,54669.77,2024-11-15,Closed,"Technician checked Pilot System, recorded reported symptom, performed required service action, and completed post-service test."
SR-00384,MR-00384,EQ-0153,TECH-0453,2024-05-15,Inspection,Day,8083,Oil Cooler: Accumulator pressure loss; observed symptom: arm movement slow after hydraulic oil warms.,Filter inspection and fluid condition check,blocked cooler core,inspected hydraulic circuit and isolated affected component,Cylinder seal kit,Functional test passed,8.55,9.66,33543.27,2024-11-15,Follow-up Required,"Technician checked Oil Cooler, recorded reported symptom, performed required service action, and completed post-service test."
SR-00385,MR-00385,EQ-0105,TECH-0379,2024-05-15,Corrective,Day,8669,Arm Cylinder: Air ingress; observed symptom: arm movement slow after hydraulic oil warms.,Filter inspection and fluid condition check,damaged cylinder seal,"drained contaminated oil, flushed circuit and refilled with filtered oil",Hydraulic oil,Pressure test passed,1.21,6.13,60328.0,2024-11-15,Completed,"Technician checked Arm Cylinder, recorded reported symptom, performed required service action, and completed post-service test."
SR-00386,MR-00386,EQ-0159,TECH-0360,2024-05-15,Corrective,Day,11644,Swing Motor: Line restriction; observed symptom: hydraulic oil temperature rises during continuous operation.,Visual inspection and pressure test,blocked cooler core,tested pilot pressure and inspected pilot circuit,Hydraulic hose,Functional test passed,3.31,4.58,20410.38,2024-11-15,Completed - Monitor,"Technician checked Swing Motor, recorded reported symptom, performed required service action, and completed post-service test."
SR-00387,MR-00387,EQ-0146,TECH-0563,2024-05-15,Preventive,Day,18394,Oil Cooler: Line restriction; observed symptom: pump noise increases during operation.,Operational test under load,blocked cooler core,tested pilot pressure and inspected pilot circuit,Hydraulic filter,Pressure test passed,3.01,4.22,28095.86,2024-11-15,Completed,"Technician checked Oil Cooler, recorded reported symptom, performed required service action, and completed post-service test."
SR-00388,MR-00388,EQ-0237,TECH-0713,2024-05-15,Inspection,Day,14696,Boom Cylinder: Pilot pressure drop; observed symptom: hydraulic flow is low at operating temperature.,Temperature and pressure checks,blocked cooler core,tested pilot pressure and inspected pilot circuit,Return filter element,Pressure test passed,1.95,7.67,17448.13,2024-11-15,Follow-up Required,"Technician checked Boom Cylinder, recorded reported symptom, performed required service action, and completed post-service test."
SR-00389,MR-00389,EQ-0218,TECH-0246,2024-05-15,Condition-Based,Night,5439,Travel Motor: Accumulator pressure loss; observed symptom: pump noise increases during operation.,Filter inspection and fluid condition check,air entering suction line,inspected hydraulic circuit and isolated affected component,Pump seal kit,Pressure test passed,2.13,8.58,33182.68,2024-11-15,Follow-up Required,"Technician checked Travel Motor, recorded reported symptom, performed required service action, and completed post-service test."
SR-00390,MR-00390,EQ-0219,TECH-0905,2024-05-15,Preventive,Night,13161,Pilot System: Oil contamination; observed symptom: hydraulic oil temperature rises during continuous operation.,Filter inspection and fluid condition check,loss of accumulator pre-charge,replaced damaged hose and pressure-tested circuit,Hydraulic filter,Pressure test passed,15.17,8.61,64749.54,2024-11-15,Completed - Monitor,"Technician checked Pilot System, recorded reported symptom, performed required service action, and completed post-service test."
SR-00391,MR-00391,EQ-0140,TECH-0871,2024-05-15,Corrective,Evening,7517,Accumulator: Pilot pressure drop; observed symptom: bucket cylinder leaking externally.,Visual inspection and pressure test,air entering suction line,replaced damaged hose and pressure-tested circuit,Hydraulic filter,Functional test passed,11.84,9.77,66202.98,2024-11-15,Follow-up Required,"Technician checked Accumulator, recorded reported symptom, performed required service action, and completed post-service test."
SR-00392,MR-00392,EQ-0110,TECH-0679,2024-05-15,Condition-Based,Day,13880,Accumulator: Cylinder seal wear; observed symptom: hydraulic oil temperature rises during continuous operation.,Operational test under load,damaged cylinder seal,tested pilot pressure and inspected pilot circuit,Valve O-rings,Pressure test passed,10.55,10.87,50909.9,2024-11-15,Completed,"Technician checked Accumulator, recorded reported symptom, performed required service action, and completed post-service test."
SR-00393,MR-00393,EQ-0233,TECH-0657,2024-05-15,Corrective,Night,14131,Travel Motor: Line restriction; observed symptom: bucket cylinder leaking externally.,Operational test under load,damaged cylinder seal,inspected hydraulic circuit and isolated affected component,Hydraulic hose,Leak test passed,3.66,7.11,46679.84,2024-11-15,Completed,"Technician checked Travel Motor, recorded reported symptom, performed required service action, and completed post-service test."
SR-00394,MR-00394,EQ-0128,TECH-0501,2024-05-15,Inspection,Evening,10525,Swing Motor: Internal pump leakage; observed symptom: hydraulic flow is low at operating temperature.,Visual inspection and pressure test,air entering suction line,inspected hydraulic circuit and isolated affected component,Pump seal kit,Leak test passed,14.65,4.04,62182.04,2024-11-15,Completed - Monitor,"Technician checked Swing Motor, recorded reported symptom, performed required service action, and completed post-service test."
SR-00395,MR-00395,EQ-0159,TECH-0706,2024-05-15,Preventive,Night,6030,Bucket Cylinder: Pilot pressure drop; observed symptom: pump noise increases during operation.,Filter inspection and fluid condition check,damaged cylinder seal,inspected hydraulic circuit and isolated affected component,Cylinder seal kit,Operational test passed,4.1,7.04,8869.35,2024-11-15,Completed,"Technician checked Bucket Cylinder, recorded reported symptom, performed required service action, and completed post-service test."
SR-00396,MR-00396,EQ-0111,TECH-0798,2024-05-15,Inspection,Night,18263,Accumulator: Internal pump leakage; observed symptom: bucket cylinder leaking externally.,Operational test under load,blocked cooler core,inspected hydraulic circuit and isolated affected component,Cylinder seal kit,Leak test passed,10.35,1.45,30943.84,2024-11-15,Completed,"Technician checked Accumulator, recorded reported symptom, performed required service action, and completed post-service test."
SR-00397,MR-00397,EQ-0145,TECH-0135,2024-05-15,Inspection,Day,9167,Bucket Cylinder: Internal pump leakage; observed symptom: travel function loses power on incline.,Operational test under load,contaminated hydraulic oil,replaced damaged hose and pressure-tested circuit,Hydraulic hose,Operational test passed,3.93,9.42,18647.89,2024-11-15,Completed,"Technician checked Bucket Cylinder, recorded reported symptom, performed required service action, and completed post-service test."
SR-00398,MR-00398,EQ-0214,TECH-0966,2024-05-15,Corrective,Evening,9005,Bucket Cylinder: Oil contamination; observed symptom: hydraulic flow is low at operating temperature.,Filter inspection and fluid condition check,loss of accumulator pre-charge,inspected hydraulic circuit and isolated affected component,Cooler gasket set,Operational test passed,10.37,5.32,27651.7,2024-11-15,Closed,"Technician checked Bucket Cylinder, recorded reported symptom, performed required service action, and completed post-service test."
SR-00399,MR-00399,EQ-0213,TECH-0143,2024-05-15,Condition-Based,Night,6017,Hydraulic Filter: Cooler restriction; observed symptom: arm movement slow after hydraulic oil warms.,Visual inspection and pressure test,air entering suction line,replaced damaged hose and pressure-tested circuit,Cooler gasket set,Leak test passed,13.5,4.3,31671.96,2024-11-15,Completed,"Technician checked Hydraulic Filter, recorded reported symptom, performed required service action, and completed post-service test."
SR-00400,MR-00400,EQ-0144,TECH-0985,2024-05-15,Corrective,Day,13399,Oil Cooler: Internal pump leakage; observed symptom: hydraulic oil temperature rises during continuous operation.,Visual inspection and pressure test,high oil temperature,inspected hydraulic circuit and isolated affected component,Cooler gasket set,Operational test passed,10.72,3.98,55953.28,2024-11-15,Completed - Monitor,"Technician checked Oil Cooler, recorded reported symptom, performed required service action, and completed post-service test."
SR-00401,MR-00401,EQ-0206,TECH-0865,2024-05-15,Condition-Based,Night,17424,Main Control Valve: Filter blockage; observed symptom: pump noise increases during operation.,Operational test under load,blocked cooler core,inspected hydraulic circuit and isolated affected component,Valve O-rings,Operational test passed,11.32,6.23,62476.93,2024-11-15,Follow-up Required,"Technician checked Main Control Valve, recorded reported symptom, performed required service action, and completed post-service test."
SR-00402,MR-00402,EQ-0113,TECH-0525,2024-05-15,Corrective,Evening,2400,Swing Motor: Air ingress; observed symptom: hydraulic flow is low at operating temperature.,Visual inspection and pressure test,blocked cooler core,inspected hydraulic circuit and isolated affected component,Hydraulic hose,Operational test passed,8.99,4.97,57182.01,2024-11-15,Closed,"Technician checked Swing Motor, recorded reported symptom, performed required service action, and completed post-service test."
SR-00403,MR-00403,EQ-0150,TECH-0190,2024-05-15,Corrective,Evening,1794,Pilot System: Internal pump leakage; observed symptom: hydraulic flow is low at operating temperature.,Visual inspection and pressure test,air entering suction line,replaced damaged hose and pressure-tested circuit,Cooler gasket set,Operational test passed,8.93,5.2,43184.41,2024-11-15,Follow-up Required,"Technician checked Pilot System, recorded reported symptom, performed required service action, and completed post-service test."
SR-00404,MR-00404,EQ-0127,TECH-0311,2024-05-15,Condition-Based,Night,2794,Hydraulic Pump: Cylinder seal wear; observed symptom: pump noise increases during operation.,Visual inspection and pressure test,high oil temperature,inspected hydraulic circuit and isolated affected component,Pump seal kit,Leak test passed,9.69,9.74,60716.68,2024-11-15,Completed - Monitor,"Technician checked Hydraulic Pump, recorded reported symptom, performed required service action, and completed post-service test."
SR-00405,MR-00405,EQ-0207,TECH-0205,2024-05-15,Condition-Based,Evening,1960,Boom Cylinder: Accumulator pressure loss; observed symptom: hydraulic flow is low at operating temperature.,Temperature and pressure checks,loss of accumulator pre-charge,"drained contaminated oil, flushed circuit and refilled with filtered oil",Return filter element,Functional test passed,8.17,3.95,60071.23,2024-11-15,Follow-up Required,"Technician checked Boom Cylinder, recorded reported symptom, performed required service action, and completed post-service test."
SR-00406,MR-00406,EQ-0108,TECH-0623,2024-05-15,Corrective,Evening,13794,Accumulator: Filter blockage; observed symptom: pump noise increases during operation.,Visual inspection and pressure test,air entering suction line,inspected hydraulic circuit and isolated affected component,Hydraulic filter,Leak test passed,6.55,9.38,69586.56,2024-11-15,Follow-up Required,"Technician checked Accumulator, recorded reported symptom, performed required service action, and completed post-service test."
SR-00407,MR-00407,EQ-0119,TECH-0595,2024-05-15,Corrective,Night,2459,Hydraulic Line: Air ingress; observed symptom: arm movement slow after hydraulic oil warms.,Temperature and pressure checks,contaminated hydraulic oil,inspected hydraulic circuit and isolated affected component,Hydraulic filter,Functional test passed,15.97,6.74,58775.02,2024-11-15,Completed - Monitor,"Technician checked Hydraulic Line, recorded reported symptom, performed required service action, and completed post-service test."
SR-00408,MR-00408,EQ-0135,TECH-0218,2024-05-15,Inspection,Night,16312,Hydraulic Pump: Internal pump leakage; observed symptom: hydraulic flow is low at operating temperature.,Operational test under load,high oil temperature,inspected hydraulic circuit and isolated affected component,Cylinder seal kit,Leak test passed,2.33,11.95,49741.85,2024-11-15,Completed,"Technician checked Hydraulic Pump, recorded reported symptom, performed required service action, and completed post-service test."
SR-00409,MR-00409,EQ-0124,TECH-0651,2024-05-15,Condition-Based,Day,5175,Hydraulic Oil: Line restriction; observed symptom: pump noise increases during operation.,Visual inspection and pressure test,contaminated hydraulic oil,replaced damaged hose and pressure-tested circuit,Pump seal kit,Leak test passed,4.77,3.95,28647.53,2024-11-15,Follow-up Required,"Technician checked Hydraulic Oil, recorded reported symptom, performed required service action, and completed post-service test."
SR-00410,MR-00410,EQ-0140,TECH-0740,2024-05-15,Inspection,Day,15329,Bucket Cylinder: Cooler restriction; observed symptom: hydraulic flow is low at operating temperature.,Filter inspection and fluid condition check,blocked cooler core,replaced damaged hose and pressure-tested circuit,Cooler gasket set,Leak test passed,9.82,9.31,24549.28,2024-11-15,Follow-up Required,"Technician checked Bucket Cylinder, recorded reported symptom, performed required service action, and completed post-service test."
SR-00411,MR-00411,EQ-0181,TECH-0862,2024-05-15,Inspection,Night,5544,Hydraulic Pump: Internal pump leakage; observed symptom: travel function loses power on incline.,Temperature and pressure checks,damaged cylinder seal,tested pilot pressure and inspected pilot circuit,Cooler gasket set,Operational test passed,8.34,8.02,17407.66,2024-11-15,Completed - Monitor,"Technician checked Hydraulic Pump, recorded reported symptom, performed required service action, and completed post-service test."
SR-00412,MR-00412,EQ-0206,TECH-0421,2024-05-15,Preventive,Day,3459,Bucket Cylinder: Valve spool binding; observed symptom: pump noise increases during operation.,Operational test under load,air entering suction line,replaced damaged hose and pressure-tested circuit,Hydraulic filter,Operational test passed,12.08,8.96,32596.46,2024-11-15,Completed,"Technician checked Bucket Cylinder, recorded reported symptom, performed required service action, and completed post-service test."
SR-00413,MR-00413,EQ-0201,TECH-0987,2024-05-15,Preventive,Evening,6585,Main Control Valve: Oil contamination; observed symptom: hydraulic oil temperature rises during continuous operation.,Filter inspection and fluid condition check,blocked cooler core,inspected hydraulic circuit and isolated affected component,Hydraulic hose,Functional test passed,12.74,5.67,54819.77,2024-11-15,Follow-up Required,"Technician checked Main Control Valve, recorded reported symptom, performed required service action, and completed post-service test."
SR-00414,MR-00414,EQ-0220,TECH-0719,2024-05-15,Condition-Based,Day,16587,Oil Cooler: Oil contamination; observed symptom: arm movement slow after hydraulic oil warms.,Temperature and pressure checks,high oil temperature,replaced damaged hose and pressure-tested circuit,Cooler gasket set,Leak test passed,8.52,5.73,5649.12,2024-11-15,Closed,"Technician checked Oil Cooler, recorded reported symptom, performed required service action, and completed post-service test."
SR-00415,MR-00415,EQ-0156,TECH-0703,2024-05-15,Condition-Based,Night,7202,Swing Motor: Cylinder seal wear; observed symptom: hydraulic oil temperature rises during continuous operation.,Operational test under load,loss of accumulator pre-charge,tested pilot pressure and inspected pilot circuit,Pump seal kit,Leak test passed,3.07,1.91,63227.18,2024-11-15,Completed - Monitor,"Technician checked Swing Motor, recorded reported symptom, performed required service action, and completed post-service test."
SR-00416,MR-00416,EQ-0175,TECH-0887,2024-05-15,Preventive,Night,13639,Main Control Valve: Filter blockage; observed symptom: hydraulic flow is low at operating temperature.,Filter inspection and fluid condition check,air entering suction line,inspected hydraulic circuit and isolated affected component,Pump seal kit,Operational test passed,14.38,7.47,67315.2,2024-11-15,Completed,"Technician checked Main Control Valve, recorded reported symptom, performed required service action, and completed post-service test."
SR-00417,MR-00417,EQ-0239,TECH-0855,2024-05-15,Preventive,Evening,14693,Hydraulic Filter: Valve spool binding; observed symptom: hydraulic flow is low at operating temperature.,Temperature and pressure checks,loss of accumulator pre-charge,"drained contaminated oil, flushed circuit and refilled with filtered oil",Hydraulic filter,Pressure test passed,9.81,10.2,10282.78,2024-11-15,Follow-up Required,"Technician checked Hydraulic Filter, recorded reported symptom, performed required service action, and completed post-service test."
SR-00418,MR-00418,EQ-0227,TECH-0513,2024-05-15,Inspection,Night,14678,Bucket Cylinder: Air ingress; observed symptom: travel function loses power on incline.,Operational test under load,damaged cylinder seal,replaced damaged hose and pressure-tested circuit,Hydraulic hose,Operational test passed,9.91,2.87,49315.91,2024-11-15,Completed - Monitor,"Technician checked Bucket Cylinder, recorded reported symptom, performed required service action, and completed post-service test."
SR-00419,MR-00419,EQ-0140,TECH-0766,2024-05-15,Condition-Based,Day,14157,Bucket Cylinder: Filter blockage; observed symptom: bucket cylinder leaking externally.,Operational test under load,air entering suction line,inspected hydraulic circuit and isolated affected component,Return filter element,Functional test passed,5.96,4.8,33003.87,2024-11-15,Closed,"Technician checked Bucket Cylinder, recorded reported symptom, performed required service action, and completed post-service test."
SR-00420,MR-00420,EQ-0114,TECH-0367,2024-05-15,Condition-Based,Evening,6064,Accumulator: Oil contamination; observed symptom: travel function loses power on incline.,Operational test under load,high oil temperature,replaced damaged hose and pressure-tested circuit,Cooler gasket set,Functional test passed,4.1,11.27,53613.28,2024-11-15,Completed,"Technician checked Accumulator, recorded reported symptom, performed required service action, and completed post-service test."
SR-00421,MR-00421,EQ-0154,TECH-0603,2024-05-15,Condition-Based,Night,17786,Accumulator: Line restriction; observed symptom: arm movement slow after hydraulic oil warms.,Operational test under load,contaminated hydraulic oil,replaced damaged hose and pressure-tested circuit,Valve O-rings,Pressure test passed,2.58,11.81,72799.38,2024-11-15,Completed,"Technician checked Accumulator, recorded reported symptom, performed required service action, and completed post-service test."
SR-00422,MR-00422,EQ-0132,TECH-0953,2024-05-15,Preventive,Evening,15052,Hydraulic Filter: Cooler restriction; observed symptom: hydraulic oil temperature rises during continuous operation.,Visual inspection and pressure test,damaged cylinder seal,replaced damaged hose and pressure-tested circuit,Cylinder seal kit,Functional test passed,14.65,9.25,15178.81,2024-11-15,Completed,"Technician checked Hydraulic Filter, recorded reported symptom, performed required service action, and completed post-service test."
SR-00423,MR-00423,EQ-0103,TECH-0436,2024-05-15,Corrective,Evening,10511,Arm Cylinder: Accumulator pressure loss; observed symptom: arm movement slow after hydraulic oil warms.,Operational test under load,blocked cooler core,tested pilot pressure and inspected pilot circuit,Cooler gasket set,Operational test passed,13.72,4.61,65056.53,2024-11-15,Follow-up Required,"Technician checked Arm Cylinder, recorded reported symptom, performed required service action, and completed post-service test."
SR-00424,MR-00424,EQ-0114,TECH-0103,2024-05-15,Condition-Based,Evening,17211,Boom Cylinder: Cooler restriction; observed symptom: pump noise increases during operation.,Filter inspection and fluid condition check,damaged cylinder seal,replaced damaged hose and pressure-tested circuit,Valve O-rings,Pressure test passed,2.09,7.71,27469.21,2024-11-15,Completed - Monitor,"Technician checked Boom Cylinder, recorded reported symptom, performed required service action, and completed post-service test."
SR-00425,MR-00425,EQ-0136,TECH-0474,2024-05-15,Condition-Based,Evening,16157,Travel Motor: Cylinder seal wear; observed symptom: arm movement slow after hydraulic oil warms.,Temperature and pressure checks,blocked cooler core,replaced damaged hose and pressure-tested circuit,Hydraulic oil,Leak test passed,2.67,11.82,52430.35,2024-11-15,Completed,"Technician checked Travel Motor, recorded reported symptom, performed required service action, and completed post-service test."
SR-00426,MR-00426,EQ-0178,TECH-0428,2024-05-15,Corrective,Evening,5160,Hydraulic Pump: Air ingress; observed symptom: bucket cylinder leaking externally.,Filter inspection and fluid condition check,high oil temperature,"drained contaminated oil, flushed circuit and refilled with filtered oil",Return filter element,Leak test passed,9.27,5.21,59064.88,2024-11-15,Completed - Monitor,"Technician checked Hydraulic Pump, recorded reported symptom, performed required service action, and completed post-service test."
SR-00427,MR-00427,EQ-0232,TECH-0421,2024-05-15,Inspection,Evening,13128,Bucket Cylinder: Internal pump leakage; observed symptom: hydraulic oil temperature rises during continuous operation.,Filter inspection and fluid condition check,damaged cylinder seal,inspected hydraulic circuit and isolated affected component,Hydraulic oil,Leak test passed,10.5,3.56,59636.47,2024-11-15,Completed,"Technician checked Bucket Cylinder, recorded reported symptom, performed required service action, and completed post-service test."
SR-00428,MR-00428,EQ-0141,TECH-0663,2024-05-15,Condition-Based,Evening,2690,Accumulator: Line restriction; observed symptom: bucket cylinder leaking externally.,Filter inspection and fluid condition check,high oil temperature,inspected hydraulic circuit and isolated affected component,Hydraulic oil,Operational test passed,2.75,4.29,69249.97,2024-11-15,Closed,"Technician checked Accumulator, recorded reported symptom, performed required service action, and completed post-service test."
SR-00429,MR-00429,EQ-0132,TECH-0667,2024-05-15,Corrective,Night,17077,Pilot System: Oil contamination; observed symptom: bucket cylinder leaking externally.,Filter inspection and fluid condition check,air entering suction line,inspected hydraulic circuit and isolated affected component,Hydraulic hose,Functional test passed,2.52,0.87,44169.01,2024-11-15,Completed - Monitor,"Technician checked Pilot System, recorded reported symptom, performed required service action, and completed post-service test."
SR-00430,MR-00430,EQ-0207,TECH-0131,2024-05-15,Inspection,Evening,5787,Oil Cooler: Internal pump leakage; observed symptom: travel function loses power on incline.,Temperature and pressure checks,contaminated hydraulic oil,"drained contaminated oil, flushed circuit and refilled with filtered oil",Return filter element,Pressure test passed,12.6,5.4,65584.69,2024-11-15,Closed,"Technician checked Oil Cooler, recorded reported symptom, performed required service action, and completed post-service test."
SR-00431,MR-00431,EQ-0182,TECH-0343,2024-05-15,Condition-Based,Evening,7456,Hydraulic Oil: Accumulator pressure loss; observed symptom: bucket cylinder leaking externally.,Operational test under load,contaminated hydraulic oil,"drained contaminated oil, flushed circuit and refilled with filtered oil",Valve O-rings,Pressure test passed,13.31,1.56,16825.64,2024-11-15,Completed - Monitor,"Technician checked Hydraulic Oil, recorded reported symptom, performed required service action, and completed post-service test."
SR-00432,MR-00432,EQ-0122,TECH-0544,2024-05-15,Corrective,Day,15605,Main Control Valve: Accumulator pressure loss; observed symptom: pump noise increases during operation.,Filter inspection and fluid condition check,damaged cylinder seal,inspected hydraulic circuit and isolated affected component,Cylinder seal kit,Pressure test passed,4.75,4.45,6229.12,2024-11-15,Closed,"Technician checked Main Control Valve, recorded reported symptom, performed required service action, and completed post-service test."
SR-00433,MR-00433,EQ-0206,TECH-0130,2024-05-15,Preventive,Night,13280,Hydraulic Line: Pilot pressure drop; observed symptom: arm movement slow after hydraulic oil warms.,Operational test under load,blocked cooler core,"drained contaminated oil, flushed circuit and refilled with filtered oil",Hydraulic hose,Functional test passed,9.65,1.15,45663.6,2024-11-15,Follow-up Required,"Technician checked Hydraulic Line, recorded reported symptom, performed required service action, and completed post-service test."
SR-00434,MR-00434,EQ-0216,TECH-0509,2024-05-15,Preventive,Night,9593,Hydraulic Oil: Cooler restriction; observed symptom: arm movement slow after hydraulic oil warms.,Visual inspection and pressure test,loss of accumulator pre-charge,inspected hydraulic circuit and isolated affected component,Valve O-rings,Leak test passed,3.92,11.98,18433.25,2024-11-15,Closed,"Technician checked Hydraulic Oil, recorded reported symptom, performed required service action, and completed post-service test."
SR-00435,MR-00435,EQ-0174,TECH-0191,2024-05-15,Preventive,Night,5974,Travel Motor: Valve spool binding; observed symptom: travel function loses power on incline.,Visual inspection and pressure test,air entering suction line,tested pilot pressure and inspected pilot circuit,Hydraulic filter,Leak test passed,11.04,4.0,58415.16,2024-11-15,Completed,"Technician checked Travel Motor, recorded reported symptom, performed required service action, and completed post-service test."
SR-00436,MR-00436,EQ-0212,TECH-0440,2024-05-15,Corrective,Evening,3494,Swing Motor: Pilot pressure drop; observed symptom: hydraulic oil temperature rises during continuous operation.,Visual inspection and pressure test,high oil temperature,tested pilot pressure and inspected pilot circuit,Cooler gasket set,Leak test passed,14.09,10.89,21145.85,2024-11-15,Completed - Monitor,"Technician checked Swing Motor, recorded reported symptom, performed required service action, and completed post-service test."
SR-00437,MR-00437,EQ-0225,TECH-0321,2024-05-15,Corrective,Day,12567,Accumulator: Line restriction; observed symptom: hydraulic oil temperature rises during continuous operation.,Temperature and pressure checks,loss of accumulator pre-charge,replaced damaged hose and pressure-tested circuit,Hydraulic oil,Functional test passed,1.73,3.43,63698.18,2024-11-15,Completed - Monitor,"Technician checked Accumulator, recorded reported symptom, performed required service action, and completed post-service test."
SR-00438,MR-00438,EQ-0175,TECH-0477,2024-05-15,Inspection,Evening,2981,Travel Motor: Oil contamination; observed symptom: bucket cylinder leaking externally.,Visual inspection and pressure test,loss of accumulator pre-charge,replaced damaged hose and pressure-tested circuit,Hydraulic oil,Operational test passed,7.27,2.0,65200.11,2024-11-15,Follow-up Required,"Technician checked Travel Motor, recorded reported symptom, performed required service action, and completed post-service test."
SR-00439,MR-00439,EQ-0165,TECH-0549,2024-05-15,Condition-Based,Night,10167,Hydraulic Filter: Oil contamination; observed symptom: hydraulic oil temperature rises during continuous operation.,Operational test under load,contaminated hydraulic oil,inspected hydraulic circuit and isolated affected component,Pump seal kit,Pressure test passed,4.95,5.57,34886.67,2024-11-15,Follow-up Required,"Technician checked Hydraulic Filter, recorded reported symptom, performed required service action, and completed post-service test."
SR-00440,MR-00440,EQ-0146,TECH-0252,2024-05-15,Corrective,Evening,14998,Boom Cylinder: Air ingress; observed symptom: hydraulic oil temperature rises during continuous operation.,Filter inspection and fluid condition check,loss of accumulator pre-charge,inspected hydraulic circuit and isolated affected component,Cylinder seal kit,Functional test passed,5.74,7.88,23892.96,2024-11-15,Completed - Monitor,"Technician checked Boom Cylinder, recorded reported symptom, performed required service action, and completed post-service test."
SR-00441,MR-00441,EQ-0195,TECH-0962,2024-05-15,Corrective,Day,10212,Boom Cylinder: Valve spool binding; observed symptom: bucket cylinder leaking externally.,Operational test under load,blocked cooler core,tested pilot pressure and inspected pilot circuit,Hydraulic oil,Leak test passed,13.2,1.9,42085.02,2024-11-15,Closed,"Technician checked Boom Cylinder, recorded reported symptom, performed required service action, and completed post-service test."
SR-00442,MR-00442,EQ-0236,TECH-0349,2024-05-15,Corrective,Evening,8711,Bucket Cylinder: Valve spool binding; observed symptom: pump noise increases during operation.,Visual inspection and pressure test,contaminated hydraulic oil,"drained contaminated oil, flushed circuit and refilled with filtered oil",Hydraulic filter,Operational test passed,3.95,4.1,46974.84,2024-11-15,Follow-up Required,"Technician checked Bucket Cylinder, recorded reported symptom, performed required service action, and completed post-service test."
SR-00443,MR-00443,EQ-0156,TECH-0419,2024-05-15,Condition-Based,Evening,14362,Pilot System: Internal pump leakage; observed symptom: arm movement slow after hydraulic oil warms.,Temperature and pressure checks,air entering suction line,"drained contaminated oil, flushed circuit and refilled with filtered oil",Valve O-rings,Leak test passed,5.34,10.09,44593.01,2024-11-15,Follow-up Required,"Technician checked Pilot System, recorded reported symptom, performed required service action, and completed post-service test."
SR-00444,MR-00444,EQ-0156,TECH-0170,2024-05-15,Inspection,Day,12559,Bucket Cylinder: Oil contamination; observed symptom: travel function loses power on incline.,Temperature and pressure checks,loss of accumulator pre-charge,tested pilot pressure and inspected pilot circuit,Hydraulic filter,Functional test passed,4.57,6.05,47246.54,2024-11-15,Closed,"Technician checked Bucket Cylinder, recorded reported symptom, performed required service action, and completed post-service test."
SR-00445,MR-00445,EQ-0150,TECH-0953,2024-05-15,Inspection,Night,3799,Pilot System: Cooler restriction; observed symptom: travel function loses power on incline.,Filter inspection and fluid condition check,high oil temperature,replaced damaged hose and pressure-tested circuit,Pump seal kit,Operational test passed,5.1,0.43,18863.26,2024-11-15,Closed,"Technician checked Pilot System, recorded reported symptom, performed required service action, and completed post-service test."
SR-00446,MR-00446,EQ-0107,TECH-0305,2024-05-15,Inspection,Night,15251,Bucket Cylinder: Pilot pressure drop; observed symptom: arm movement slow after hydraulic oil warms.,Temperature and pressure checks,damaged cylinder seal,inspected hydraulic circuit and isolated affected component,Cylinder seal kit,Operational test passed,15.03,2.36,37248.88,2024-11-15,Follow-up Required,"Technician checked Bucket Cylinder, recorded reported symptom, performed required service action, and completed post-service test."
SR-00447,MR-00447,EQ-0179,TECH-0553,2024-05-15,Inspection,Day,2365,Swing Motor: Cooler restriction; observed symptom: travel function loses power on incline.,Temperature and pressure checks,high oil temperature,replaced damaged hose and pressure-tested circuit,Return filter element,Pressure test passed,12.49,2.7,18478.19,2024-11-15,Completed,"Technician checked Swing Motor, recorded reported symptom, performed required service action, and completed post-service test."
SR-00448,MR-00448,EQ-0153,TECH-0917,2024-05-15,Condition-Based,Evening,10529,Main Control Valve: Cylinder seal wear; observed symptom: hydraulic flow is low at operating temperature.,Temperature and pressure checks,loss of accumulator pre-charge,inspected hydraulic circuit and isolated affected component,Cylinder seal kit,Functional test passed,10.5,8.83,10790.38,2024-11-15,Completed,"Technician checked Main Control Valve, recorded reported symptom, performed required service action, and completed post-service test."
SR-00449,MR-00449,EQ-0234,TECH-0907,2024-05-15,Condition-Based,Night,8092,Arm Cylinder: Air ingress; observed symptom: arm movement slow after hydraulic oil warms.,Visual inspection and pressure test,air entering suction line,tested pilot pressure and inspected pilot circuit,Return filter element,Leak test passed,7.73,0.29,25055.47,2024-11-15,Completed - Monitor,"Technician checked Arm Cylinder, recorded reported symptom, performed required service action, and completed post-service test."
SR-00450,MR-00450,EQ-0134,TECH-0101,2024-05-15,Inspection,Evening,17390,Hydraulic Line: Pilot pressure drop; observed symptom: pump noise increases during operation.,Visual inspection and pressure test,blocked cooler core,tested pilot pressure and inspected pilot circuit,Valve O-rings,Functional test passed,6.97,0.49,67522.08,2024-11-15,Closed,"Technician checked Hydraulic Line, recorded reported symptom, performed required service action, and completed post-service test."
SR-00451,MR-00451,EQ-0102,TECH-0931,2024-05-15,Corrective,Evening,5943,Travel Motor: Cooler restriction; observed symptom: hydraulic oil temperature rises during continuous operation.,Temperature and pressure checks,high oil temperature,"drained contaminated oil, flushed circuit and refilled with filtered oil",Cylinder seal kit,Functional test passed,8.73,1.56,42625.56,2024-11-15,Completed,"Technician checked Travel Motor, recorded reported symptom, performed required service action, and completed post-service test."
SR-00452,MR-00452,EQ-0189,TECH-0292,2024-05-15,Inspection,Night,12806,Hydraulic Filter: Filter blockage; observed symptom: hydraulic oil temperature rises during continuous operation.,Operational test under load,loss of accumulator pre-charge,tested pilot pressure and inspected pilot circuit,Cooler gasket set,Pressure test passed,12.58,2.89,19229.19,2024-11-15,Closed,"Technician checked Hydraulic Filter, recorded reported symptom, performed required service action, and completed post-service test."
SR-00453,MR-00453,EQ-0114,TECH-0332,2024-05-15,Inspection,Day,15312,Bucket Cylinder: Internal pump leakage; observed symptom: arm movement slow after hydraulic oil warms.,Visual inspection and pressure test,contaminated hydraulic oil,tested pilot pressure and inspected pilot circuit,Cooler gasket set,Functional test passed,3.09,8.88,48332.79,2024-11-15,Follow-up Required,"Technician checked Bucket Cylinder, recorded reported symptom, performed required service action, and completed post-service test."
SR-00454,MR-00454,EQ-0238,TECH-0201,2024-05-15,Preventive,Day,7510,Hydraulic Oil: Valve spool binding; observed symptom: pump noise increases during operation.,Temperature and pressure checks,high oil temperature,tested pilot pressure and inspected pilot circuit,Pump seal kit,Pressure test passed,9.18,5.43,37004.09,2024-11-15,Closed,"Technician checked Hydraulic Oil, recorded reported symptom, performed required service action, and completed post-service test."
SR-00455,MR-00455,EQ-0141,TECH-0509,2024-05-15,Condition-Based,Day,12175,Bucket Cylinder: Line restriction; observed symptom: bucket cylinder leaking externally.,Filter inspection and fluid condition check,high oil temperature,replaced damaged hose and pressure-tested circuit,Hydraulic filter,Pressure test passed,12.87,10.59,53336.71,2024-11-15,Follow-up Required,"Technician checked Bucket Cylinder, recorded reported symptom, performed required service action, and completed post-service test."
SR-00456,MR-00456,EQ-0137,TECH-0251,2024-05-15,Preventive,Night,17298,Hydraulic Line: Filter blockage; observed symptom: bucket cylinder leaking externally.,Temperature and pressure checks,loss of accumulator pre-charge,replaced damaged hose and pressure-tested circuit,Hydraulic oil,Pressure test passed,1.89,2.19,46247.49,2024-11-15,Completed - Monitor,"Technician checked Hydraulic Line, recorded reported symptom, performed required service action, and completed post-service test."
SR-00457,MR-00457,EQ-0191,TECH-0512,2024-05-15,Corrective,Night,5550,Bucket Cylinder: Accumulator pressure loss; observed symptom: travel function loses power on incline.,Visual inspection and pressure test,damaged cylinder seal,inspected hydraulic circuit and isolated affected component,Valve O-rings,Operational test passed,15.42,2.69,33662.71,2024-11-15,Closed,"Technician checked Bucket Cylinder, recorded reported symptom, performed required service action, and completed post-service test."
SR-00458,MR-00458,EQ-0206,TECH-0910,2024-05-15,Inspection,Day,3567,Bucket Cylinder: Valve spool binding; observed symptom: hydraulic flow is low at operating temperature.,Filter inspection and fluid condition check,high oil temperature,replaced damaged hose and pressure-tested circuit,Valve O-rings,Leak test passed,9.08,8.55,9227.62,2024-11-15,Follow-up Required,"Technician checked Bucket Cylinder, recorded reported symptom, performed required service action, and completed post-service test."
SR-00459,MR-00459,EQ-0133,TECH-0689,2024-05-15,Preventive,Evening,1811,Travel Motor: Internal pump leakage; observed symptom: bucket cylinder leaking externally.,Operational test under load,air entering suction line,tested pilot pressure and inspected pilot circuit,Hydraulic filter,Pressure test passed,10.94,4.03,66642.97,2024-11-15,Completed - Monitor,"Technician checked Travel Motor, recorded reported symptom, performed required service action, and completed post-service test."
SR-00460,MR-00460,EQ-0153,TECH-0623,2024-05-15,Inspection,Night,16748,Pilot System: Oil contamination; observed symptom: pump noise increases during operation.,Filter inspection and fluid condition check,blocked cooler core,tested pilot pressure and inspected pilot circuit,Return filter element,Pressure test passed,4.74,11.29,24686.67,2024-11-15,Completed - Monitor,"Technician checked Pilot System, recorded reported symptom, performed required service action, and completed post-service test."
SR-00461,MR-00461,EQ-0121,TECH-0458,2024-05-15,Corrective,Night,3047,Boom Cylinder: Pilot pressure drop; observed symptom: pump noise increases during operation.,Filter inspection and fluid condition check,contaminated hydraulic oil,replaced damaged hose and pressure-tested circuit,Cylinder seal kit,Functional test passed,3.9,4.47,11758.0,2024-11-15,Closed,"Technician checked Boom Cylinder, recorded reported symptom, performed required service action, and completed post-service test."
SR-00462,MR-00462,EQ-0209,TECH-0417,2024-05-15,Preventive,Night,7015,Travel Motor: Line restriction; observed symptom: hydraulic oil temperature rises during continuous operation.,Filter inspection and fluid condition check,blocked cooler core,inspected hydraulic circuit and isolated affected component,Hydraulic hose,Operational test passed,14.77,4.56,45286.22,2024-11-15,Completed,"Technician checked Travel Motor, recorded reported symptom, performed required service action, and completed post-service test."
SR-00463,MR-00463,EQ-0234,TECH-0963,2024-05-15,Corrective,Night,6498,Hydraulic Pump: Valve spool binding; observed symptom: hydraulic flow is low at operating temperature.,Filter inspection and fluid condition check,air entering suction line,replaced damaged hose and pressure-tested circuit,Hydraulic oil,Functional test passed,5.96,6.15,34996.76,2024-11-15,Follow-up Required,"Technician checked Hydraulic Pump, recorded reported symptom, performed required service action, and completed post-service test."
SR-00464,MR-00464,EQ-0169,TECH-0366,2024-05-15,Corrective,Night,16787,Hydraulic Pump: Line restriction; observed symptom: hydraulic oil temperature rises during continuous operation.,Operational test under load,damaged cylinder seal,inspected hydraulic circuit and isolated affected component,Hydraulic hose,Leak test passed,6.79,0.87,17717.59,2024-11-15,Completed - Monitor,"Technician checked Hydraulic Pump, recorded reported symptom, performed required service action, and completed post-service test."
SR-00465,MR-00465,EQ-0117,TECH-0432,2024-05-15,Corrective,Day,11391,Travel Motor: Cooler restriction; observed symptom: hydraulic flow is low at operating temperature.,Temperature and pressure checks,damaged cylinder seal,inspected hydraulic circuit and isolated affected component,Pump seal kit,Functional test passed,15.06,8.95,15450.55,2024-11-15,Completed,"Technician checked Travel Motor, recorded reported symptom, performed required service action, and completed post-service test."
SR-00466,MR-00466,EQ-0115,TECH-0320,2024-05-15,Corrective,Day,7491,Accumulator: Line restriction; observed symptom: hydraulic oil temperature rises during continuous operation.,Visual inspection and pressure test,air entering suction line,inspected hydraulic circuit and isolated affected component,Pump seal kit,Leak test passed,13.31,6.11,71673.07,2024-11-15,Completed,"Technician checked Accumulator, recorded reported symptom, performed required service action, and completed post-service test."
SR-00467,MR-00467,EQ-0169,TECH-0416,2024-05-15,Inspection,Day,2939,Hydraulic Oil: Cylinder seal wear; observed symptom: hydraulic oil temperature rises during continuous operation.,Visual inspection and pressure test,high oil temperature,inspected hydraulic circuit and isolated affected component,Cylinder seal kit,Leak test passed,13.85,1.85,34612.17,2024-11-15,Completed,"Technician checked Hydraulic Oil, recorded reported symptom, performed required service action, and completed post-service test."
SR-00468,MR-00468,EQ-0229,TECH-0708,2024-05-15,Preventive,Night,16611,Accumulator: Air ingress; observed symptom: pump noise increases during operation.,Visual inspection and pressure test,damaged cylinder seal,inspected hydraulic circuit and isolated affected component,Pump seal kit,Pressure test passed,3.13,5.33,20902.28,2024-11-15,Follow-up Required,"Technician checked Accumulator, recorded reported symptom, performed required service action, and completed post-service test."
SR-00469,MR-00469,EQ-0216,TECH-0393,2024-05-15,Condition-Based,Day,17481,Main Control Valve: Line restriction; observed symptom: bucket cylinder leaking externally.,Visual inspection and pressure test,loss of accumulator pre-charge,tested pilot pressure and inspected pilot circuit,Return filter element,Operational test passed,15.51,1.54,35868.94,2024-11-15,Closed,"Technician checked Main Control Valve, recorded reported symptom, performed required service action, and completed post-service test."
SR-00470,MR-00470,EQ-0233,TECH-0181,2024-05-15,Preventive,Night,18451,Hydraulic Line: Accumulator pressure loss; observed symptom: travel function loses power on incline.,Filter inspection and fluid condition check,loss of accumulator pre-charge,inspected hydraulic circuit and isolated affected component,Pump seal kit,Pressure test passed,13.54,9.49,42394.04,2024-11-15,Closed,"Technician checked Hydraulic Line, recorded reported symptom, performed required service action, and completed post-service test."
SR-00471,MR-00471,EQ-0185,TECH-0417,2024-05-15,Inspection,Night,10511,Accumulator: Accumulator pressure loss; observed symptom: pump noise increases during operation.,Visual inspection and pressure test,contaminated hydraulic oil,inspected hydraulic circuit and isolated affected component,Hydraulic oil,Operational test passed,12.56,8.13,62183.85,2024-11-15,Completed - Monitor,"Technician checked Accumulator, recorded reported symptom, performed required service action, and completed post-service test."
SR-00472,MR-00472,EQ-0115,TECH-0809,2024-05-15,Condition-Based,Night,12014,Travel Motor: Cooler restriction; observed symptom: pump noise increases during operation.,Visual inspection and pressure test,loss of accumulator pre-charge,tested pilot pressure and inspected pilot circuit,Cooler gasket set,Operational test passed,13.86,2.84,53651.49,2024-11-15,Follow-up Required,"Technician checked Travel Motor, recorded reported symptom, performed required service action, and completed post-service test."
SR-00473,MR-00473,EQ-0141,TECH-0883,2024-05-15,Condition-Based,Evening,5163,Hydraulic Oil: Pilot pressure drop; observed symptom: travel function loses power on incline.,Filter inspection and fluid condition check,blocked cooler core,inspected hydraulic circuit and isolated affected component,Cylinder seal kit,Operational test passed,13.89,2.38,20051.02,2024-11-15,Follow-up Required,"Technician checked Hydraulic Oil, recorded reported symptom, performed required service action, and completed post-service test."
SR-00474,MR-00474,EQ-0122,TECH-0296,2024-05-15,Corrective,Night,12860,Main Control Valve: Cylinder seal wear; observed symptom: hydraulic oil temperature rises during continuous operation.,Operational test under load,blocked cooler core,tested pilot pressure and inspected pilot circuit,Valve O-rings,Operational test passed,13.51,4.48,45181.28,2024-11-15,Closed,"Technician checked Main Control Valve, recorded reported symptom, performed required service action, and completed post-service test."
SR-00475,MR-00475,EQ-0170,TECH-0514,2024-05-15,Inspection,Evening,5024,Hydraulic Filter: Accumulator pressure loss; observed symptom: pump noise increases during operation.,Temperature and pressure checks,air entering suction line,"drained contaminated oil, flushed circuit and refilled with filtered oil",Cylinder seal kit,Leak test passed,7.77,11.09,49178.88,2024-11-15,Closed,"Technician checked Hydraulic Filter, recorded reported symptom, performed required service action, and completed post-service test."
SR-00476,MR-00476,EQ-0168,TECH-0383,2024-05-15,Condition-Based,Evening,10815,Boom Cylinder: Line restriction; observed symptom: hydraulic flow is low at operating temperature.,Operational test under load,blocked cooler core,tested pilot pressure and inspected pilot circuit,Pump seal kit,Functional test passed,12.5,6.36,55240.59,2024-11-15,Follow-up Required,"Technician checked Boom Cylinder, recorded reported symptom, performed required service action, and completed post-service test."
SR-00477,MR-00477,EQ-0137,TECH-0245,2024-05-15,Preventive,Night,5640,Hydraulic Pump: Oil contamination; observed symptom: pump noise increases during operation.,Visual inspection and pressure test,contaminated hydraulic oil,"drained contaminated oil, flushed circuit and refilled with filtered oil",Hydraulic hose,Operational test passed,13.27,0.5,35774.7,2024-11-15,Follow-up Required,"Technician checked Hydraulic Pump, recorded reported symptom, performed required service action, and completed post-service test."
SR-00478,MR-00478,EQ-0214,TECH-0770,2024-05-15,Condition-Based,Evening,15068,Accumulator: Oil contamination; observed symptom: bucket cylinder leaking externally.,Temperature and pressure checks,damaged cylinder seal,tested pilot pressure and inspected pilot circuit,Cylinder seal kit,Operational test passed,3.19,8.88,60224.39,2024-11-15,Completed,"Technician checked Accumulator, recorded reported symptom, performed required service action, and completed post-service test."
SR-00479,MR-00479,EQ-0107,TECH-0614,2024-05-15,Preventive,Night,2640,Arm Cylinder: Cylinder seal wear; observed symptom: hydraulic flow is low at operating temperature.,Operational test under load,high oil temperature,tested pilot pressure and inspected pilot circuit,Cylinder seal kit,Functional test passed,5.78,6.63,58526.85,2024-11-15,Completed,"Technician checked Arm Cylinder, recorded reported symptom, performed required service action, and completed post-service test."
SR-00480,MR-00480,EQ-0205,TECH-0817,2024-05-15,Condition-Based,Night,14783,Travel Motor: Accumulator pressure loss; observed symptom: hydraulic flow is low at operating temperature.,Filter inspection and fluid condition check,high oil temperature,"drained contaminated oil, flushed circuit and refilled with filtered oil",Cooler gasket set,Leak test passed,13.79,11.62,21283.49,2024-11-15,Completed,"Technician checked Travel Motor, recorded reported symptom, performed required service action, and completed post-service test."
SR-00481,MR-00481,EQ-0111,TECH-0662,2024-05-15,Preventive,Evening,2810,Oil Cooler: Oil contamination; observed symptom: pump noise increases during operation.,Filter inspection and fluid condition check,blocked cooler core,inspected hydraulic circuit and isolated affected component,Hydraulic filter,Leak test passed,10.54,4.42,56830.4,2024-11-15,Follow-up Required,"Technician checked Oil Cooler, recorded reported symptom, performed required service action, and completed post-service test."
SR-00482,MR-00482,EQ-0203,TECH-0832,2024-05-15,Preventive,Night,8432,Pilot System: Filter blockage; observed symptom: pump noise increases during operation.,Temperature and pressure checks,blocked cooler core,replaced damaged hose and pressure-tested circuit,Hydraulic filter,Operational test passed,1.78,9.53,45898.19,2024-11-15,Follow-up Required,"Technician checked Pilot System, recorded reported symptom, performed required service action, and completed post-service test."
SR-00483,MR-00483,EQ-0139,TECH-0746,2024-05-15,Inspection,Night,4388,Hydraulic Pump: Valve spool binding; observed symptom: hydraulic flow is low at operating temperature.,Filter inspection and fluid condition check,damaged cylinder seal,inspected hydraulic circuit and isolated affected component,Hydraulic hose,Leak test passed,7.46,10.34,55335.07,2024-11-15,Completed,"Technician checked Hydraulic Pump, recorded reported symptom, performed required service action, and completed post-service test."
SR-00484,MR-00484,EQ-0128,TECH-0115,2024-05-15,Condition-Based,Evening,12378,Hydraulic Filter: Pilot pressure drop; observed symptom: hydraulic flow is low at operating temperature.,Temperature and pressure checks,blocked cooler core,"drained contaminated oil, flushed circuit and refilled with filtered oil",Valve O-rings,Operational test passed,7.82,10.81,11281.93,2024-11-15,Completed,"Technician checked Hydraulic Filter, recorded reported symptom, performed required service action, and completed post-service test."
SR-00485,MR-00485,EQ-0216,TECH-0432,2024-05-15,Inspection,Evening,6902,Hydraulic Oil: Accumulator pressure loss; observed symptom: hydraulic flow is low at operating temperature.,Filter inspection and fluid condition check,blocked cooler core,tested pilot pressure and inspected pilot circuit,Valve O-rings,Pressure test passed,7.87,3.83,18081.56,2024-11-15,Closed,"Technician checked Hydraulic Oil, recorded reported symptom, performed required service action, and completed post-service test."
SR-00486,MR-00486,EQ-0175,TECH-0501,2024-05-15,Preventive,Night,6254,Hydraulic Oil: Oil contamination; observed symptom: arm movement slow after hydraulic oil warms.,Visual inspection and pressure test,high oil temperature,"drained contaminated oil, flushed circuit and refilled with filtered oil",Hydraulic hose,Leak test passed,2.5,9.59,42715.84,2024-11-15,Completed,"Technician checked Hydraulic Oil, recorded reported symptom, performed required service action, and completed post-service test."
SR-00487,MR-00487,EQ-0226,TECH-0266,2024-05-15,Inspection,Evening,11735,Hydraulic Line: Filter blockage; observed symptom: hydraulic oil temperature rises during continuous operation.,Visual inspection and pressure test,damaged cylinder seal,"drained contaminated oil, flushed circuit and refilled with filtered oil",Hydraulic filter,Functional test passed,5.07,9.81,48409.33,2024-11-15,Completed - Monitor,"Technician checked Hydraulic Line, recorded reported symptom, performed required service action, and completed post-service test."
SR-00488,MR-00488,EQ-0105,TECH-0169,2024-05-15,Corrective,Day,14541,Hydraulic Oil: Filter blockage; observed symptom: hydraulic flow is low at operating temperature.,Operational test under load,damaged cylinder seal,inspected hydraulic circuit and isolated affected component,Return filter element,Functional test passed,14.63,3.1,55587.05,2024-11-15,Closed,"Technician checked Hydraulic Oil, recorded reported symptom, performed required service action, and completed post-service test."
SR-00489,MR-00489,EQ-0126,TECH-0336,2024-05-15,Inspection,Day,8777,Swing Motor: Air ingress; observed symptom: bucket cylinder leaking externally.,Temperature and pressure checks,damaged cylinder seal,tested pilot pressure and inspected pilot circuit,Hydraulic oil,Functional test passed,6.57,4.43,74368.08,2024-11-15,Closed,"Technician checked Swing Motor, recorded reported symptom, performed required service action, and completed post-service test."
SR-00490,MR-00490,EQ-0229,TECH-0831,2024-05-15,Preventive,Night,16838,Hydraulic Oil: Oil contamination; observed symptom: bucket cylinder leaking externally.,Visual inspection and pressure test,high oil temperature,replaced damaged hose and pressure-tested circuit,Valve O-rings,Leak test passed,13.13,6.47,43434.38,2024-11-15,Completed,"Technician checked Hydraulic Oil, recorded reported symptom, performed required service action, and completed post-service test."
SR-00491,MR-00491,EQ-0133,TECH-0259,2024-05-15,Corrective,Night,6988,Hydraulic Oil: Line restriction; observed symptom: pump noise increases during operation.,Temperature and pressure checks,loss of accumulator pre-charge,inspected hydraulic circuit and isolated affected component,Valve O-rings,Operational test passed,2.62,4.89,38036.72,2024-11-15,Completed,"Technician checked Hydraulic Oil, recorded reported symptom, performed required service action, and completed post-service test."
SR-00492,MR-00492,EQ-0114,TECH-0788,2024-05-15,Inspection,Day,12843,Boom Cylinder: Cooler restriction; observed symptom: arm movement slow after hydraulic oil warms.,Temperature and pressure checks,blocked cooler core,"drained contaminated oil, flushed circuit and refilled with filtered oil",Return filter element,Pressure test passed,5.29,9.99,43544.79,2024-11-15,Completed - Monitor,"Technician checked Boom Cylinder, recorded reported symptom, performed required service action, and completed post-service test."
SR-00493,MR-00493,EQ-0189,TECH-0140,2024-05-15,Preventive,Day,10441,Travel Motor: Accumulator pressure loss; observed symptom: pump noise increases during operation.,Temperature and pressure checks,loss of accumulator pre-charge,replaced damaged hose and pressure-tested circuit,Cylinder seal kit,Functional test passed,1.27,6.69,56100.17,2024-11-15,Closed,"Technician checked Travel Motor, recorded reported symptom, performed required service action, and completed post-service test."
SR-00494,MR-00494,EQ-0115,TECH-0641,2024-05-15,Preventive,Evening,9348,Swing Motor: Filter blockage; observed symptom: hydraulic oil temperature rises during continuous operation.,Operational test under load,blocked cooler core,inspected hydraulic circuit and isolated affected component,Return filter element,Functional test passed,2.95,2.64,51693.54,2024-11-15,Completed - Monitor,"Technician checked Swing Motor, recorded reported symptom, performed required service action, and completed post-service test."
SR-00495,MR-00495,EQ-0106,TECH-0236,2024-05-15,Inspection,Evening,14830,Oil Cooler: Line restriction; observed symptom: bucket cylinder leaking externally.,Visual inspection and pressure test,contaminated hydraulic oil,replaced damaged hose and pressure-tested circuit,Hydraulic filter,Pressure test passed,9.1,4.66,32525.8,2024-11-15,Follow-up Required,"Technician checked Oil Cooler, recorded reported symptom, performed required service action, and completed post-service test."
SR-00496,MR-00496,EQ-0174,TECH-0683,2024-05-15,Inspection,Evening,5882,Travel Motor: Pilot pressure drop; observed symptom: hydraulic oil temperature rises during continuous operation.,Visual inspection and pressure test,contaminated hydraulic oil,tested pilot pressure and inspected pilot circuit,Pump seal kit,Functional test passed,9.55,8.62,56624.2,2024-11-15,Follow-up Required,"Technician checked Travel Motor, recorded reported symptom, performed required service action, and completed post-service test."
SR-00497,MR-00497,EQ-0222,TECH-0263,2024-05-15,Corrective,Night,14037,Hydraulic Line: Filter blockage; observed symptom: hydraulic oil temperature rises during continuous operation.,Operational test under load,air entering suction line,tested pilot pressure and inspected pilot circuit,Hydraulic filter,Pressure test passed,15.78,7.73,48653.35,2024-11-15,Follow-up Required,"Technician checked Hydraulic Line, recorded reported symptom, performed required service action, and completed post-service test."
SR-00498,MR-00498,EQ-0237,TECH-0499,2024-05-15,Corrective,Day,15344,Oil Cooler: Internal pump leakage; observed symptom: pump noise increases during operation.,Visual inspection and pressure test,loss of accumulator pre-charge,inspected hydraulic circuit and isolated affected component,Hydraulic filter,Functional test passed,9.81,2.19,48758.24,2024-11-15,Completed - Monitor,"Technician checked Oil Cooler, recorded reported symptom, performed required service action, and completed post-service test."
SR-00499,MR-00499,EQ-0110,TECH-0520,2024-05-15,Corrective,Evening,7470,Pilot System: Air ingress; observed symptom: pump noise increases during operation.,Visual inspection and pressure test,contaminated hydraulic oil,replaced damaged hose and pressure-tested circuit,Hydraulic oil,Functional test passed,10.6,7.14,34424.17,2024-11-15,Completed,"Technician checked Pilot System, recorded reported symptom, performed required service action, and completed post-service test."
SR-00500,MR-00500,EQ-0136,TECH-0962,2024-05-15,Corrective,Day,10689,Pilot System: Air ingress; observed symptom: travel function loses power on incline.,Visual inspection and pressure test,air entering suction line,inspected hydraulic circuit and isolated affected component,Cylinder seal kit,Functional test passed,11.57,5.53,31181.5,2024-11-15,Follow-up Required,"Technician checked Pilot System, recorded reported symptom, performed required service action, and completed post-service test."
SR-00501,MR-00501,EQ-0214,TECH-0564,2024-05-15,Inspection,Day,3009,Hydraulic Oil: Internal pump leakage; observed symptom: bucket cylinder leaking externally.,Operational test under load,air entering suction line,inspected hydraulic circuit and isolated affected component,Hydraulic oil,Pressure test passed,2.94,8.07,54784.66,2024-11-15,Completed - Monitor,"Technician checked Hydraulic Oil, recorded reported symptom, performed required service action, and completed post-service test."
SR-00502,MR-00502,EQ-0157,TECH-0142,2024-05-15,Inspection,Evening,12873,Hydraulic Pump: Cylinder seal wear; observed symptom: bucket cylinder leaking externally.,Operational test under load,air entering suction line,"drained contaminated oil, flushed circuit and refilled with filtered oil",Cylinder seal kit,Pressure test passed,5.61,5.92,10469.16,2024-11-15,Follow-up Required,"Technician checked Hydraulic Pump, recorded reported symptom, performed required service action, and completed post-service test."
SR-00503,MR-00503,EQ-0131,TECH-0917,2024-05-15,Condition-Based,Night,15188,Pilot System: Pilot pressure drop; observed symptom: hydraulic oil temperature rises during continuous operation.,Operational test under load,damaged cylinder seal,inspected hydraulic circuit and isolated affected component,Hydraulic oil,Functional test passed,2.42,9.36,36380.05,2024-11-15,Follow-up Required,"Technician checked Pilot System, recorded reported symptom, performed required service action, and completed post-service test."
SR-00504,MR-00504,EQ-0205,TECH-0946,2024-05-15,Preventive,Evening,10851,Bucket Cylinder: Pilot pressure drop; observed symptom: travel function loses power on incline.,Filter inspection and fluid condition check,loss of accumulator pre-charge,"drained contaminated oil, flushed circuit and refilled with filtered oil",Hydraulic filter,Functional test passed,5.7,1.0,20549.71,2024-11-15,Follow-up Required,"Technician checked Bucket Cylinder, recorded reported symptom, performed required service action, and completed post-service test."
SR-00505,MR-00505,EQ-0149,TECH-0132,2024-05-15,Condition-Based,Evening,9220,Boom Cylinder: Valve spool binding; observed symptom: travel function loses power on incline.,Filter inspection and fluid condition check,contaminated hydraulic oil,"drained contaminated oil, flushed circuit and refilled with filtered oil",Hydraulic filter,Functional test passed,9.4,5.76,56302.43,2024-11-15,Follow-up Required,"Technician checked Boom Cylinder, recorded reported symptom, performed required service action, and completed post-service test."
SR-00506,MR-00506,EQ-0176,TECH-0352,2024-05-15,Corrective,Day,16530,Hydraulic Line: Oil contamination; observed symptom: travel function loses power on incline.,Filter inspection and fluid condition check,air entering suction line,tested pilot pressure and inspected pilot circuit,Hydraulic hose,Pressure test passed,9.79,5.89,49442.57,2024-11-15,Closed,"Technician checked Hydraulic Line, recorded reported symptom, performed required service action, and completed post-service test."
SR-00507,MR-00507,EQ-0100,TECH-0209,2024-05-15,Preventive,Evening,12194,Arm Cylinder: Line restriction; observed symptom: hydraulic flow is low at operating temperature.,Filter inspection and fluid condition check,high oil temperature,"drained contaminated oil, flushed circuit and refilled with filtered oil",Cooler gasket set,Pressure test passed,14.94,3.9,40576.13,2024-11-15,Completed,"Technician checked Arm Cylinder, recorded reported symptom, performed required service action, and completed post-service test."
SR-00508,MR-00508,EQ-0144,TECH-0310,2024-05-15,Preventive,Night,7644,Swing Motor: Internal pump leakage; observed symptom: pump noise increases during operation.,Filter inspection and fluid condition check,contaminated hydraulic oil,inspected hydraulic circuit and isolated affected component,Cylinder seal kit,Pressure test passed,14.33,9.24,30418.37,2024-11-15,Completed,"Technician checked Swing Motor, recorded reported symptom, performed required service action, and completed post-service test."
SR-00509,MR-00509,EQ-0102,TECH-0328,2024-05-15,Corrective,Evening,3798,Main Control Valve: Cylinder seal wear; observed symptom: pump noise increases during operation.,Filter inspection and fluid condition check,blocked cooler core,inspected hydraulic circuit and isolated affected component,Hydraulic filter,Leak test passed,11.13,11.8,18038.84,2024-11-15,Closed,"Technician checked Main Control Valve, recorded reported symptom, performed required service action, and completed post-service test."
SR-00510,MR-00510,EQ-0147,TECH-0105,2024-05-15,Preventive,Day,3903,Oil Cooler: Pilot pressure drop; observed symptom: arm movement slow after hydraulic oil warms.,Operational test under load,loss of accumulator pre-charge,inspected hydraulic circuit and isolated affected component,Hydraulic hose,Leak test passed,4.03,10.07,58621.78,2024-11-15,Follow-up Required,"Technician checked Oil Cooler, recorded reported symptom, performed required service action, and completed post-service test."
SR-00511,MR-00511,EQ-0204,TECH-0109,2024-05-15,Condition-Based,Night,17332,Hydraulic Oil: Cylinder seal wear; observed symptom: pump noise increases during operation.,Temperature and pressure checks,loss of accumulator pre-charge,tested pilot pressure and inspected pilot circuit,Cylinder seal kit,Leak test passed,4.85,3.68,41315.78,2024-11-15,Closed,"Technician checked Hydraulic Oil, recorded reported symptom, performed required service action, and completed post-service test."
SR-00512,MR-00512,EQ-0114,TECH-0241,2024-05-15,Condition-Based,Day,11541,Swing Motor: Accumulator pressure loss; observed symptom: arm movement slow after hydraulic oil warms.,Operational test under load,damaged cylinder seal,"drained contaminated oil, flushed circuit and refilled with filtered oil",Cylinder seal kit,Functional test passed,11.52,0.34,53948.46,2024-11-15,Completed - Monitor,"Technician checked Swing Motor, recorded reported symptom, performed required service action, and completed post-service test."
SR-00513,MR-00513,EQ-0204,TECH-0837,2024-05-15,Preventive,Evening,10516,Hydraulic Pump: Line restriction; observed symptom: travel function loses power on incline.,Filter inspection and fluid condition check,loss of accumulator pre-charge,tested pilot pressure and inspected pilot circuit,Hydraulic oil,Leak test passed,15.42,9.21,40385.64,2024-11-15,Closed,"Technician checked Hydraulic Pump, recorded reported symptom, performed required service action, and completed post-service test."
SR-00514,MR-00514,EQ-0180,TECH-0648,2024-05-15,Preventive,Evening,9068,Arm Cylinder: Internal pump leakage; observed symptom: pump noise increases during operation.,Operational test under load,high oil temperature,replaced damaged hose and pressure-tested circuit,Return filter element,Leak test passed,11.16,10.31,13845.89,2024-11-15,Follow-up Required,"Technician checked Arm Cylinder, recorded reported symptom, performed required service action, and completed post-service test."
SR-00515,MR-00515,EQ-0102,TECH-0282,2024-05-15,Condition-Based,Day,13661,Main Control Valve: Filter blockage; observed symptom: travel function loses power on incline.,Filter inspection and fluid condition check,blocked cooler core,tested pilot pressure and inspected pilot circuit,Valve O-rings,Pressure test passed,3.84,6.67,6243.07,2024-11-15,Follow-up Required,"Technician checked Main Control Valve, recorded reported symptom, performed required service action, and completed post-service test."
SR-00516,MR-00516,EQ-0200,TECH-0198,2024-05-15,Condition-Based,Night,7234,Pilot System: Pilot pressure drop; observed symptom: bucket cylinder leaking externally.,Filter inspection and fluid condition check,blocked cooler core,tested pilot pressure and inspected pilot circuit,Valve O-rings,Pressure test passed,14.01,1.77,64179.33,2024-11-15,Completed - Monitor,"Technician checked Pilot System, recorded reported symptom, performed required service action, and completed post-service test."
SR-00517,MR-00517,EQ-0119,TECH-0437,2024-05-15,Preventive,Day,9722,Hydraulic Filter: Cylinder seal wear; observed symptom: arm movement slow after hydraulic oil warms.,Filter inspection and fluid condition check,loss of accumulator pre-charge,replaced damaged hose and pressure-tested circuit,Cooler gasket set,Operational test passed,1.68,8.44,9894.11,2024-11-15,Follow-up Required,"Technician checked Hydraulic Filter, recorded reported symptom, performed required service action, and completed post-service test."
SR-00518,MR-00518,EQ-0224,TECH-0437,2024-05-15,Inspection,Day,11625,Hydraulic Filter: Internal pump leakage; observed symptom: arm movement slow after hydraulic oil warms.,Visual inspection and pressure test,contaminated hydraulic oil,replaced damaged hose and pressure-tested circuit,Cylinder seal kit,Operational test passed,10.98,1.98,38672.3,2024-11-15,Closed,"Technician checked Hydraulic Filter, recorded reported symptom, performed required service action, and completed post-service test."
SR-00519,MR-00519,EQ-0240,TECH-0255,2024-05-15,Preventive,Day,16983,Hydraulic Pump: Pilot pressure drop; observed symptom: arm movement slow after hydraulic oil warms.,Temperature and pressure checks,loss of accumulator pre-charge,inspected hydraulic circuit and isolated affected component,Pump seal kit,Leak test passed,9.95,4.66,70275.83,2024-11-15,Follow-up Required,"Technician checked Hydraulic Pump, recorded reported symptom, performed required service action, and completed post-service test."
SR-00520,MR-00520,EQ-0222,TECH-0441,2024-05-15,Preventive,Night,8874,Hydraulic Line: Cooler restriction; observed symptom: pump noise increases during operation.,Filter inspection and fluid condition check,air entering suction line,replaced damaged hose and pressure-tested circuit,Hydraulic oil,Operational test passed,12.7,11.54,77530.1,2024-11-15,Closed,"Technician checked Hydraulic Line, recorded reported symptom, performed required service action, and completed post-service test."
SR-00521,MR-00521,EQ-0240,TECH-0737,2024-05-15,Preventive,Evening,9063,Travel Motor: Valve spool binding; observed symptom: hydraulic oil temperature rises during continuous operation.,Temperature and pressure checks,high oil temperature,replaced damaged hose and pressure-tested circuit,Hydraulic oil,Pressure test passed,7.02,4.43,57229.65,2024-11-15,Completed - Monitor,"Technician checked Travel Motor, recorded reported symptom, performed required service action, and completed post-service test."
SR-00522,MR-00522,EQ-0111,TECH-0951,2024-05-15,Preventive,Day,10771,Main Control Valve: Accumulator pressure loss; observed symptom: hydraulic oil temperature rises during continuous operation.,Operational test under load,blocked cooler core,tested pilot pressure and inspected pilot circuit,Cooler gasket set,Functional test passed,5.16,2.89,17750.37,2024-11-15,Follow-up Required,"Technician checked Main Control Valve, recorded reported symptom, performed required service action, and completed post-service test."
SR-00523,MR-00523,EQ-0149,TECH-0616,2024-05-15,Inspection,Evening,13217,Hydraulic Filter: Internal pump leakage; observed symptom: hydraulic flow is low at operating temperature.,Visual inspection and pressure test,blocked cooler core,tested pilot pressure and inspected pilot circuit,Hydraulic filter,Functional test passed,7.35,6.52,20117.4,2024-11-15,Closed,"Technician checked Hydraulic Filter, recorded reported symptom, performed required service action, and completed post-service test."
SR-00524,MR-00524,EQ-0169,TECH-0570,2024-05-15,Condition-Based,Night,12578,Bucket Cylinder: Filter blockage; observed symptom: hydraulic oil temperature rises during continuous operation.,Filter inspection and fluid condition check,contaminated hydraulic oil,"drained contaminated oil, flushed circuit and refilled with filtered oil",Cylinder seal kit,Leak test passed,8.05,3.69,57353.95,2024-11-15,Follow-up Required,"Technician checked Bucket Cylinder, recorded reported symptom, performed required service action, and completed post-service test."
SR-00525,MR-00525,EQ-0195,TECH-0959,2024-05-15,Preventive,Night,10723,Travel Motor: Air ingress; observed symptom: travel function loses power on incline.,Operational test under load,damaged cylinder seal,tested pilot pressure and inspected pilot circuit,Hydraulic oil,Functional test passed,3.67,1.15,24136.69,2024-11-15,Follow-up Required,"Technician checked Travel Motor, recorded reported symptom, performed required service action, and completed post-service test."
SR-00526,MR-00526,EQ-0179,TECH-0473,2024-05-15,Preventive,Day,17756,Accumulator: Oil contamination; observed symptom: hydraulic flow is low at operating temperature.,Visual inspection and pressure test,high oil temperature,tested pilot pressure and inspected pilot circuit,Hydraulic oil,Functional test passed,10.07,8.27,37833.19,2024-11-15,Completed,"Technician checked Accumulator, recorded reported symptom, performed required service action, and completed post-service test."
SR-00527,MR-00527,EQ-0220,TECH-0382,2024-05-15,Inspection,Day,18178,Oil Cooler: Cylinder seal wear; observed symptom: hydraulic oil temperature rises during continuous operation.,Operational test under load,air entering suction line,"drained contaminated oil, flushed circuit and refilled with filtered oil",Cooler gasket set,Leak test passed,13.34,11.75,13940.99,2024-11-15,Completed,"Technician checked Oil Cooler, recorded reported symptom, performed required service action, and completed post-service test."
SR-00528,MR-00528,EQ-0128,TECH-0702,2024-05-15,Preventive,Day,17630,Main Control Valve: Cooler restriction; observed symptom: travel function loses power on incline.,Operational test under load,blocked cooler core,inspected hydraulic circuit and isolated affected component,Valve O-rings,Functional test passed,10.25,1.75,75941.12,2024-11-15,Follow-up Required,"Technician checked Main Control Valve, recorded reported symptom, performed required service action, and completed post-service test."
SR-00529,MR-00529,EQ-0221,TECH-0746,2024-05-15,Corrective,Day,2737,Travel Motor: Cylinder seal wear; observed symptom: hydraulic flow is low at operating temperature.,Operational test under load,contaminated hydraulic oil,tested pilot pressure and inspected pilot circuit,Cooler gasket set,Leak test passed,13.64,3.25,27342.84,2024-11-15,Completed,"Technician checked Travel Motor, recorded reported symptom, performed required service action, and completed post-service test."
SR-00530,MR-00530,EQ-0148,TECH-0986,2024-05-15,Inspection,Day,10265,Hydraulic Filter: Cooler restriction; observed symptom: travel function loses power on incline.,Filter inspection and fluid condition check,contaminated hydraulic oil,replaced damaged hose and pressure-tested circuit,Cooler gasket set,Pressure test passed,2.61,7.31,18767.71,2024-11-15,Completed,"Technician checked Hydraulic Filter, recorded reported symptom, performed required service action, and completed post-service test."
SR-00531,MR-00531,EQ-0234,TECH-0747,2024-05-15,Corrective,Day,12393,Hydraulic Pump: Internal pump leakage; observed symptom: hydraulic flow is low at operating temperature.,Operational test under load,loss of accumulator pre-charge,replaced damaged hose and pressure-tested circuit,Cylinder seal kit,Pressure test passed,3.83,0.67,5292.66,2024-11-15,Completed,"Technician checked Hydraulic Pump, recorded reported symptom, performed required service action, and completed post-service test."
SR-00532,MR-00532,EQ-0146,TECH-0685,2024-05-15,Inspection,Day,9067,Hydraulic Line: Line restriction; observed symptom: bucket cylinder leaking externally.,Visual inspection and pressure test,blocked cooler core,replaced damaged hose and pressure-tested circuit,Cylinder seal kit,Leak test passed,15.61,6.06,14399.06,2024-11-15,Follow-up Required,"Technician checked Hydraulic Line, recorded reported symptom, performed required service action, and completed post-service test."
SR-00533,MR-00533,EQ-0161,TECH-0961,2024-05-15,Corrective,Day,18487,Main Control Valve: Pilot pressure drop; observed symptom: arm movement slow after hydraulic oil warms.,Operational test under load,blocked cooler core,inspected hydraulic circuit and isolated affected component,Cylinder seal kit,Operational test passed,4.49,8.78,50467.56,2024-11-15,Completed,"Technician checked Main Control Valve, recorded reported symptom, performed required service action, and completed post-service test."
SR-00534,MR-00534,EQ-0227,TECH-0569,2024-05-15,Inspection,Day,17902,Oil Cooler: Oil contamination; observed symptom: bucket cylinder leaking externally.,Visual inspection and pressure test,high oil temperature,tested pilot pressure and inspected pilot circuit,Hydraulic oil,Leak test passed,15.61,0.76,59756.62,2024-11-15,Completed - Monitor,"Technician checked Oil Cooler, recorded reported symptom, performed required service action, and completed post-service test."
SR-00535,MR-00535,EQ-0235,TECH-0606,2024-05-15,Preventive,Night,12643,Hydraulic Oil: Internal pump leakage; observed symptom: hydraulic oil temperature rises during continuous operation.,Visual inspection and pressure test,high oil temperature,"drained contaminated oil, flushed circuit and refilled with filtered oil",Cooler gasket set,Operational test passed,15.96,2.03,50951.9,2024-11-15,Closed,"Technician checked Hydraulic Oil, recorded reported symptom, performed required service action, and completed post-service test."
SR-00536,MR-00536,EQ-0215,TECH-0287,2024-05-15,Condition-Based,Evening,15419,Travel Motor: Cooler restriction; observed symptom: arm movement slow after hydraulic oil warms.,Operational test under load,blocked cooler core,"drained contaminated oil, flushed circuit and refilled with filtered oil",Valve O-rings,Pressure test passed,14.93,2.33,48822.72,2024-11-15,Completed - Monitor,"Technician checked Travel Motor, recorded reported symptom, performed required service action, and completed post-service test."
SR-00537,MR-00537,EQ-0233,TECH-0911,2024-05-15,Condition-Based,Evening,10473,Hydraulic Filter: Cooler restriction; observed symptom: travel function loses power on incline.,Temperature and pressure checks,contaminated hydraulic oil,inspected hydraulic circuit and isolated affected component,Valve O-rings,Functional test passed,3.98,7.26,52346.27,2024-11-15,Follow-up Required,"Technician checked Hydraulic Filter, recorded reported symptom, performed required service action, and completed post-service test."
SR-00538,MR-00538,EQ-0211,TECH-0123,2024-05-15,Preventive,Evening,18490,Hydraulic Filter: Oil contamination; observed symptom: hydraulic flow is low at operating temperature.,Operational test under load,high oil temperature,tested pilot pressure and inspected pilot circuit,Cylinder seal kit,Functional test passed,15.76,4.71,53202.35,2024-11-15,Follow-up Required,"Technician checked Hydraulic Filter, recorded reported symptom, performed required service action, and completed post-service test."
SR-00539,MR-00539,EQ-0232,TECH-0417,2024-05-15,Condition-Based,Day,5666,Accumulator: Internal pump leakage; observed symptom: pump noise increases during operation.,Operational test under load,contaminated hydraulic oil,inspected hydraulic circuit and isolated affected component,Cooler gasket set,Operational test passed,1.39,3.9,26701.2,2024-11-15,Closed,"Technician checked Accumulator, recorded reported symptom, performed required service action, and completed post-service test."
SR-00540,MR-00540,EQ-0202,TECH-0985,2024-05-15,Corrective,Night,7860,Hydraulic Filter: Pilot pressure drop; observed symptom: arm movement slow after hydraulic oil warms.,Filter inspection and fluid condition check,high oil temperature,replaced damaged hose and pressure-tested circuit,Hydraulic filter,Operational test passed,12.47,1.07,37537.36,2024-11-15,Completed,"Technician checked Hydraulic Filter, recorded reported symptom, performed required service action, and completed post-service test."
SR-00541,MR-00541,EQ-0209,TECH-0668,2024-05-15,Corrective,Night,17927,Arm Cylinder: Line restriction; observed symptom: hydraulic flow is low at operating temperature.,Filter inspection and fluid condition check,air entering suction line,replaced damaged hose and pressure-tested circuit,Valve O-rings,Leak test passed,8.95,4.27,74388.27,2024-11-15,Completed - Monitor,"Technician checked Arm Cylinder, recorded reported symptom, performed required service action, and completed post-service test."
SR-00542,MR-00542,EQ-0154,TECH-0763,2024-05-15,Preventive,Evening,2414,Swing Motor: Cylinder seal wear; observed symptom: pump noise increases during operation.,Temperature and pressure checks,damaged cylinder seal,"drained contaminated oil, flushed circuit and refilled with filtered oil",Hydraulic hose,Leak test passed,15.37,1.76,27560.6,2024-11-15,Closed,"Technician checked Swing Motor, recorded reported symptom, performed required service action, and completed post-service test."
SR-00543,MR-00543,EQ-0232,TECH-0912,2024-05-15,Inspection,Night,1854,Travel Motor: Oil contamination; observed symptom: arm movement slow after hydraulic oil warms.,Operational test under load,high oil temperature,"drained contaminated oil, flushed circuit and refilled with filtered oil",Return filter element,Functional test passed,10.03,8.24,50102.19,2024-11-15,Completed - Monitor,"Technician checked Travel Motor, recorded reported symptom, performed required service action, and completed post-service test."
SR-00544,MR-00544,EQ-0213,TECH-0906,2024-05-15,Preventive,Night,11020,Hydraulic Oil: Oil contamination; observed symptom: arm movement slow after hydraulic oil warms.,Filter inspection and fluid condition check,air entering suction line,inspected hydraulic circuit and isolated affected component,Pump seal kit,Operational test passed,3.47,2.65,33635.87,2024-11-15,Completed,"Technician checked Hydraulic Oil, recorded reported symptom, performed required service action, and completed post-service test."
SR-00545,MR-00545,EQ-0130,TECH-0926,2024-05-15,Condition-Based,Evening,9755,Boom Cylinder: Internal pump leakage; observed symptom: hydraulic flow is low at operating temperature.,Temperature and pressure checks,blocked cooler core,replaced damaged hose and pressure-tested circuit,Cylinder seal kit,Operational test passed,11.44,0.48,33200.11,2024-11-15,Completed,"Technician checked Boom Cylinder, recorded reported symptom, performed required service action, and completed post-service test."
SR-00546,MR-00546,EQ-0128,TECH-0442,2024-05-15,Corrective,Evening,2531,Hydraulic Oil: Filter blockage; observed symptom: pump noise increases during operation.,Temperature and pressure checks,high oil temperature,inspected hydraulic circuit and isolated affected component,Return filter element,Leak test passed,5.3,7.74,42492.41,2024-11-15,Completed,"Technician checked Hydraulic Oil, recorded reported symptom, performed required service action, and completed post-service test."
SR-00547,MR-00547,EQ-0134,TECH-0457,2024-05-15,Condition-Based,Night,18007,Hydraulic Oil: Accumulator pressure loss; observed symptom: arm movement slow after hydraulic oil warms.,Temperature and pressure checks,air entering suction line,tested pilot pressure and inspected pilot circuit,Pump seal kit,Operational test passed,14.42,7.39,65529.19,2024-11-15,Follow-up Required,"Technician checked Hydraulic Oil, recorded reported symptom, performed required service action, and completed post-service test."
SR-00548,MR-00548,EQ-0190,TECH-0600,2024-05-15,Condition-Based,Day,13521,Hydraulic Filter: Accumulator pressure loss; observed symptom: arm movement slow after hydraulic oil warms.,Visual inspection and pressure test,contaminated hydraulic oil,inspected hydraulic circuit and isolated affected component,Hydraulic oil,Operational test passed,2.05,11.57,47556.22,2024-11-15,Follow-up Required,"Technician checked Hydraulic Filter, recorded reported symptom, performed required service action, and completed post-service test."
SR-00549,MR-00549,EQ-0116,TECH-0109,2024-05-15,Corrective,Day,17022,Boom Cylinder: Cylinder seal wear; observed symptom: hydraulic flow is low at operating temperature.,Filter inspection and fluid condition check,damaged cylinder seal,replaced damaged hose and pressure-tested circuit,Cooler gasket set,Pressure test passed,15.17,11.11,73270.64,2024-11-15,Closed,"Technician checked Boom Cylinder, recorded reported symptom, performed required service action, and completed post-service test."
SR-00550,MR-00550,EQ-0100,TECH-0258,2024-05-15,Corrective,Day,9880,Main Control Valve: Accumulator pressure loss; observed symptom: hydraulic flow is low at operating temperature.,Operational test under load,loss of accumulator pre-charge,"drained contaminated oil, flushed circuit and refilled with filtered oil",Return filter element,Pressure test passed,6.89,10.13,15103.4,2024-11-15,Closed,"Technician checked Main Control Valve, recorded reported symptom, performed required service action, and completed post-service test."
SR-00551,MR-00551,EQ-0131,TECH-0380,2024-05-15,Condition-Based,Evening,5234,Swing Motor: Oil contamination; observed symptom: hydraulic oil temperature rises during continuous operation.,Filter inspection and fluid condition check,blocked cooler core,tested pilot pressure and inspected pilot circuit,Hydraulic filter,Functional test passed,1.1,2.03,27895.86,2024-11-15,Completed - Monitor,"Technician checked Swing Motor, recorded reported symptom, performed required service action, and completed post-service test."
SR-00552,MR-00552,EQ-0145,TECH-0593,2024-05-15,Corrective,Day,11012,Swing Motor: Accumulator pressure loss; observed symptom: pump noise increases during operation.,Visual inspection and pressure test,air entering suction line,"drained contaminated oil, flushed circuit and refilled with filtered oil",Valve O-rings,Leak test passed,14.26,7.48,30430.18,2024-11-15,Completed,"Technician checked Swing Motor, recorded reported symptom, performed required service action, and completed post-service test."
SR-00553,MR-00553,EQ-0236,TECH-0945,2024-05-15,Corrective,Evening,6710,Main Control Valve: Internal pump leakage; observed symptom: hydraulic oil temperature rises during continuous operation.,Temperature and pressure checks,high oil temperature,"drained contaminated oil, flushed circuit and refilled with filtered oil",Hydraulic oil,Leak test passed,9.69,2.1,17338.32,2024-11-15,Closed,"Technician checked Main Control Valve, recorded reported symptom, performed required service action, and completed post-service test."
SR-00554,MR-00554,EQ-0175,TECH-0636,2024-05-15,Inspection,Night,5599,Hydraulic Filter: Filter blockage; observed symptom: hydraulic flow is low at operating temperature.,Filter inspection and fluid condition check,damaged cylinder seal,replaced damaged hose and pressure-tested circuit,Hydraulic filter,Functional test passed,3.79,4.76,48909.66,2024-11-15,Completed,"Technician checked Hydraulic Filter, recorded reported symptom, performed required service action, and completed post-service test."
SR-00555,MR-00555,EQ-0131,TECH-0684,2024-05-15,Corrective,Evening,4873,Pilot System: Air ingress; observed symptom: hydraulic oil temperature rises during continuous operation.,Filter inspection and fluid condition check,loss of accumulator pre-charge,"drained contaminated oil, flushed circuit and refilled with filtered oil",Hydraulic filter,Leak test passed,2.32,6.9,41517.68,2024-11-15,Follow-up Required,"Technician checked Pilot System, recorded reported symptom, performed required service action, and completed post-service test."
SR-00556,MR-00556,EQ-0142,TECH-0793,2024-05-15,Preventive,Evening,18250,Main Control Valve: Cylinder seal wear; observed symptom: hydraulic oil temperature rises during continuous operation.,Operational test under load,loss of accumulator pre-charge,"drained contaminated oil, flushed circuit and refilled with filtered oil",Pump seal kit,Pressure test passed,15.98,11.64,64160.5,2024-11-15,Closed,"Technician checked Main Control Valve, recorded reported symptom, performed required service action, and completed post-service test."
SR-00557,MR-00557,EQ-0217,TECH-0424,2024-05-15,Corrective,Evening,6445,Boom Cylinder: Cooler restriction; observed symptom: hydraulic oil temperature rises during continuous operation.,Filter inspection and fluid condition check,air entering suction line,"drained contaminated oil, flushed circuit and refilled with filtered oil",Hydraulic hose,Pressure test passed,2.11,5.78,22472.78,2024-11-15,Follow-up Required,"Technician checked Boom Cylinder, recorded reported symptom, performed required service action, and completed post-service test."
SR-00558,MR-00558,EQ-0149,TECH-0748,2024-05-15,Preventive,Day,9703,Hydraulic Line: Accumulator pressure loss; observed symptom: bucket cylinder leaking externally.,Filter inspection and fluid condition check,loss of accumulator pre-charge,inspected hydraulic circuit and isolated affected component,Hydraulic oil,Leak test passed,13.93,9.58,40154.85,2024-11-15,Follow-up Required,"Technician checked Hydraulic Line, recorded reported symptom, performed required service action, and completed post-service test."
SR-00559,MR-00559,EQ-0131,TECH-0788,2024-05-15,Inspection,Day,8583,Travel Motor: Line restriction; observed symptom: hydraulic flow is low at operating temperature.,Filter inspection and fluid condition check,air entering suction line,"drained contaminated oil, flushed circuit and refilled with filtered oil",Hydraulic filter,Pressure test passed,15.27,5.69,41849.8,2024-11-15,Follow-up Required,"Technician checked Travel Motor, recorded reported symptom, performed required service action, and completed post-service test."
SR-00560,MR-00560,EQ-0198,TECH-0266,2024-05-15,Corrective,Night,4349,Pilot System: Pilot pressure drop; observed symptom: bucket cylinder leaking externally.,Operational test under load,damaged cylinder seal,inspected hydraulic circuit and isolated affected component,Pump seal kit,Functional test passed,11.5,7.42,66470.25,2024-11-15,Completed - Monitor,"Technician checked Pilot System, recorded reported symptom, performed required service action, and completed post-service test."
SR-00561,MR-00561,EQ-0141,TECH-0332,2024-05-15,Preventive,Night,7473,Accumulator: Accumulator pressure loss; observed symptom: pump noise increases during operation.,Operational test under load,high oil temperature,replaced damaged hose and pressure-tested circuit,Hydraulic oil,Operational test passed,9.43,9.01,57098.76,2024-11-15,Follow-up Required,"Technician checked Accumulator, recorded reported symptom, performed required service action, and completed post-service test."
SR-00562,MR-00562,EQ-0195,TECH-0628,2024-05-15,Condition-Based,Night,5499,Hydraulic Oil: Pilot pressure drop; observed symptom: pump noise increases during operation.,Operational test under load,blocked cooler core,tested pilot pressure and inspected pilot circuit,Cylinder seal kit,Leak test passed,14.66,1.15,56951.25,2024-11-15,Completed,"Technician checked Hydraulic Oil, recorded reported symptom, performed required service action, and completed post-service test."
SR-00563,MR-00563,EQ-0139,TECH-0427,2024-05-15,Condition-Based,Evening,14207,Hydraulic Line: Air ingress; observed symptom: bucket cylinder leaking externally.,Operational test under load,high oil temperature,inspected hydraulic circuit and isolated affected component,Hydraulic filter,Pressure test passed,2.86,6.75,27366.74,2024-11-15,Follow-up Required,"Technician checked Hydraulic Line, recorded reported symptom, performed required service action, and completed post-service test."
SR-00564,MR-00564,EQ-0213,TECH-0538,2024-05-15,Preventive,Night,10224,Arm Cylinder: Cylinder seal wear; observed symptom: hydraulic flow is low at operating temperature.,Operational test under load,contaminated hydraulic oil,replaced damaged hose and pressure-tested circuit,Cylinder seal kit,Operational test passed,10.47,5.43,60743.24,2024-11-15,Follow-up Required,"Technician checked Arm Cylinder, recorded reported symptom, performed required service action, and completed post-service test."
SR-00565,MR-00565,EQ-0104,TECH-0430,2024-05-15,Condition-Based,Night,12313,Hydraulic Filter: Cooler restriction; observed symptom: travel function loses power on incline.,Visual inspection and pressure test,high oil temperature,tested pilot pressure and inspected pilot circuit,Cooler gasket set,Leak test passed,4.94,4.98,4234.83,2024-11-15,Follow-up Required,"Technician checked Hydraulic Filter, recorded reported symptom, performed required service action, and completed post-service test."
SR-00566,MR-00566,EQ-0215,TECH-0119,2024-05-15,Condition-Based,Evening,2811,Travel Motor: Filter blockage; observed symptom: hydraulic flow is low at operating temperature.,Operational test under load,damaged cylinder seal,replaced damaged hose and pressure-tested circuit,Hydraulic oil,Pressure test passed,14.93,11.14,59163.1,2024-11-15,Completed,"Technician checked Travel Motor, recorded reported symptom, performed required service action, and completed post-service test."
SR-00567,MR-00567,EQ-0182,TECH-0832,2024-05-15,Inspection,Day,4893,Swing Motor: Oil contamination; observed symptom: travel function loses power on incline.,Visual inspection and pressure test,high oil temperature,inspected hydraulic circuit and isolated affected component,Return filter element,Operational test passed,8.22,9.2,17733.02,2024-11-15,Completed,"Technician checked Swing Motor, recorded reported symptom, performed required service action, and completed post-service test."
SR-00568,MR-00568,EQ-0174,TECH-0243,2024-05-15,Inspection,Day,14396,Travel Motor: Air ingress; observed symptom: pump noise increases during operation.,Temperature and pressure checks,contaminated hydraulic oil,tested pilot pressure and inspected pilot circuit,Valve O-rings,Operational test passed,4.69,0.8,26753.56,2024-11-15,Completed,"Technician checked Travel Motor, recorded reported symptom, performed required service action, and completed post-service test."
SR-00569,MR-00569,EQ-0228,TECH-0425,2024-05-15,Condition-Based,Night,18352,Oil Cooler: Oil contamination; observed symptom: bucket cylinder leaking externally.,Temperature and pressure checks,blocked cooler core,"drained contaminated oil, flushed circuit and refilled with filtered oil",Cylinder seal kit,Leak test passed,10.85,4.36,15978.43,2024-11-15,Closed,"Technician checked Oil Cooler, recorded reported symptom, performed required service action, and completed post-service test."
SR-00570,MR-00570,EQ-0121,TECH-0218,2024-05-15,Preventive,Evening,8927,Bucket Cylinder: Pilot pressure drop; observed symptom: pump noise increases during operation.,Visual inspection and pressure test,high oil temperature,"drained contaminated oil, flushed circuit and refilled with filtered oil",Cylinder seal kit,Functional test passed,7.72,6.08,34140.09,2024-11-15,Completed,"Technician checked Bucket Cylinder, recorded reported symptom, performed required service action, and completed post-service test."
SR-00571,MR-00571,EQ-0175,TECH-0537,2024-05-15,Corrective,Day,13209,Pilot System: Accumulator pressure loss; observed symptom: arm movement slow after hydraulic oil warms.,Operational test under load,air entering suction line,tested pilot pressure and inspected pilot circuit,Valve O-rings,Pressure test passed,8.62,10.47,27923.57,2024-11-15,Completed - Monitor,"Technician checked Pilot System, recorded reported symptom, performed required service action, and completed post-service test."
SR-00572,MR-00572,EQ-0224,TECH-0444,2024-05-15,Corrective,Evening,14993,Hydraulic Oil: Cooler restriction; observed symptom: arm movement slow after hydraulic oil warms.,Visual inspection and pressure test,damaged cylinder seal,inspected hydraulic circuit and isolated affected component,Hydraulic hose,Functional test passed,3.91,8.28,68711.25,2024-11-15,Completed - Monitor,"Technician checked Hydraulic Oil, recorded reported symptom, performed required service action, and completed post-service test."
SR-00573,MR-00573,EQ-0118,TECH-0104,2024-05-15,Preventive,Day,6768,Arm Cylinder: Pilot pressure drop; observed symptom: pump noise increases during operation.,Temperature and pressure checks,loss of accumulator pre-charge,"drained contaminated oil, flushed circuit and refilled with filtered oil",Valve O-rings,Pressure test passed,2.17,11.31,34771.41,2024-11-15,Closed,"Technician checked Arm Cylinder, recorded reported symptom, performed required service action, and completed post-service test."
SR-00574,MR-00574,EQ-0177,TECH-0898,2024-05-15,Condition-Based,Evening,3172,Accumulator: Air ingress; observed symptom: hydraulic oil temperature rises during continuous operation.,Filter inspection and fluid condition check,loss of accumulator pre-charge,tested pilot pressure and inspected pilot circuit,Valve O-rings,Operational test passed,2.87,3.79,23461.52,2024-11-15,Completed,"Technician checked Accumulator, recorded reported symptom, performed required service action, and completed post-service test."
SR-00575,MR-00575,EQ-0100,TECH-0689,2024-05-15,Condition-Based,Night,15781,Hydraulic Oil: Cylinder seal wear; observed symptom: pump noise increases during operation.,Filter inspection and fluid condition check,damaged cylinder seal,tested pilot pressure and inspected pilot circuit,Hydraulic hose,Leak test passed,13.18,4.97,55592.48,2024-11-15,Completed,"Technician checked Hydraulic Oil, recorded reported symptom, performed required service action, and completed post-service test."
SR-00576,MR-00576,EQ-0166,TECH-0645,2024-05-15,Corrective,Evening,10508,Hydraulic Oil: Cooler restriction; observed symptom: arm movement slow after hydraulic oil warms.,Temperature and pressure checks,damaged cylinder seal,replaced damaged hose and pressure-tested circuit,Hydraulic hose,Functional test passed,3.95,1.8,31509.53,2024-11-15,Completed,"Technician checked Hydraulic Oil, recorded reported symptom, performed required service action, and completed post-service test."
SR-00577,MR-00577,EQ-0112,TECH-0567,2024-05-15,Condition-Based,Night,7408,Hydraulic Pump: Oil contamination; observed symptom: arm movement slow after hydraulic oil warms.,Temperature and pressure checks,loss of accumulator pre-charge,replaced damaged hose and pressure-tested circuit,Valve O-rings,Pressure test passed,3.15,5.64,4606.98,2024-11-15,Completed - Monitor,"Technician checked Hydraulic Pump, recorded reported symptom, performed required service action, and completed post-service test."
SR-00578,MR-00578,EQ-0209,TECH-0432,2024-05-15,Inspection,Evening,8283,Bucket Cylinder: Cooler restriction; observed symptom: hydraulic flow is low at operating temperature.,Temperature and pressure checks,loss of accumulator pre-charge,inspected hydraulic circuit and isolated affected component,Pump seal kit,Pressure test passed,10.21,1.85,30567.28,2024-11-15,Follow-up Required,"Technician checked Bucket Cylinder, recorded reported symptom, performed required service action, and completed post-service test."
SR-00579,MR-00579,EQ-0119,TECH-0696,2024-05-15,Condition-Based,Evening,13004,Main Control Valve: Accumulator pressure loss; observed symptom: arm movement slow after hydraulic oil warms.,Visual inspection and pressure test,damaged cylinder seal,inspected hydraulic circuit and isolated affected component,Hydraulic hose,Operational test passed,12.54,10.46,55481.05,2024-11-15,Closed,"Technician checked Main Control Valve, recorded reported symptom, performed required service action, and completed post-service test."
SR-00580,MR-00580,EQ-0199,TECH-0196,2024-05-15,Preventive,Day,16103,Hydraulic Line: Line restriction; observed symptom: travel function loses power on incline.,Filter inspection and fluid condition check,air entering suction line,tested pilot pressure and inspected pilot circuit,Valve O-rings,Operational test passed,3.73,8.74,21010.89,2024-11-15,Completed - Monitor,"Technician checked Hydraulic Line, recorded reported symptom, performed required service action, and completed post-service test."
SR-00581,MR-00581,EQ-0138,TECH-0849,2024-05-15,Preventive,Night,17948,Hydraulic Filter: Valve spool binding; observed symptom: pump noise increases during operation.,Operational test under load,contaminated hydraulic oil,"drained contaminated oil, flushed circuit and refilled with filtered oil",Valve O-rings,Operational test passed,9.37,3.84,26278.46,2024-11-15,Completed,"Technician checked Hydraulic Filter, recorded reported symptom, performed required service action, and completed post-service test."
SR-00582,MR-00582,EQ-0210,TECH-0743,2024-05-15,Inspection,Night,15984,Bucket Cylinder: Valve spool binding; observed symptom: bucket cylinder leaking externally.,Temperature and pressure checks,damaged cylinder seal,"drained contaminated oil, flushed circuit and refilled with filtered oil",Hydraulic oil,Leak test passed,11.83,11.14,45943.8,2024-11-15,Completed,"Technician checked Bucket Cylinder, recorded reported symptom, performed required service action, and completed post-service test."
SR-00583,MR-00583,EQ-0158,TECH-0753,2024-05-15,Inspection,Night,13184,Bucket Cylinder: Filter blockage; observed symptom: bucket cylinder leaking externally.,Operational test under load,damaged cylinder seal,inspected hydraulic circuit and isolated affected component,Return filter element,Functional test passed,9.26,7.34,24844.83,2024-11-15,Follow-up Required,"Technician checked Bucket Cylinder, recorded reported symptom, performed required service action, and completed post-service test."
SR-00584,MR-00584,EQ-0139,TECH-0803,2024-05-15,Condition-Based,Night,5479,Bucket Cylinder: Cylinder seal wear; observed symptom: arm movement slow after hydraulic oil warms.,Filter inspection and fluid condition check,contaminated hydraulic oil,tested pilot pressure and inspected pilot circuit,Return filter element,Pressure test passed,2.12,6.97,73192.82,2024-11-15,Follow-up Required,"Technician checked Bucket Cylinder, recorded reported symptom, performed required service action, and completed post-service test."
SR-00585,MR-00585,EQ-0115,TECH-0645,2024-05-15,Corrective,Evening,2555,Hydraulic Filter: Line restriction; observed symptom: pump noise increases during operation.,Visual inspection and pressure test,loss of accumulator pre-charge,inspected hydraulic circuit and isolated affected component,Cylinder seal kit,Functional test passed,14.56,0.66,19478.05,2024-11-15,Closed,"Technician checked Hydraulic Filter, recorded reported symptom, performed required service action, and completed post-service test."
SR-00586,MR-00586,EQ-0192,TECH-0659,2024-05-15,Corrective,Evening,8287,Pilot System: Air ingress; observed symptom: travel function loses power on incline.,Temperature and pressure checks,air entering suction line,"drained contaminated oil, flushed circuit and refilled with filtered oil",Hydraulic oil,Functional test passed,4.43,8.02,42549.9,2024-11-15,Completed,"Technician checked Pilot System, recorded reported symptom, performed required service action, and completed post-service test."
SR-00587,MR-00587,EQ-0162,TECH-0791,2024-05-15,Corrective,Evening,3745,Hydraulic Line: Air ingress; observed symptom: travel function loses power on incline.,Visual inspection and pressure test,high oil temperature,replaced damaged hose and pressure-tested circuit,Valve O-rings,Pressure test passed,14.46,8.21,49686.75,2024-11-15,Completed,"Technician checked Hydraulic Line, recorded reported symptom, performed required service action, and completed post-service test."
SR-00588,MR-00588,EQ-0110,TECH-0619,2024-05-15,Condition-Based,Day,16439,Arm Cylinder: Valve spool binding; observed symptom: arm movement slow after hydraulic oil warms.,Temperature and pressure checks,loss of accumulator pre-charge,tested pilot pressure and inspected pilot circuit,Cylinder seal kit,Leak test passed,1.88,6.66,39403.82,2024-11-15,Closed,"Technician checked Arm Cylinder, recorded reported symptom, performed required service action, and completed post-service test."
SR-00589,MR-00589,EQ-0197,TECH-0853,2024-05-15,Condition-Based,Night,2835,Swing Motor: Internal pump leakage; observed symptom: hydraulic oil temperature rises during continuous operation.,Visual inspection and pressure test,damaged cylinder seal,"drained contaminated oil, flushed circuit and refilled with filtered oil",Pump seal kit,Functional test passed,14.78,10.91,36142.43,2024-11-15,Closed,"Technician checked Swing Motor, recorded reported symptom, performed required service action, and completed post-service test."
SR-00590,MR-00590,EQ-0115,TECH-0104,2024-05-15,Inspection,Night,10840,Hydraulic Filter: Pilot pressure drop; observed symptom: arm movement slow after hydraulic oil warms.,Operational test under load,blocked cooler core,"drained contaminated oil, flushed circuit and refilled with filtered oil",Hydraulic hose,Operational test passed,10.04,4.31,57310.89,2024-11-15,Follow-up Required,"Technician checked Hydraulic Filter, recorded reported symptom, performed required service action, and completed post-service test."
SR-00591,MR-00591,EQ-0229,TECH-0567,2024-05-15,Inspection,Evening,1710,Arm Cylinder: Accumulator pressure loss; observed symptom: arm movement slow after hydraulic oil warms.,Operational test under load,loss of accumulator pre-charge,replaced damaged hose and pressure-tested circuit,Valve O-rings,Operational test passed,3.0,11.55,74949.83,2024-11-15,Follow-up Required,"Technician checked Arm Cylinder, recorded reported symptom, performed required service action, and completed post-service test."
SR-00592,MR-00592,EQ-0103,TECH-0460,2024-05-15,Corrective,Night,13680,Oil Cooler: Cooler restriction; observed symptom: hydraulic flow is low at operating temperature.,Temperature and pressure checks,high oil temperature,tested pilot pressure and inspected pilot circuit,Hydraulic filter,Leak test passed,10.76,1.78,43622.34,2024-11-15,Follow-up Required,"Technician checked Oil Cooler, recorded reported symptom, performed required service action, and completed post-service test."
SR-00593,MR-00593,EQ-0150,TECH-0221,2024-05-15,Corrective,Night,15319,Bucket Cylinder: Internal pump leakage; observed symptom: hydraulic oil temperature rises during continuous operation.,Filter inspection and fluid condition check,contaminated hydraulic oil,"drained contaminated oil, flushed circuit and refilled with filtered oil",Hydraulic hose,Leak test passed,9.51,4.57,44573.57,2024-11-15,Completed - Monitor,"Technician checked Bucket Cylinder, recorded reported symptom, performed required service action, and completed post-service test."
SR-00594,MR-00594,EQ-0199,TECH-0511,2024-05-15,Preventive,Evening,6068,Hydraulic Filter: Internal pump leakage; observed symptom: hydraulic flow is low at operating temperature.,Visual inspection and pressure test,air entering suction line,replaced damaged hose and pressure-tested circuit,Return filter element,Pressure test passed,13.88,0.68,43139.42,2024-11-15,Closed,"Technician checked Hydraulic Filter, recorded reported symptom, performed required service action, and completed post-service test."
SR-00595,MR-00595,EQ-0105,TECH-0497,2024-05-15,Preventive,Day,2365,Travel Motor: Filter blockage; observed symptom: pump noise increases during operation.,Operational test under load,high oil temperature,inspected hydraulic circuit and isolated affected component,Valve O-rings,Functional test passed,12.18,7.05,18395.5,2024-11-15,Follow-up Required,"Technician checked Travel Motor, recorded reported symptom, performed required service action, and completed post-service test."
SR-00596,MR-00596,EQ-0223,TECH-0929,2024-05-15,Inspection,Evening,7822,Arm Cylinder: Valve spool binding; observed symptom: hydraulic flow is low at operating temperature.,Operational test under load,blocked cooler core,tested pilot pressure and inspected pilot circuit,Hydraulic oil,Leak test passed,9.51,11.96,58041.05,2024-11-15,Completed,"Technician checked Arm Cylinder, recorded reported symptom, performed required service action, and completed post-service test."
SR-00597,MR-00597,EQ-0113,TECH-0315,2024-05-15,Corrective,Evening,15727,Hydraulic Line: Pilot pressure drop; observed symptom: travel function loses power on incline.,Visual inspection and pressure test,air entering suction line,replaced damaged hose and pressure-tested circuit,Cooler gasket set,Pressure test passed,6.03,6.05,16887.89,2024-11-15,Completed - Monitor,"Technician checked Hydraulic Line, recorded reported symptom, performed required service action, and completed post-service test."
SR-00598,MR-00598,EQ-0212,TECH-0613,2024-05-15,Corrective,Day,7338,Hydraulic Line: Oil contamination; observed symptom: bucket cylinder leaking externally.,Visual inspection and pressure test,air entering suction line,tested pilot pressure and inspected pilot circuit,Hydraulic oil,Operational test passed,6.57,10.75,39274.79,2024-11-15,Completed - Monitor,"Technician checked Hydraulic Line, recorded reported symptom, performed required service action, and completed post-service test."
SR-00599,MR-00599,EQ-0143,TECH-0733,2024-05-15,Preventive,Evening,12328,Accumulator: Cylinder seal wear; observed symptom: hydraulic oil temperature rises during continuous operation.,Temperature and pressure checks,air entering suction line,"drained contaminated oil, flushed circuit and refilled with filtered oil",Hydraulic oil,Leak test passed,11.21,4.54,45159.42,2024-11-15,Completed - Monitor,"Technician checked Accumulator, recorded reported symptom, performed required service action, and completed post-service test."
SR-00600,MR-00600,EQ-0109,TECH-0860,2024-05-15,Corrective,Day,18231,Boom Cylinder: Pilot pressure drop; observed symptom: arm movement slow after hydraulic oil warms.,Filter inspection and fluid condition check,high oil temperature,tested pilot pressure and inspected pilot circuit,Return filter element,Operational test passed,13.3,7.9,31568.53,2024-11-15,Follow-up Required,"Technician checked Boom Cylinder, recorded reported symptom, performed required service action, and completed post-service test."
SR-00601,MR-00601,EQ-0235,TECH-0212,2024-05-15,Corrective,Evening,10404,Hydraulic Pump: Line restriction; observed symptom: arm movement slow after hydraulic oil warms.,Visual inspection and pressure test,blocked cooler core,inspected hydraulic circuit and isolated affected component,Cylinder seal kit,Leak test passed,4.61,6.98,16423.34,2024-11-15,Follow-up Required,"Technician checked Hydraulic Pump, recorded reported symptom, performed required service action, and completed post-service test."
SR-00602,MR-00602,EQ-0207,TECH-0908,2024-05-15,Corrective,Evening,9158,Hydraulic Line: Oil contamination; observed symptom: arm movement slow after hydraulic oil warms.,Filter inspection and fluid condition check,blocked cooler core,tested pilot pressure and inspected pilot circuit,Cooler gasket set,Functional test passed,3.19,3.35,15991.31,2024-11-15,Closed,"Technician checked Hydraulic Line, recorded reported symptom, performed required service action, and completed post-service test."
SR-00603,MR-00603,EQ-0199,TECH-0652,2024-05-15,Preventive,Night,15994,Hydraulic Oil: Pilot pressure drop; observed symptom: pump noise increases during operation.,Temperature and pressure checks,high oil temperature,"drained contaminated oil, flushed circuit and refilled with filtered oil",Return filter element,Operational test passed,7.66,9.92,9403.14,2024-11-15,Completed - Monitor,"Technician checked Hydraulic Oil, recorded reported symptom, performed required service action, and completed post-service test."
SR-00604,MR-00604,EQ-0152,TECH-0863,2024-05-15,Condition-Based,Night,13825,Oil Cooler: Filter blockage; observed symptom: hydraulic oil temperature rises during continuous operation.,Operational test under load,damaged cylinder seal,inspected hydraulic circuit and isolated affected component,Cooler gasket set,Pressure test passed,12.63,11.44,24766.44,2024-11-15,Completed,"Technician checked Oil Cooler, recorded reported symptom, performed required service action, and completed post-service test."
SR-00605,MR-00605,EQ-0176,TECH-0598,2024-05-15,Condition-Based,Day,5627,Swing Motor: Valve spool binding; observed symptom: hydraulic oil temperature rises during continuous operation.,Operational test under load,blocked cooler core,"drained contaminated oil, flushed circuit and refilled with filtered oil",Pump seal kit,Functional test passed,2.71,7.71,61092.05,2024-11-15,Completed,"Technician checked Swing Motor, recorded reported symptom, performed required service action, and completed post-service test."
SR-00606,MR-00606,EQ-0154,TECH-0941,2024-05-15,Condition-Based,Night,10776,Hydraulic Filter: Valve spool binding; observed symptom: hydraulic flow is low at operating temperature.,Visual inspection and pressure test,air entering suction line,tested pilot pressure and inspected pilot circuit,Valve O-rings,Leak test passed,14.36,5.16,24949.46,2024-11-15,Closed,"Technician checked Hydraulic Filter, recorded reported symptom, performed required service action, and completed post-service test."
SR-00607,MR-00607,EQ-0116,TECH-0611,2024-05-15,Condition-Based,Day,12498,Pilot System: Pilot pressure drop; observed symptom: arm movement slow after hydraulic oil warms.,Filter inspection and fluid condition check,loss of accumulator pre-charge,replaced damaged hose and pressure-tested circuit,Hydraulic filter,Leak test passed,14.82,6.23,30047.09,2024-11-15,Completed - Monitor,"Technician checked Pilot System, recorded reported symptom, performed required service action, and completed post-service test."
SR-00608,MR-00608,EQ-0164,TECH-0386,2024-05-15,Preventive,Day,11206,Oil Cooler: Accumulator pressure loss; observed symptom: hydraulic oil temperature rises during continuous operation.,Filter inspection and fluid condition check,high oil temperature,replaced damaged hose and pressure-tested circuit,Hydraulic filter,Leak test passed,3.47,3.43,26187.79,2024-11-15,Completed - Monitor,"Technician checked Oil Cooler, recorded reported symptom, performed required service action, and completed post-service test."
SR-00609,MR-00609,EQ-0157,TECH-0812,2024-05-15,Preventive,Evening,17625,Oil Cooler: Internal pump leakage; observed symptom: hydraulic flow is low at operating temperature.,Temperature and pressure checks,air entering suction line,"drained contaminated oil, flushed circuit and refilled with filtered oil",Hydraulic hose,Functional test passed,9.99,9.81,51509.14,2024-11-15,Closed,"Technician checked Oil Cooler, recorded reported symptom, performed required service action, and completed post-service test."
SR-00610,MR-00610,EQ-0240,TECH-0758,2024-05-15,Condition-Based,Day,15781,Arm Cylinder: Line restriction; observed symptom: bucket cylinder leaking externally.,Visual inspection and pressure test,high oil temperature,inspected hydraulic circuit and isolated affected component,Cylinder seal kit,Operational test passed,7.71,8.21,41512.22,2024-11-15,Follow-up Required,"Technician checked Arm Cylinder, recorded reported symptom, performed required service action, and completed post-service test."
SR-00611,MR-00611,EQ-0157,TECH-0371,2024-05-15,Preventive,Evening,14493,Arm Cylinder: Internal pump leakage; observed symptom: bucket cylinder leaking externally.,Filter inspection and fluid condition check,high oil temperature,replaced damaged hose and pressure-tested circuit,Cooler gasket set,Pressure test passed,11.35,1.44,18206.54,2024-11-15,Completed - Monitor,"Technician checked Arm Cylinder, recorded reported symptom, performed required service action, and completed post-service test."
SR-00612,MR-00612,EQ-0225,TECH-0574,2024-05-15,Condition-Based,Day,10796,Hydraulic Line: Internal pump leakage; observed symptom: arm movement slow after hydraulic oil warms.,Filter inspection and fluid condition check,contaminated hydraulic oil,replaced damaged hose and pressure-tested circuit,Hydraulic filter,Pressure test passed,6.43,3.55,53693.88,2024-11-15,Closed,"Technician checked Hydraulic Line, recorded reported symptom, performed required service action, and completed post-service test."
SR-00613,MR-00613,EQ-0217,TECH-0162,2024-05-15,Preventive,Evening,13459,Accumulator: Air ingress; observed symptom: arm movement slow after hydraulic oil warms.,Operational test under load,loss of accumulator pre-charge,"drained contaminated oil, flushed circuit and refilled with filtered oil",Hydraulic oil,Operational test passed,15.48,3.99,22299.83,2024-11-15,Completed,"Technician checked Accumulator, recorded reported symptom, performed required service action, and completed post-service test."
SR-00614,MR-00614,EQ-0136,TECH-0865,2024-05-15,Preventive,Day,5609,Travel Motor: Filter blockage; observed symptom: hydraulic flow is low at operating temperature.,Visual inspection and pressure test,high oil temperature,replaced damaged hose and pressure-tested circuit,Valve O-rings,Pressure test passed,8.35,10.83,71253.56,2024-11-15,Completed,"Technician checked Travel Motor, recorded reported symptom, performed required service action, and completed post-service test."
SR-00615,MR-00615,EQ-0234,TECH-0752,2024-05-15,Preventive,Evening,10936,Main Control Valve: Oil contamination; observed symptom: pump noise increases during operation.,Temperature and pressure checks,air entering suction line,inspected hydraulic circuit and isolated affected component,Cooler gasket set,Pressure test passed,11.42,11.58,65391.39,2024-11-15,Completed,"Technician checked Main Control Valve, recorded reported symptom, performed required service action, and completed post-service test."
SR-00616,MR-00616,EQ-0163,TECH-0929,2024-05-15,Corrective,Night,12419,Main Control Valve: Pilot pressure drop; observed symptom: travel function loses power on incline.,Filter inspection and fluid condition check,loss of accumulator pre-charge,inspected hydraulic circuit and isolated affected component,Valve O-rings,Pressure test passed,8.23,9.86,39859.56,2024-11-15,Follow-up Required,"Technician checked Main Control Valve, recorded reported symptom, performed required service action, and completed post-service test."
SR-00617,MR-00617,EQ-0206,TECH-0283,2024-05-15,Corrective,Evening,6457,Boom Cylinder: Valve spool binding; observed symptom: arm movement slow after hydraulic oil warms.,Operational test under load,air entering suction line,replaced damaged hose and pressure-tested circuit,Cooler gasket set,Functional test passed,11.92,7.05,15974.99,2024-11-15,Closed,"Technician checked Boom Cylinder, recorded reported symptom, performed required service action, and completed post-service test."
SR-00618,MR-00618,EQ-0227,TECH-0523,2024-05-15,Inspection,Day,2550,Hydraulic Filter: Valve spool binding; observed symptom: bucket cylinder leaking externally.,Operational test under load,damaged cylinder seal,"drained contaminated oil, flushed circuit and refilled with filtered oil",Cooler gasket set,Functional test passed,14.02,1.5,46420.04,2024-11-15,Follow-up Required,"Technician checked Hydraulic Filter, recorded reported symptom, performed required service action, and completed post-service test."
SR-00619,MR-00619,EQ-0218,TECH-0183,2024-05-15,Inspection,Evening,14819,Oil Cooler: Accumulator pressure loss; observed symptom: hydraulic oil temperature rises during continuous operation.,Operational test under load,damaged cylinder seal,"drained contaminated oil, flushed circuit and refilled with filtered oil",Hydraulic oil,Functional test passed,13.38,4.84,59186.41,2024-11-15,Completed,"Technician checked Oil Cooler, recorded reported symptom, performed required service action, and completed post-service test."
SR-00620,MR-00620,EQ-0225,TECH-0368,2024-05-15,Condition-Based,Day,17108,Pilot System: Pilot pressure drop; observed symptom: travel function loses power on incline.,Temperature and pressure checks,high oil temperature,"drained contaminated oil, flushed circuit and refilled with filtered oil",Cooler gasket set,Operational test passed,14.62,11.49,19309.67,2024-11-15,Follow-up Required,"Technician checked Pilot System, recorded reported symptom, performed required service action, and completed post-service test."
SR-00621,MR-00621,EQ-0118,TECH-0402,2024-05-15,Corrective,Night,7788,Main Control Valve: Air ingress; observed symptom: hydraulic oil temperature rises during continuous operation.,Visual inspection and pressure test,contaminated hydraulic oil,tested pilot pressure and inspected pilot circuit,Hydraulic oil,Pressure test passed,3.77,3.42,46827.18,2024-11-15,Closed,"Technician checked Main Control Valve, recorded reported symptom, performed required service action, and completed post-service test."
SR-00622,MR-00622,EQ-0210,TECH-0870,2024-05-15,Preventive,Night,2747,Boom Cylinder: Filter blockage; observed symptom: bucket cylinder leaking externally.,Visual inspection and pressure test,air entering suction line,inspected hydraulic circuit and isolated affected component,Hydraulic hose,Operational test passed,7.06,6.43,55382.21,2024-11-15,Completed,"Technician checked Boom Cylinder, recorded reported symptom, performed required service action, and completed post-service test."
SR-00623,MR-00623,EQ-0240,TECH-0241,2024-05-15,Corrective,Evening,16228,Hydraulic Oil: Air ingress; observed symptom: pump noise increases during operation.,Visual inspection and pressure test,loss of accumulator pre-charge,tested pilot pressure and inspected pilot circuit,Cooler gasket set,Pressure test passed,10.44,10.29,18146.38,2024-11-15,Closed,"Technician checked Hydraulic Oil, recorded reported symptom, performed required service action, and completed post-service test."
SR-00624,MR-00624,EQ-0193,TECH-0947,2024-05-15,Preventive,Night,3112,Hydraulic Oil: Internal pump leakage; observed symptom: pump noise increases during operation.,Filter inspection and fluid condition check,loss of accumulator pre-charge,replaced damaged hose and pressure-tested circuit,Valve O-rings,Functional test passed,13.82,10.46,61978.28,2024-11-15,Follow-up Required,"Technician checked Hydraulic Oil, recorded reported symptom, performed required service action, and completed post-service test."
SR-00625,MR-00625,EQ-0178,TECH-0864,2024-05-15,Condition-Based,Night,11316,Hydraulic Line: Oil contamination; observed symptom: bucket cylinder leaking externally.,Operational test under load,high oil temperature,replaced damaged hose and pressure-tested circuit,Hydraulic oil,Functional test passed,10.5,11.58,54319.35,2024-11-15,Closed,"Technician checked Hydraulic Line, recorded reported symptom, performed required service action, and completed post-service test."
SR-00626,MR-00626,EQ-0169,TECH-0209,2024-05-15,Preventive,Evening,5926,Hydraulic Filter: Accumulator pressure loss; observed symptom: hydraulic oil temperature rises during continuous operation.,Filter inspection and fluid condition check,loss of accumulator pre-charge,inspected hydraulic circuit and isolated affected component,Cylinder seal kit,Leak test passed,14.63,0.93,52493.29,2024-11-15,Completed,"Technician checked Hydraulic Filter, recorded reported symptom, performed required service action, and completed post-service test."
SR-00627,MR-00627,EQ-0130,TECH-0256,2024-05-15,Condition-Based,Evening,4709,Hydraulic Oil: Pilot pressure drop; observed symptom: pump noise increases during operation.,Visual inspection and pressure test,loss of accumulator pre-charge,"drained contaminated oil, flushed circuit and refilled with filtered oil",Hydraulic filter,Functional test passed,4.31,2.64,23500.06,2024-11-15,Completed - Monitor,"Technician checked Hydraulic Oil, recorded reported symptom, performed required service action, and completed post-service test."
SR-00628,MR-00628,EQ-0175,TECH-0925,2024-05-15,Inspection,Night,8342,Boom Cylinder: Oil contamination; observed symptom: hydraulic oil temperature rises during continuous operation.,Temperature and pressure checks,blocked cooler core,tested pilot pressure and inspected pilot circuit,Hydraulic hose,Pressure test passed,10.03,3.48,52609.13,2024-11-15,Completed,"Technician checked Boom Cylinder, recorded reported symptom, performed required service action, and completed post-service test."
SR-00629,MR-00629,EQ-0175,TECH-0584,2024-05-15,Inspection,Day,7002,Swing Motor: Air ingress; observed symptom: travel function loses power on incline.,Filter inspection and fluid condition check,loss of accumulator pre-charge,tested pilot pressure and inspected pilot circuit,Hydraulic oil,Operational test passed,14.09,4.95,44788.46,2024-11-15,Closed,"Technician checked Swing Motor, recorded reported symptom, performed required service action, and completed post-service test."
SR-00630,MR-00630,EQ-0118,TECH-0184,2024-05-15,Corrective,Day,3253,Swing Motor: Accumulator pressure loss; observed symptom: arm movement slow after hydraulic oil warms.,Temperature and pressure checks,high oil temperature,tested pilot pressure and inspected pilot circuit,Hydraulic hose,Functional test passed,3.69,9.88,74834.84,2024-11-15,Closed,"Technician checked Swing Motor, recorded reported symptom, performed required service action, and completed post-service test."
SR-00631,MR-00631,EQ-0144,TECH-0967,2024-05-15,Preventive,Day,12686,Swing Motor: Valve spool binding; observed symptom: hydraulic flow is low at operating temperature.,Filter inspection and fluid condition check,air entering suction line,inspected hydraulic circuit and isolated affected component,Hydraulic oil,Leak test passed,6.78,8.19,31724.36,2024-11-15,Follow-up Required,"Technician checked Swing Motor, recorded reported symptom, performed required service action, and completed post-service test."
SR-00632,MR-00632,EQ-0151,TECH-0965,2024-05-15,Corrective,Evening,3335,Main Control Valve: Cylinder seal wear; observed symptom: pump noise increases during operation.,Temperature and pressure checks,high oil temperature,"drained contaminated oil, flushed circuit and refilled with filtered oil",Cooler gasket set,Functional test passed,5.47,7.66,15722.3,2024-11-15,Closed,"Technician checked Main Control Valve, recorded reported symptom, performed required service action, and completed post-service test."
SR-00633,MR-00633,EQ-0154,TECH-0342,2024-05-15,Inspection,Evening,17683,Accumulator: Pilot pressure drop; observed symptom: hydraulic flow is low at operating temperature.,Temperature and pressure checks,contaminated hydraulic oil,inspected hydraulic circuit and isolated affected component,Cooler gasket set,Leak test passed,11.32,4.86,75329.31,2024-11-15,Completed,"Technician checked Accumulator, recorded reported symptom, performed required service action, and completed post-service test."
SR-00634,MR-00634,EQ-0157,TECH-0314,2024-05-15,Preventive,Evening,4587,Main Control Valve: Air ingress; observed symptom: travel function loses power on incline.,Filter inspection and fluid condition check,high oil temperature,replaced damaged hose and pressure-tested circuit,Return filter element,Operational test passed,10.67,1.89,66733.09,2024-11-15,Completed - Monitor,"Technician checked Main Control Valve, recorded reported symptom, performed required service action, and completed post-service test."
SR-00635,MR-00635,EQ-0138,TECH-0565,2024-05-15,Preventive,Night,12675,Boom Cylinder: Internal pump leakage; observed symptom: arm movement slow after hydraulic oil warms.,Filter inspection and fluid condition check,blocked cooler core,tested pilot pressure and inspected pilot circuit,Cooler gasket set,Operational test passed,6.12,9.72,46416.46,2024-11-15,Closed,"Technician checked Boom Cylinder, recorded reported symptom, performed required service action, and completed post-service test."
SR-00636,MR-00636,EQ-0103,TECH-0180,2024-05-15,Condition-Based,Day,12090,Main Control Valve: Cooler restriction; observed symptom: travel function loses power on incline.,Filter inspection and fluid condition check,damaged cylinder seal,tested pilot pressure and inspected pilot circuit,Hydraulic oil,Leak test passed,9.66,11.26,76114.37,2024-11-15,Completed - Monitor,"Technician checked Main Control Valve, recorded reported symptom, performed required service action, and completed post-service test."
SR-00637,MR-00637,EQ-0148,TECH-0779,2024-05-15,Inspection,Day,13335,Swing Motor: Pilot pressure drop; observed symptom: travel function loses power on incline.,Temperature and pressure checks,blocked cooler core,"drained contaminated oil, flushed circuit and refilled with filtered oil",Hydraulic oil,Operational test passed,1.05,3.04,32958.22,2024-11-15,Completed,"Technician checked Swing Motor, recorded reported symptom, performed required service action, and completed post-service test."
SR-00638,MR-00638,EQ-0237,TECH-0506,2024-05-15,Inspection,Night,15560,Hydraulic Oil: Air ingress; observed symptom: travel function loses power on incline.,Operational test under load,damaged cylinder seal,"drained contaminated oil, flushed circuit and refilled with filtered oil",Cylinder seal kit,Functional test passed,13.03,5.31,68194.93,2024-11-15,Completed - Monitor,"Technician checked Hydraulic Oil, recorded reported symptom, performed required service action, and completed post-service test."
SR-00639,MR-00639,EQ-0228,TECH-0888,2024-05-15,Condition-Based,Night,7901,Oil Cooler: Filter blockage; observed symptom: hydraulic flow is low at operating temperature.,Filter inspection and fluid condition check,loss of accumulator pre-charge,"drained contaminated oil, flushed circuit and refilled with filtered oil",Hydraulic hose,Pressure test passed,4.98,5.29,22110.05,2024-11-15,Completed,"Technician checked Oil Cooler, recorded reported symptom, performed required service action, and completed post-service test."
SR-00640,MR-00640,EQ-0219,TECH-0750,2024-05-15,Preventive,Day,16677,Pilot System: Line restriction; observed symptom: hydraulic flow is low at operating temperature.,Visual inspection and pressure test,high oil temperature,inspected hydraulic circuit and isolated affected component,Cylinder seal kit,Operational test passed,12.19,5.69,22039.89,2024-11-15,Follow-up Required,"Technician checked Pilot System, recorded reported symptom, performed required service action, and completed post-service test."
SR-00641,MR-00641,EQ-0186,TECH-0484,2024-05-15,Inspection,Day,8852,Pilot System: Accumulator pressure loss; observed symptom: arm movement slow after hydraulic oil warms.,Filter inspection and fluid condition check,loss of accumulator pre-charge,"drained contaminated oil, flushed circuit and refilled with filtered oil",Valve O-rings,Operational test passed,2.94,7.74,34044.62,2024-11-15,Follow-up Required,"Technician checked Pilot System, recorded reported symptom, performed required service action, and completed post-service test."
SR-00642,MR-00642,EQ-0202,TECH-0640,2024-05-15,Preventive,Evening,3642,Accumulator: Air ingress; observed symptom: bucket cylinder leaking externally.,Visual inspection and pressure test,damaged cylinder seal,inspected hydraulic circuit and isolated affected component,Cylinder seal kit,Operational test passed,14.15,10.76,56610.7,2024-11-15,Closed,"Technician checked Accumulator, recorded reported symptom, performed required service action, and completed post-service test."
SR-00643,MR-00643,EQ-0210,TECH-0258,2024-05-15,Condition-Based,Night,15696,Hydraulic Line: Line restriction; observed symptom: hydraulic flow is low at operating temperature.,Filter inspection and fluid condition check,high oil temperature,"drained contaminated oil, flushed circuit and refilled with filtered oil",Cylinder seal kit,Operational test passed,9.66,9.02,16207.62,2024-11-15,Follow-up Required,"Technician checked Hydraulic Line, recorded reported symptom, performed required service action, and completed post-service test."
SR-00644,MR-00644,EQ-0240,TECH-0186,2024-05-15,Condition-Based,Evening,6016,Hydraulic Oil: Pilot pressure drop; observed symptom: pump noise increases during operation.,Operational test under load,high oil temperature,"drained contaminated oil, flushed circuit and refilled with filtered oil",Valve O-rings,Operational test passed,12.5,11.66,62714.12,2024-11-15,Completed,"Technician checked Hydraulic Oil, recorded reported symptom, performed required service action, and completed post-service test."
SR-00645,MR-00645,EQ-0182,TECH-0407,2024-05-15,Condition-Based,Evening,12038,Main Control Valve: Accumulator pressure loss; observed symptom: hydraulic oil temperature rises during continuous operation.,Temperature and pressure checks,blocked cooler core,"drained contaminated oil, flushed circuit and refilled with filtered oil",Valve O-rings,Leak test passed,9.45,3.17,30490.67,2024-11-15,Follow-up Required,"Technician checked Main Control Valve, recorded reported symptom, performed required service action, and completed post-service test."
SR-00646,MR-00646,EQ-0104,TECH-0329,2024-05-15,Inspection,Evening,10004,Hydraulic Filter: Line restriction; observed symptom: hydraulic oil temperature rises during continuous operation.,Visual inspection and pressure test,contaminated hydraulic oil,inspected hydraulic circuit and isolated affected component,Pump seal kit,Pressure test passed,5.54,8.55,23136.12,2024-11-15,Completed,"Technician checked Hydraulic Filter, recorded reported symptom, performed required service action, and completed post-service test."
SR-00647,MR-00647,EQ-0143,TECH-0541,2024-05-15,Corrective,Day,10678,Accumulator: Cylinder seal wear; observed symptom: bucket cylinder leaking externally.,Operational test under load,high oil temperature,replaced damaged hose and pressure-tested circuit,Cylinder seal kit,Operational test passed,4.13,10.74,40698.34,2024-11-15,Follow-up Required,"Technician checked Accumulator, recorded reported symptom, performed required service action, and completed post-service test."
SR-00648,MR-00648,EQ-0176,TECH-0100,2024-05-15,Condition-Based,Night,11779,Hydraulic Filter: Filter blockage; observed symptom: travel function loses power on incline.,Visual inspection and pressure test,loss of accumulator pre-charge,"drained contaminated oil, flushed circuit and refilled with filtered oil",Return filter element,Functional test passed,1.1,7.4,26986.08,2024-11-15,Completed,"Technician checked Hydraulic Filter, recorded reported symptom, performed required service action, and completed post-service test."
SR-00649,MR-00649,EQ-0141,TECH-0406,2024-05-15,Corrective,Day,7496,Main Control Valve: Air ingress; observed symptom: arm movement slow after hydraulic oil warms.,Temperature and pressure checks,loss of accumulator pre-charge,tested pilot pressure and inspected pilot circuit,Cooler gasket set,Pressure test passed,1.38,2.48,43137.81,2024-11-15,Follow-up Required,"Technician checked Main Control Valve, recorded reported symptom, performed required service action, and completed post-service test."
SR-00650,MR-00650,EQ-0229,TECH-0743,2024-05-15,Condition-Based,Day,8688,Hydraulic Filter: Accumulator pressure loss; observed symptom: travel function loses power on incline.,Operational test under load,high oil temperature,"drained contaminated oil, flushed circuit and refilled with filtered oil",Valve O-rings,Pressure test passed,13.54,2.7,51590.84,2024-11-15,Completed,"Technician checked Hydraulic Filter, recorded reported symptom, performed required service action, and completed post-service test."
SR-00651,MR-00651,EQ-0215,TECH-0653,2024-05-15,Inspection,Day,9081,Arm Cylinder: Air ingress; observed symptom: arm movement slow after hydraulic oil warms.,Visual inspection and pressure test,loss of accumulator pre-charge,tested pilot pressure and inspected pilot circuit,Hydraulic oil,Leak test passed,13.84,7.31,72291.68,2024-11-15,Completed - Monitor,"Technician checked Arm Cylinder, recorded reported symptom, performed required service action, and completed post-service test."
SR-00652,MR-00652,EQ-0143,TECH-0357,2024-05-15,Condition-Based,Night,5292,Pilot System: Cooler restriction; observed symptom: hydraulic flow is low at operating temperature.,Visual inspection and pressure test,loss of accumulator pre-charge,tested pilot pressure and inspected pilot circuit,Hydraulic oil,Leak test passed,7.89,9.44,36871.69,2024-11-15,Closed,"Technician checked Pilot System, recorded reported symptom, performed required service action, and completed post-service test."
SR-00653,MR-00653,EQ-0236,TECH-0997,2024-05-15,Corrective,Evening,13784,Hydraulic Filter: Line restriction; observed symptom: travel function loses power on incline.,Visual inspection and pressure test,high oil temperature,replaced damaged hose and pressure-tested circuit,Pump seal kit,Operational test passed,15.07,10.83,16692.33,2024-11-15,Completed,"Technician checked Hydraulic Filter, recorded reported symptom, performed required service action, and completed post-service test."
SR-00654,MR-00654,EQ-0183,TECH-0290,2024-05-15,Inspection,Day,14981,Hydraulic Oil: Line restriction; observed symptom: bucket cylinder leaking externally.,Filter inspection and fluid condition check,loss of accumulator pre-charge,replaced damaged hose and pressure-tested circuit,Hydraulic filter,Pressure test passed,2.45,10.29,28259.23,2024-11-15,Follow-up Required,"Technician checked Hydraulic Oil, recorded reported symptom, performed required service action, and completed post-service test."
SR-00655,MR-00655,EQ-0183,TECH-0298,2024-05-15,Condition-Based,Night,6542,Travel Motor: Air ingress; observed symptom: travel function loses power on incline.,Visual inspection and pressure test,contaminated hydraulic oil,"drained contaminated oil, flushed circuit and refilled with filtered oil",Hydraulic hose,Operational test passed,8.0,8.47,46373.28,2024-11-15,Completed,"Technician checked Travel Motor, recorded reported symptom, performed required service action, and completed post-service test."
SR-00656,MR-00656,EQ-0230,TECH-0399,2024-05-15,Inspection,Evening,6028,Pilot System: Filter blockage; observed symptom: travel function loses power on incline.,Operational test under load,air entering suction line,tested pilot pressure and inspected pilot circuit,Cooler gasket set,Pressure test passed,4.7,2.74,74654.22,2024-11-15,Follow-up Required,"Technician checked Pilot System, recorded reported symptom, performed required service action, and completed post-service test."
SR-00657,MR-00657,EQ-0227,TECH-0156,2024-05-15,Condition-Based,Evening,9331,Swing Motor: Filter blockage; observed symptom: hydraulic oil temperature rises during continuous operation.,Temperature and pressure checks,high oil temperature,inspected hydraulic circuit and isolated affected component,Hydraulic filter,Operational test passed,5.05,11.48,14369.31,2024-11-15,Closed,"Technician checked Swing Motor, recorded reported symptom, performed required service action, and completed post-service test."
SR-00658,MR-00658,EQ-0217,TECH-0785,2024-05-15,Condition-Based,Day,7409,Pilot System: Line restriction; observed symptom: pump noise increases during operation.,Operational test under load,contaminated hydraulic oil,inspected hydraulic circuit and isolated affected component,Hydraulic hose,Leak test passed,9.65,8.71,52803.64,2024-11-15,Follow-up Required,"Technician checked Pilot System, recorded reported symptom, performed required service action, and completed post-service test."
SR-00659,MR-00659,EQ-0233,TECH-0399,2024-05-15,Corrective,Evening,18080,Hydraulic Pump: Cooler restriction; observed symptom: bucket cylinder leaking externally.,Operational test under load,damaged cylinder seal,replaced damaged hose and pressure-tested circuit,Cooler gasket set,Functional test passed,10.4,9.39,67324.6,2024-11-15,Completed - Monitor,"Technician checked Hydraulic Pump, recorded reported symptom, performed required service action, and completed post-service test."
SR-00660,MR-00660,EQ-0165,TECH-0897,2024-05-15,Inspection,Day,5825,Hydraulic Pump: Pilot pressure drop; observed symptom: bucket cylinder leaking externally.,Filter inspection and fluid condition check,contaminated hydraulic oil,replaced damaged hose and pressure-tested circuit,Cylinder seal kit,Functional test passed,7.9,3.62,74838.87,2024-11-15,Closed,"Technician checked Hydraulic Pump, recorded reported symptom, performed required service action, and completed post-service test."
SR-00661,MR-00661,EQ-0191,TECH-0109,2024-05-15,Condition-Based,Night,12255,Accumulator: Filter blockage; observed symptom: arm movement slow after hydraulic oil warms.,Visual inspection and pressure test,contaminated hydraulic oil,tested pilot pressure and inspected pilot circuit,Hydraulic filter,Operational test passed,3.64,3.24,63642.36,2024-11-15,Closed,"Technician checked Accumulator, recorded reported symptom, performed required service action, and completed post-service test."
SR-00662,MR-00662,EQ-0158,TECH-0692,2024-05-15,Preventive,Day,5063,Travel Motor: Cylinder seal wear; observed symptom: arm movement slow after hydraulic oil warms.,Operational test under load,damaged cylinder seal,replaced damaged hose and pressure-tested circuit,Hydraulic hose,Operational test passed,13.69,5.74,46774.88,2024-11-15,Completed - Monitor,"Technician checked Travel Motor, recorded reported symptom, performed required service action, and completed post-service test."
SR-00663,MR-00663,EQ-0106,TECH-0424,2024-05-15,Inspection,Night,4046,Oil Cooler: Oil contamination; observed symptom: travel function loses power on incline.,Operational test under load,air entering suction line,replaced damaged hose and pressure-tested circuit,Pump seal kit,Leak test passed,10.29,8.42,33535.21,2024-11-15,Follow-up Required,"Technician checked Oil Cooler, recorded reported symptom, performed required service action, and completed post-service test."
SR-00664,MR-00664,EQ-0190,TECH-0641,2024-05-15,Corrective,Day,7322,Main Control Valve: Cooler restriction; observed symptom: hydraulic flow is low at operating temperature.,Operational test under load,blocked cooler core,tested pilot pressure and inspected pilot circuit,Hydraulic oil,Functional test passed,15.31,11.2,70113.71,2024-11-15,Follow-up Required,"Technician checked Main Control Valve, recorded reported symptom, performed required service action, and completed post-service test."
SR-00665,MR-00665,EQ-0171,TECH-0322,2024-05-15,Preventive,Night,15939,Hydraulic Pump: Cooler restriction; observed symptom: bucket cylinder leaking externally.,Filter inspection and fluid condition check,contaminated hydraulic oil,inspected hydraulic circuit and isolated affected component,Return filter element,Operational test passed,11.86,2.83,37464.43,2024-11-15,Completed - Monitor,"Technician checked Hydraulic Pump, recorded reported symptom, performed required service action, and completed post-service test."
SR-00666,MR-00666,EQ-0147,TECH-0404,2024-05-15,Inspection,Day,6648,Pilot System: Cylinder seal wear; observed symptom: hydraulic flow is low at operating temperature.,Temperature and pressure checks,loss of accumulator pre-charge,"drained contaminated oil, flushed circuit and refilled with filtered oil",Cooler gasket set,Leak test passed,15.36,11.52,22778.68,2024-11-15,Closed,"Technician checked Pilot System, recorded reported symptom, performed required service action, and completed post-service test."
SR-00667,MR-00667,EQ-0186,TECH-0954,2024-05-15,Preventive,Evening,17098,Bucket Cylinder: Pilot pressure drop; observed symptom: travel function loses power on incline.,Operational test under load,blocked cooler core,inspected hydraulic circuit and isolated affected component,Return filter element,Leak test passed,6.82,7.7,39979.0,2024-11-15,Follow-up Required,"Technician checked Bucket Cylinder, recorded reported symptom, performed required service action, and completed post-service test."
SR-00668,MR-00668,EQ-0136,TECH-0527,2024-05-15,Preventive,Night,16402,Pilot System: Oil contamination; observed symptom: hydraulic oil temperature rises during continuous operation.,Visual inspection and pressure test,blocked cooler core,replaced damaged hose and pressure-tested circuit,Cooler gasket set,Pressure test passed,5.91,5.46,35338.59,2024-11-15,Closed,"Technician checked Pilot System, recorded reported symptom, performed required service action, and completed post-service test."
SR-00669,MR-00669,EQ-0204,TECH-0592,2024-05-15,Preventive,Night,9976,Swing Motor: Air ingress; observed symptom: arm movement slow after hydraulic oil warms.,Visual inspection and pressure test,air entering suction line,inspected hydraulic circuit and isolated affected component,Hydraulic filter,Pressure test passed,15.32,9.9,32591.02,2024-11-15,Completed - Monitor,"Technician checked Swing Motor, recorded reported symptom, performed required service action, and completed post-service test."
SR-00670,MR-00670,EQ-0129,TECH-0357,2024-05-15,Condition-Based,Night,1744,Boom Cylinder: Oil contamination; observed symptom: hydraulic oil temperature rises during continuous operation.,Operational test under load,loss of accumulator pre-charge,inspected hydraulic circuit and isolated affected component,Hydraulic hose,Leak test passed,3.02,4.63,76356.84,2024-11-15,Completed - Monitor,"Technician checked Boom Cylinder, recorded reported symptom, performed required service action, and completed post-service test."
SR-00671,MR-00671,EQ-0183,TECH-0141,2024-05-15,Inspection,Day,8363,Oil Cooler: Oil contamination; observed symptom: bucket cylinder leaking externally.,Operational test under load,damaged cylinder seal,tested pilot pressure and inspected pilot circuit,Hydraulic hose,Functional test passed,2.78,10.81,18905.54,2024-11-15,Follow-up Required,"Technician checked Oil Cooler, recorded reported symptom, performed required service action, and completed post-service test."
SR-00672,MR-00672,EQ-0207,TECH-0695,2024-05-15,Inspection,Evening,7523,Hydraulic Oil: Cooler restriction; observed symptom: arm movement slow after hydraulic oil warms.,Operational test under load,damaged cylinder seal,inspected hydraulic circuit and isolated affected component,Hydraulic oil,Pressure test passed,13.65,10.08,13194.25,2024-11-15,Closed,"Technician checked Hydraulic Oil, recorded reported symptom, performed required service action, and completed post-service test."
SR-00673,MR-00673,EQ-0223,TECH-0306,2024-05-15,Condition-Based,Day,6016,Travel Motor: Cylinder seal wear; observed symptom: hydraulic flow is low at operating temperature.,Visual inspection and pressure test,high oil temperature,replaced damaged hose and pressure-tested circuit,Hydraulic hose,Pressure test passed,4.97,9.33,5313.11,2024-11-15,Follow-up Required,"Technician checked Travel Motor, recorded reported symptom, performed required service action, and completed post-service test."
SR-00674,MR-00674,EQ-0165,TECH-0482,2024-05-15,Corrective,Night,5588,Accumulator: Accumulator pressure loss; observed symptom: hydraulic flow is low at operating temperature.,Visual inspection and pressure test,blocked cooler core,"drained contaminated oil, flushed circuit and refilled with filtered oil",Return filter element,Leak test passed,14.45,9.5,13777.5,2024-11-15,Completed,"Technician checked Accumulator, recorded reported symptom, performed required service action, and completed post-service test."
SR-00675,MR-00675,EQ-0115,TECH-0600,2024-05-15,Inspection,Evening,13939,Hydraulic Filter: Oil contamination; observed symptom: bucket cylinder leaking externally.,Temperature and pressure checks,high oil temperature,"drained contaminated oil, flushed circuit and refilled with filtered oil",Hydraulic hose,Leak test passed,15.4,8.71,56302.58,2024-11-15,Completed,"Technician checked Hydraulic Filter, recorded reported symptom, performed required service action, and completed post-service test."
SR-00676,MR-00676,EQ-0144,TECH-0986,2024-05-15,Preventive,Day,2076,Main Control Valve: Oil contamination; observed symptom: pump noise increases during operation.,Filter inspection and fluid condition check,loss of accumulator pre-charge,replaced damaged hose and pressure-tested circuit,Hydraulic hose,Leak test passed,1.3,1.47,33860.64,2024-11-15,Closed,"Technician checked Main Control Valve, recorded reported symptom, performed required service action, and completed post-service test."
SR-00677,MR-00677,EQ-0224,TECH-0153,2024-05-15,Corrective,Day,16816,Hydraulic Pump: Valve spool binding; observed symptom: hydraulic oil temperature rises during continuous operation.,Temperature and pressure checks,high oil temperature,"drained contaminated oil, flushed circuit and refilled with filtered oil",Hydraulic oil,Operational test passed,5.65,4.33,43690.25,2024-11-15,Closed,"Technician checked Hydraulic Pump, recorded reported symptom, performed required service action, and completed post-service test."
SR-00678,MR-00678,EQ-0130,TECH-0962,2024-05-15,Preventive,Day,14990,Accumulator: Filter blockage; observed symptom: pump noise increases during operation.,Visual inspection and pressure test,damaged cylinder seal,replaced damaged hose and pressure-tested circuit,Hydraulic filter,Pressure test passed,12.4,5.31,4829.3,2024-11-15,Closed,"Technician checked Accumulator, recorded reported symptom, performed required service action, and completed post-service test."
SR-00679,MR-00679,EQ-0234,TECH-0146,2024-05-15,Inspection,Night,9369,Accumulator: Filter blockage; observed symptom: bucket cylinder leaking externally.,Temperature and pressure checks,damaged cylinder seal,tested pilot pressure and inspected pilot circuit,Valve O-rings,Operational test passed,14.27,11.47,19670.45,2024-11-15,Completed,"Technician checked Accumulator, recorded reported symptom, performed required service action, and completed post-service test."
SR-00680,MR-00680,EQ-0146,TECH-0472,2024-05-15,Corrective,Day,6069,Hydraulic Filter: Cooler restriction; observed symptom: travel function loses power on incline.,Filter inspection and fluid condition check,air entering suction line,tested pilot pressure and inspected pilot circuit,Valve O-rings,Functional test passed,3.09,0.97,64343.87,2024-11-15,Closed,"Technician checked Hydraulic Filter, recorded reported symptom, performed required service action, and completed post-service test."
SR-00681,MR-00681,EQ-0184,TECH-0996,2024-05-15,Corrective,Evening,2362,Arm Cylinder: Oil contamination; observed symptom: hydraulic oil temperature rises during continuous operation.,Filter inspection and fluid condition check,contaminated hydraulic oil,inspected hydraulic circuit and isolated affected component,Valve O-rings,Functional test passed,5.11,4.75,70968.2,2024-11-15,Completed,"Technician checked Arm Cylinder, recorded reported symptom, performed required service action, and completed post-service test."
SR-00682,MR-00682,EQ-0129,TECH-0773,2024-05-15,Corrective,Evening,9812,Boom Cylinder: Internal pump leakage; observed symptom: bucket cylinder leaking externally.,Visual inspection and pressure test,high oil temperature,"drained contaminated oil, flushed circuit and refilled with filtered oil",Pump seal kit,Functional test passed,15.93,11.22,19217.23,2024-11-15,Follow-up Required,"Technician checked Boom Cylinder, recorded reported symptom, performed required service action, and completed post-service test."
SR-00683,MR-00683,EQ-0233,TECH-0598,2024-05-15,Condition-Based,Evening,14036,Arm Cylinder: Air ingress; observed symptom: hydraulic flow is low at operating temperature.,Operational test under load,damaged cylinder seal,replaced damaged hose and pressure-tested circuit,Pump seal kit,Functional test passed,4.82,9.99,55721.32,2024-11-15,Completed,"Technician checked Arm Cylinder, recorded reported symptom, performed required service action, and completed post-service test."
SR-00684,MR-00684,EQ-0199,TECH-0683,2024-05-15,Corrective,Evening,12618,Hydraulic Line: Cylinder seal wear; observed symptom: hydraulic flow is low at operating temperature.,Temperature and pressure checks,contaminated hydraulic oil,inspected hydraulic circuit and isolated affected component,Cooler gasket set,Operational test passed,6.83,11.69,66681.43,2024-11-15,Follow-up Required,"Technician checked Hydraulic Line, recorded reported symptom, performed required service action, and completed post-service test."
SR-00685,MR-00685,EQ-0190,TECH-0251,2024-05-15,Corrective,Day,11188,Travel Motor: Accumulator pressure loss; observed symptom: travel function loses power on incline.,Operational test under load,damaged cylinder seal,"drained contaminated oil, flushed circuit and refilled with filtered oil",Return filter element,Pressure test passed,9.5,9.79,14590.38,2024-11-15,Completed - Monitor,"Technician checked Travel Motor, recorded reported symptom, performed required service action, and completed post-service test."
SR-00686,MR-00686,EQ-0165,TECH-0221,2024-05-15,Inspection,Day,9838,Accumulator: Air ingress; observed symptom: travel function loses power on incline.,Operational test under load,air entering suction line,tested pilot pressure and inspected pilot circuit,Hydraulic oil,Pressure test passed,9.92,6.03,56624.96,2024-11-15,Follow-up Required,"Technician checked Accumulator, recorded reported symptom, performed required service action, and completed post-service test."
SR-00687,MR-00687,EQ-0150,TECH-0660,2024-05-15,Inspection,Day,16469,Accumulator: Valve spool binding; observed symptom: hydraulic flow is low at operating temperature.,Operational test under load,high oil temperature,replaced damaged hose and pressure-tested circuit,Cylinder seal kit,Leak test passed,5.57,8.78,5914.09,2024-11-15,Completed - Monitor,"Technician checked Accumulator, recorded reported symptom, performed required service action, and completed post-service test."
SR-00688,MR-00688,EQ-0181,TECH-0666,2024-05-15,Inspection,Evening,12530,Travel Motor: Accumulator pressure loss; observed symptom: hydraulic oil temperature rises during continuous operation.,Visual inspection and pressure test,high oil temperature,"drained contaminated oil, flushed circuit and refilled with filtered oil",Valve O-rings,Operational test passed,3.19,1.52,66437.6,2024-11-15,Completed - Monitor,"Technician checked Travel Motor, recorded reported symptom, performed required service action, and completed post-service test."
SR-00689,MR-00689,EQ-0239,TECH-0193,2024-05-15,Condition-Based,Day,5030,Pilot System: Accumulator pressure loss; observed symptom: travel function loses power on incline.,Filter inspection and fluid condition check,blocked cooler core,replaced damaged hose and pressure-tested circuit,Valve O-rings,Operational test passed,11.94,7.94,37041.43,2024-11-15,Follow-up Required,"Technician checked Pilot System, recorded reported symptom, performed required service action, and completed post-service test."
SR-00690,MR-00690,EQ-0183,TECH-0720,2024-05-15,Preventive,Evening,17608,Hydraulic Pump: Valve spool binding; observed symptom: hydraulic flow is low at operating temperature.,Visual inspection and pressure test,loss of accumulator pre-charge,replaced damaged hose and pressure-tested circuit,Hydraulic oil,Pressure test passed,9.65,5.19,54128.01,2024-11-15,Follow-up Required,"Technician checked Hydraulic Pump, recorded reported symptom, performed required service action, and completed post-service test."
SR-00691,MR-00691,EQ-0153,TECH-0382,2024-05-15,Inspection,Night,5163,Main Control Valve: Pilot pressure drop; observed symptom: travel function loses power on incline.,Visual inspection and pressure test,contaminated hydraulic oil,inspected hydraulic circuit and isolated affected component,Valve O-rings,Leak test passed,9.0,1.03,28329.84,2024-11-15,Completed,"Technician checked Main Control Valve, recorded reported symptom, performed required service action, and completed post-service test."
SR-00692,MR-00692,EQ-0207,TECH-0608,2024-05-15,Inspection,Evening,7765,Hydraulic Line: Filter blockage; observed symptom: arm movement slow after hydraulic oil warms.,Operational test under load,damaged cylinder seal,tested pilot pressure and inspected pilot circuit,Hydraulic filter,Functional test passed,7.31,9.7,25078.38,2024-11-15,Closed,"Technician checked Hydraulic Line, recorded reported symptom, performed required service action, and completed post-service test."
SR-00693,MR-00693,EQ-0187,TECH-0633,2024-05-15,Corrective,Day,15284,Main Control Valve: Internal pump leakage; observed symptom: bucket cylinder leaking externally.,Operational test under load,loss of accumulator pre-charge,tested pilot pressure and inspected pilot circuit,Hydraulic filter,Operational test passed,3.14,8.31,60194.89,2024-11-15,Completed,"Technician checked Main Control Valve, recorded reported symptom, performed required service action, and completed post-service test."
SR-00694,MR-00694,EQ-0148,TECH-0587,2024-05-15,Condition-Based,Evening,15685,Boom Cylinder: Oil contamination; observed symptom: pump noise increases during operation.,Filter inspection and fluid condition check,damaged cylinder seal,inspected hydraulic circuit and isolated affected component,Pump seal kit,Functional test passed,10.95,9.86,15355.95,2024-11-15,Follow-up Required,"Technician checked Boom Cylinder, recorded reported symptom, performed required service action, and completed post-service test."
SR-00695,MR-00695,EQ-0225,TECH-0359,2024-05-15,Corrective,Night,2208,Hydraulic Line: Oil contamination; observed symptom: arm movement slow after hydraulic oil warms.,Filter inspection and fluid condition check,contaminated hydraulic oil,tested pilot pressure and inspected pilot circuit,Hydraulic filter,Pressure test passed,14.8,10.01,52824.51,2024-11-15,Follow-up Required,"Technician checked Hydraulic Line, recorded reported symptom, performed required service action, and completed post-service test."
SR-00696,MR-00696,EQ-0106,TECH-0801,2024-05-15,Inspection,Night,14075,Bucket Cylinder: Accumulator pressure loss; observed symptom: arm movement slow after hydraulic oil warms.,Temperature and pressure checks,blocked cooler core,tested pilot pressure and inspected pilot circuit,Hydraulic hose,Operational test passed,3.76,4.0,28173.9,2024-11-15,Completed,"Technician checked Bucket Cylinder, recorded reported symptom, performed required service action, and completed post-service test."
SR-00697,MR-00697,EQ-0237,TECH-0858,2024-05-15,Inspection,Night,15325,Arm Cylinder: Cylinder seal wear; observed symptom: pump noise increases during operation.,Temperature and pressure checks,contaminated hydraulic oil,"drained contaminated oil, flushed circuit and refilled with filtered oil",Hydraulic filter,Functional test passed,12.06,2.8,71137.45,2024-11-15,Completed,"Technician checked Arm Cylinder, recorded reported symptom, performed required service action, and completed post-service test."
SR-00698,MR-00698,EQ-0112,TECH-0235,2024-05-15,Inspection,Day,14092,Hydraulic Line: Line restriction; observed symptom: hydraulic oil temperature rises during continuous operation.,Operational test under load,high oil temperature,tested pilot pressure and inspected pilot circuit,Valve O-rings,Pressure test passed,13.33,6.25,53784.59,2024-11-15,Completed - Monitor,"Technician checked Hydraulic Line, recorded reported symptom, performed required service action, and completed post-service test."
SR-00699,MR-00699,EQ-0165,TECH-0316,2024-05-15,Preventive,Night,7960,Hydraulic Line: Air ingress; observed symptom: bucket cylinder leaking externally.,Filter inspection and fluid condition check,air entering suction line,inspected hydraulic circuit and isolated affected component,Cooler gasket set,Operational test passed,10.43,5.03,10274.95,2024-11-15,Follow-up Required,"Technician checked Hydraulic Line, recorded reported symptom, performed required service action, and completed post-service test."
SR-00700,MR-00700,EQ-0131,TECH-0407,2024-05-15,Condition-Based,Night,8888,Hydraulic Oil: Line restriction; observed symptom: hydraulic oil temperature rises during continuous operation.,Filter inspection and fluid condition check,contaminated hydraulic oil,tested pilot pressure and inspected pilot circuit,Cooler gasket set,Pressure test passed,4.26,3.27,10985.57,2024-11-15,Follow-up Required,"Technician checked Hydraulic Oil, recorded reported symptom, performed required service action, and completed post-service test."
SR-00701,MR-00701,EQ-0138,TECH-0630,2024-05-15,Preventive,Evening,18035,Hydraulic Line: Oil contamination; observed symptom: hydraulic oil temperature rises during continuous operation.,Filter inspection and fluid condition check,contaminated hydraulic oil,tested pilot pressure and inspected pilot circuit,Hydraulic hose,Functional test passed,14.25,8.99,34859.42,2024-11-15,Follow-up Required,"Technician checked Hydraulic Line, recorded reported symptom, performed required service action, and completed post-service test."
SR-00702,MR-00702,EQ-0109,TECH-0665,2024-05-15,Inspection,Day,7627,Accumulator: Filter blockage; observed symptom: arm movement slow after hydraulic oil warms.,Operational test under load,damaged cylinder seal,tested pilot pressure and inspected pilot circuit,Cooler gasket set,Pressure test passed,3.79,8.81,25000.83,2024-11-15,Follow-up Required,"Technician checked Accumulator, recorded reported symptom, performed required service action, and completed post-service test."
SR-00703,MR-00703,EQ-0207,TECH-0910,2024-05-15,Corrective,Night,14735,Hydraulic Pump: Filter blockage; observed symptom: pump noise increases during operation.,Temperature and pressure checks,high oil temperature,"drained contaminated oil, flushed circuit and refilled with filtered oil",Valve O-rings,Operational test passed,10.55,9.86,20640.84,2024-11-15,Follow-up Required,"Technician checked Hydraulic Pump, recorded reported symptom, performed required service action, and completed post-service test."
SR-00704,MR-00704,EQ-0165,TECH-0166,2024-05-15,Corrective,Night,14452,Hydraulic Oil: Air ingress; observed symptom: travel function loses power on incline.,Filter inspection and fluid condition check,air entering suction line,tested pilot pressure and inspected pilot circuit,Cooler gasket set,Operational test passed,7.72,8.48,17793.09,2024-11-15,Follow-up Required,"Technician checked Hydraulic Oil, recorded reported symptom, performed required service action, and completed post-service test."
SR-00705,MR-00705,EQ-0203,TECH-0334,2024-05-15,Condition-Based,Day,1611,Arm Cylinder: Filter blockage; observed symptom: hydraulic flow is low at operating temperature.,Visual inspection and pressure test,damaged cylinder seal,replaced damaged hose and pressure-tested circuit,Return filter element,Functional test passed,8.0,0.78,19993.36,2024-11-15,Follow-up Required,"Technician checked Arm Cylinder, recorded reported symptom, performed required service action, and completed post-service test."
SR-00706,MR-00706,EQ-0180,TECH-0515,2024-05-15,Condition-Based,Evening,6003,Swing Motor: Filter blockage; observed symptom: pump noise increases during operation.,Operational test under load,loss of accumulator pre-charge,"drained contaminated oil, flushed circuit and refilled with filtered oil",Hydraulic hose,Functional test passed,10.59,4.69,16615.32,2024-11-15,Completed - Monitor,"Technician checked Swing Motor, recorded reported symptom, performed required service action, and completed post-service test."
SR-00707,MR-00707,EQ-0187,TECH-0499,2024-05-15,Preventive,Night,17044,Oil Cooler: Accumulator pressure loss; observed symptom: hydraulic oil temperature rises during continuous operation.,Temperature and pressure checks,loss of accumulator pre-charge,replaced damaged hose and pressure-tested circuit,Return filter element,Operational test passed,4.0,1.94,43082.12,2024-11-15,Closed,"Technician checked Oil Cooler, recorded reported symptom, performed required service action, and completed post-service test."
SR-00708,MR-00708,EQ-0235,TECH-0330,2024-05-15,Inspection,Day,7131,Travel Motor: Cooler restriction; observed symptom: travel function loses power on incline.,Filter inspection and fluid condition check,high oil temperature,inspected hydraulic circuit and isolated affected component,Valve O-rings,Leak test passed,9.68,9.07,50915.78,2024-11-15,Follow-up Required,"Technician checked Travel Motor, recorded reported symptom, performed required service action, and completed post-service test."
SR-00709,MR-00709,EQ-0138,TECH-0658,2024-05-15,Corrective,Night,17209,Hydraulic Pump: Internal pump leakage; observed symptom: bucket cylinder leaking externally.,Temperature and pressure checks,damaged cylinder seal,replaced damaged hose and pressure-tested circuit,Hydraulic filter,Leak test passed,12.41,11.53,42968.69,2024-11-15,Completed - Monitor,"Technician checked Hydraulic Pump, recorded reported symptom, performed required service action, and completed post-service test."
SR-00710,MR-00710,EQ-0120,TECH-0127,2024-05-15,Corrective,Night,15275,Main Control Valve: Cylinder seal wear; observed symptom: hydraulic flow is low at operating temperature.,Temperature and pressure checks,loss of accumulator pre-charge,"drained contaminated oil, flushed circuit and refilled with filtered oil",Hydraulic hose,Functional test passed,10.91,9.14,39947.53,2024-11-15,Follow-up Required,"Technician checked Main Control Valve, recorded reported symptom, performed required service action, and completed post-service test."
SR-00711,MR-00711,EQ-0106,TECH-0313,2024-05-15,Preventive,Day,17474,Hydraulic Pump: Line restriction; observed symptom: bucket cylinder leaking externally.,Visual inspection and pressure test,loss of accumulator pre-charge,tested pilot pressure and inspected pilot circuit,Hydraulic hose,Functional test passed,2.58,10.12,28770.27,2024-11-15,Completed,"Technician checked Hydraulic Pump, recorded reported symptom, performed required service action, and completed post-service test."
SR-00712,MR-00712,EQ-0220,TECH-0116,2024-05-15,Preventive,Night,16731,Accumulator: Accumulator pressure loss; observed symptom: bucket cylinder leaking externally.,Filter inspection and fluid condition check,blocked cooler core,inspected hydraulic circuit and isolated affected component,Hydraulic hose,Operational test passed,9.63,0.56,24427.22,2024-11-15,Completed - Monitor,"Technician checked Accumulator, recorded reported symptom, performed required service action, and completed post-service test."
SR-00713,MR-00713,EQ-0122,TECH-0209,2024-05-15,Inspection,Day,5288,Hydraulic Pump: Accumulator pressure loss; observed symptom: pump noise increases during operation.,Operational test under load,contaminated hydraulic oil,replaced damaged hose and pressure-tested circuit,Return filter element,Operational test passed,11.3,2.82,19863.81,2024-11-15,Completed - Monitor,"Technician checked Hydraulic Pump, recorded reported symptom, performed required service action, and completed post-service test."
SR-00714,MR-00714,EQ-0183,TECH-0746,2024-05-15,Preventive,Night,18488,Pilot System: Internal pump leakage; observed symptom: arm movement slow after hydraulic oil warms.,Operational test under load,high oil temperature,tested pilot pressure and inspected pilot circuit,Valve O-rings,Functional test passed,1.03,1.47,8324.85,2024-11-15,Completed - Monitor,"Technician checked Pilot System, recorded reported symptom, performed required service action, and completed post-service test."
SR-00715,MR-00715,EQ-0199,TECH-0466,2024-05-15,Corrective,Evening,12466,Arm Cylinder: Internal pump leakage; observed symptom: bucket cylinder leaking externally.,Operational test under load,air entering suction line,tested pilot pressure and inspected pilot circuit,Valve O-rings,Leak test passed,11.27,8.68,29883.07,2024-11-15,Follow-up Required,"Technician checked Arm Cylinder, recorded reported symptom, performed required service action, and completed post-service test."
SR-00716,MR-00716,EQ-0127,TECH-0879,2024-05-15,Inspection,Day,15809,Oil Cooler: Air ingress; observed symptom: pump noise increases during operation.,Filter inspection and fluid condition check,loss of accumulator pre-charge,inspected hydraulic circuit and isolated affected component,Pump seal kit,Pressure test passed,15.15,9.36,21875.44,2024-11-15,Follow-up Required,"Technician checked Oil Cooler, recorded reported symptom, performed required service action, and completed post-service test."
SR-00717,MR-00717,EQ-0108,TECH-0870,2024-05-15,Inspection,Day,15199,Hydraulic Line: Valve spool binding; observed symptom: hydraulic oil temperature rises during continuous operation.,Filter inspection and fluid condition check,blocked cooler core,tested pilot pressure and inspected pilot circuit,Cooler gasket set,Leak test passed,9.86,7.93,18978.58,2024-11-15,Closed,"Technician checked Hydraulic Line, recorded reported symptom, performed required service action, and completed post-service test."
SR-00718,MR-00718,EQ-0126,TECH-0814,2024-05-15,Inspection,Evening,6585,Bucket Cylinder: Air ingress; observed symptom: pump noise increases during operation.,Visual inspection and pressure test,damaged cylinder seal,"drained contaminated oil, flushed circuit and refilled with filtered oil",Cylinder seal kit,Operational test passed,8.69,4.02,12118.16,2024-11-15,Follow-up Required,"Technician checked Bucket Cylinder, recorded reported symptom, performed required service action, and completed post-service test."
SR-00719,MR-00719,EQ-0152,TECH-0577,2024-05-15,Corrective,Night,8962,Arm Cylinder: Internal pump leakage; observed symptom: travel function loses power on incline.,Visual inspection and pressure test,high oil temperature,inspected hydraulic circuit and isolated affected component,Hydraulic filter,Functional test passed,6.21,3.26,41150.41,2024-11-15,Follow-up Required,"Technician checked Arm Cylinder, recorded reported symptom, performed required service action, and completed post-service test."
SR-00720,MR-00720,EQ-0111,TECH-0647,2024-05-15,Condition-Based,Night,18370,Main Control Valve: Line restriction; observed symptom: hydraulic flow is low at operating temperature.,Filter inspection and fluid condition check,air entering suction line,replaced damaged hose and pressure-tested circuit,Cooler gasket set,Operational test passed,15.77,2.62,30632.78,2024-11-15,Completed,"Technician checked Main Control Valve, recorded reported symptom, performed required service action, and completed post-service test."
SR-00721,MR-00721,EQ-0109,TECH-0322,2024-05-15,Inspection,Evening,16791,Hydraulic Filter: Air ingress; observed symptom: arm movement slow after hydraulic oil warms.,Filter inspection and fluid condition check,air entering suction line,"drained contaminated oil, flushed circuit and refilled with filtered oil",Valve O-rings,Leak test passed,15.2,4.33,28071.27,2024-11-15,Closed,"Technician checked Hydraulic Filter, recorded reported symptom, performed required service action, and completed post-service test."
SR-00722,MR-00722,EQ-0175,TECH-0426,2024-05-15,Corrective,Night,4947,Hydraulic Filter: Filter blockage; observed symptom: bucket cylinder leaking externally.,Temperature and pressure checks,air entering suction line,tested pilot pressure and inspected pilot circuit,Return filter element,Functional test passed,8.33,1.99,31400.43,2024-11-15,Completed,"Technician checked Hydraulic Filter, recorded reported symptom, performed required service action, and completed post-service test."
SR-00723,MR-00723,EQ-0183,TECH-0861,2024-05-15,Preventive,Night,8968,Bucket Cylinder: Oil contamination; observed symptom: travel function loses power on incline.,Filter inspection and fluid condition check,blocked cooler core,tested pilot pressure and inspected pilot circuit,Hydraulic hose,Leak test passed,5.07,5.55,21499.51,2024-11-15,Completed - Monitor,"Technician checked Bucket Cylinder, recorded reported symptom, performed required service action, and completed post-service test."
SR-00724,MR-00724,EQ-0116,TECH-0286,2024-05-15,Preventive,Day,16753,Hydraulic Line: Accumulator pressure loss; observed symptom: arm movement slow after hydraulic oil warms.,Operational test under load,damaged cylinder seal,tested pilot pressure and inspected pilot circuit,Cooler gasket set,Leak test passed,7.77,4.38,15598.22,2024-11-15,Closed,"Technician checked Hydraulic Line, recorded reported symptom, performed required service action, and completed post-service test."
SR-00725,MR-00725,EQ-0169,TECH-0576,2024-05-15,Preventive,Evening,12229,Hydraulic Line: Cooler restriction; observed symptom: hydraulic flow is low at operating temperature.,Visual inspection and pressure test,high oil temperature,replaced damaged hose and pressure-tested circuit,Valve O-rings,Leak test passed,9.23,7.3,59760.12,2024-11-15,Closed,"Technician checked Hydraulic Line, recorded reported symptom, performed required service action, and completed post-service test."
SR-00726,MR-00726,EQ-0226,TECH-0435,2024-05-15,Condition-Based,Evening,7408,Bucket Cylinder: Filter blockage; observed symptom: travel function loses power on incline.,Visual inspection and pressure test,air entering suction line,inspected hydraulic circuit and isolated affected component,Hydraulic filter,Pressure test passed,4.9,3.74,61931.19,2024-11-15,Closed,"Technician checked Bucket Cylinder, recorded reported symptom, performed required service action, and completed post-service test."
SR-00727,MR-00727,EQ-0168,TECH-0198,2024-05-15,Condition-Based,Night,11809,Hydraulic Oil: Line restriction; observed symptom: arm movement slow after hydraulic oil warms.,Visual inspection and pressure test,blocked cooler core,inspected hydraulic circuit and isolated affected component,Valve O-rings,Operational test passed,10.73,5.56,28269.88,2024-11-15,Closed,"Technician checked Hydraulic Oil, recorded reported symptom, performed required service action, and completed post-service test."
SR-00728,MR-00728,EQ-0132,TECH-0648,2024-05-15,Corrective,Evening,14327,Hydraulic Oil: Oil contamination; observed symptom: pump noise increases during operation.,Operational test under load,blocked cooler core,"drained contaminated oil, flushed circuit and refilled with filtered oil",Cooler gasket set,Operational test passed,14.03,1.16,72573.85,2024-11-15,Closed,"Technician checked Hydraulic Oil, recorded reported symptom, performed required service action, and completed post-service test."
SR-00729,MR-00729,EQ-0218,TECH-0449,2024-05-15,Inspection,Day,3900,Bucket Cylinder: Line restriction; observed symptom: bucket cylinder leaking externally.,Filter inspection and fluid condition check,air entering suction line,"drained contaminated oil, flushed circuit and refilled with filtered oil",Hydraulic filter,Leak test passed,9.95,3.69,15554.26,2024-11-15,Follow-up Required,"Technician checked Bucket Cylinder, recorded reported symptom, performed required service action, and completed post-service test."
SR-00730,MR-00730,EQ-0110,TECH-0914,2024-05-15,Preventive,Evening,6581,Bucket Cylinder: Pilot pressure drop; observed symptom: travel function loses power on incline.,Visual inspection and pressure test,damaged cylinder seal,"drained contaminated oil, flushed circuit and refilled with filtered oil",Hydraulic oil,Pressure test passed,2.57,4.25,17105.18,2024-11-15,Completed,"Technician checked Bucket Cylinder, recorded reported symptom, performed required service action, and completed post-service test."
SR-00731,MR-00731,EQ-0185,TECH-0858,2024-05-15,Preventive,Day,5770,Bucket Cylinder: Air ingress; observed symptom: hydraulic oil temperature rises during continuous operation.,Temperature and pressure checks,damaged cylinder seal,inspected hydraulic circuit and isolated affected component,Cylinder seal kit,Pressure test passed,3.41,8.32,14587.84,2024-11-15,Completed - Monitor,"Technician checked Bucket Cylinder, recorded reported symptom, performed required service action, and completed post-service test."
SR-00732,MR-00732,EQ-0217,TECH-0488,2024-05-15,Inspection,Evening,15252,Main Control Valve: Valve spool binding; observed symptom: arm movement slow after hydraulic oil warms.,Visual inspection and pressure test,blocked cooler core,replaced damaged hose and pressure-tested circuit,Pump seal kit,Operational test passed,1.55,8.71,12331.43,2024-11-15,Completed,"Technician checked Main Control Valve, recorded reported symptom, performed required service action, and completed post-service test."
SR-00733,MR-00733,EQ-0167,TECH-0127,2024-05-15,Corrective,Day,3829,Arm Cylinder: Internal pump leakage; observed symptom: bucket cylinder leaking externally.,Visual inspection and pressure test,loss of accumulator pre-charge,inspected hydraulic circuit and isolated affected component,Cylinder seal kit,Leak test passed,13.1,2.45,74210.84,2024-11-15,Closed,"Technician checked Arm Cylinder, recorded reported symptom, performed required service action, and completed post-service test."
SR-00734,MR-00734,EQ-0196,TECH-0612,2024-05-15,Preventive,Night,11848,Main Control Valve: Filter blockage; observed symptom: pump noise increases during operation.,Temperature and pressure checks,air entering suction line,replaced damaged hose and pressure-tested circuit,Pump seal kit,Operational test passed,5.26,3.81,35280.73,2024-11-15,Completed - Monitor,"Technician checked Main Control Valve, recorded reported symptom, performed required service action, and completed post-service test."
SR-00735,MR-00735,EQ-0151,TECH-0330,2024-05-15,Preventive,Night,11701,Pilot System: Air ingress; observed symptom: arm movement slow after hydraulic oil warms.,Visual inspection and pressure test,contaminated hydraulic oil,inspected hydraulic circuit and isolated affected component,Pump seal kit,Leak test passed,12.65,4.94,72198.69,2024-11-15,Completed,"Technician checked Pilot System, recorded reported symptom, performed required service action, and completed post-service test."
SR-00736,MR-00736,EQ-0111,TECH-0212,2024-05-15,Corrective,Evening,16574,Hydraulic Oil: Filter blockage; observed symptom: pump noise increases during operation.,Operational test under load,loss of accumulator pre-charge,inspected hydraulic circuit and isolated affected component,Hydraulic filter,Leak test passed,3.83,3.41,55185.52,2024-11-15,Completed - Monitor,"Technician checked Hydraulic Oil, recorded reported symptom, performed required service action, and completed post-service test."
SR-00737,MR-00737,EQ-0122,TECH-0218,2024-05-15,Condition-Based,Night,11605,Oil Cooler: Filter blockage; observed symptom: travel function loses power on incline.,Visual inspection and pressure test,damaged cylinder seal,replaced damaged hose and pressure-tested circuit,Pump seal kit,Leak test passed,3.01,6.33,39922.43,2024-11-15,Closed,"Technician checked Oil Cooler, recorded reported symptom, performed required service action, and completed post-service test."
SR-00738,MR-00738,EQ-0197,TECH-0296,2024-05-15,Corrective,Day,18086,Pilot System: Accumulator pressure loss; observed symptom: hydraulic flow is low at operating temperature.,Operational test under load,contaminated hydraulic oil,"drained contaminated oil, flushed circuit and refilled with filtered oil",Valve O-rings,Leak test passed,14.07,4.55,21713.64,2024-11-15,Completed - Monitor,"Technician checked Pilot System, recorded reported symptom, performed required service action, and completed post-service test."
SR-00739,MR-00739,EQ-0127,TECH-0224,2024-05-15,Preventive,Evening,10119,Accumulator: Internal pump leakage; observed symptom: pump noise increases during operation.,Visual inspection and pressure test,blocked cooler core,inspected hydraulic circuit and isolated affected component,Return filter element,Leak test passed,11.84,7.08,30607.1,2024-11-15,Completed - Monitor,"Technician checked Accumulator, recorded reported symptom, performed required service action, and completed post-service test."
SR-00740,MR-00740,EQ-0194,TECH-0925,2024-05-15,Corrective,Day,2981,Boom Cylinder: Line restriction; observed symptom: pump noise increases during operation.,Visual inspection and pressure test,contaminated hydraulic oil,"drained contaminated oil, flushed circuit and refilled with filtered oil",Hydraulic filter,Functional test passed,3.9,6.06,67930.47,2024-11-15,Completed - Monitor,"Technician checked Boom Cylinder, recorded reported symptom, performed required service action, and completed post-service test."
SR-00741,MR-00741,EQ-0198,TECH-0262,2024-05-15,Preventive,Night,14530,Pilot System: Cylinder seal wear; observed symptom: bucket cylinder leaking externally.,Visual inspection and pressure test,contaminated hydraulic oil,tested pilot pressure and inspected pilot circuit,Hydraulic oil,Pressure test passed,10.58,3.51,51410.79,2024-11-15,Completed - Monitor,"Technician checked Pilot System, recorded reported symptom, performed required service action, and completed post-service test."
SR-00742,MR-00742,EQ-0202,TECH-0321,2024-05-15,Inspection,Night,18325,Main Control Valve: Oil contamination; observed symptom: hydraulic oil temperature rises during continuous operation.,Visual inspection and pressure test,contaminated hydraulic oil,replaced damaged hose and pressure-tested circuit,Hydraulic hose,Pressure test passed,3.57,4.85,11559.51,2024-11-15,Closed,"Technician checked Main Control Valve, recorded reported symptom, performed required service action, and completed post-service test."
SR-00743,MR-00743,EQ-0111,TECH-0864,2024-05-15,Preventive,Day,16121,Hydraulic Oil: Line restriction; observed symptom: travel function loses power on incline.,Temperature and pressure checks,blocked cooler core,tested pilot pressure and inspected pilot circuit,Valve O-rings,Leak test passed,2.09,11.51,13849.72,2024-11-15,Closed,"Technician checked Hydraulic Oil, recorded reported symptom, performed required service action, and completed post-service test."
SR-00744,MR-00744,EQ-0177,TECH-0199,2024-05-15,Corrective,Night,16799,Travel Motor: Valve spool binding; observed symptom: bucket cylinder leaking externally.,Temperature and pressure checks,contaminated hydraulic oil,inspected hydraulic circuit and isolated affected component,Hydraulic oil,Operational test passed,11.89,1.36,38537.84,2024-11-15,Completed,"Technician checked Travel Motor, recorded reported symptom, performed required service action, and completed post-service test."
SR-00745,MR-00745,EQ-0105,TECH-0661,2024-05-15,Corrective,Day,10380,Oil Cooler: Internal pump leakage; observed symptom: travel function loses power on incline.,Operational test under load,damaged cylinder seal,"drained contaminated oil, flushed circuit and refilled with filtered oil",Return filter element,Pressure test passed,11.65,11.6,19410.35,2024-11-15,Completed,"Technician checked Oil Cooler, recorded reported symptom, performed required service action, and completed post-service test."
SR-00746,MR-00746,EQ-0226,TECH-0593,2024-05-15,Preventive,Day,17451,Swing Motor: Line restriction; observed symptom: hydraulic oil temperature rises during continuous operation.,Temperature and pressure checks,loss of accumulator pre-charge,replaced damaged hose and pressure-tested circuit,Cylinder seal kit,Leak test passed,13.22,11.47,35404.46,2024-11-15,Closed,"Technician checked Swing Motor, recorded reported symptom, performed required service action, and completed post-service test."
SR-00747,MR-00747,EQ-0165,TECH-0100,2024-05-15,Condition-Based,Evening,18262,Oil Cooler: Accumulator pressure loss; observed symptom: hydraulic oil temperature rises during continuous operation.,Operational test under load,blocked cooler core,tested pilot pressure and inspected pilot circuit,Hydraulic oil,Functional test passed,4.3,0.54,7016.09,2024-11-15,Completed,"Technician checked Oil Cooler, recorded reported symptom, performed required service action, and completed post-service test."
SR-00748,MR-00748,EQ-0164,TECH-0736,2024-05-15,Corrective,Day,5258,Hydraulic Pump: Line restriction; observed symptom: travel function loses power on incline.,Operational test under load,loss of accumulator pre-charge,inspected hydraulic circuit and isolated affected component,Valve O-rings,Pressure test passed,12.6,11.89,27664.62,2024-11-15,Completed,"Technician checked Hydraulic Pump, recorded reported symptom, performed required service action, and completed post-service test."
SR-00749,MR-00749,EQ-0110,TECH-0936,2024-05-15,Inspection,Evening,6133,Hydraulic Line: Cylinder seal wear; observed symptom: travel function loses power on incline.,Temperature and pressure checks,loss of accumulator pre-charge,tested pilot pressure and inspected pilot circuit,Hydraulic hose,Pressure test passed,9.66,11.97,11611.65,2024-11-15,Completed,"Technician checked Hydraulic Line, recorded reported symptom, performed required service action, and completed post-service test."
SR-00750,MR-00750,EQ-0184,TECH-0462,2024-05-15,Preventive,Day,17934,Hydraulic Filter: Cooler restriction; observed symptom: hydraulic flow is low at operating temperature.,Filter inspection and fluid condition check,contaminated hydraulic oil,"drained contaminated oil, flushed circuit and refilled with filtered oil",Return filter element,Pressure test passed,2.26,3.77,43660.4,2024-11-15,Closed,"Technician checked Hydraulic Filter, recorded reported symptom, performed required service action, and completed post-service test."
SR-00751,MR-00751,EQ-0210,TECH-0609,2024-05-15,Preventive,Day,15577,Hydraulic Filter: Oil contamination; observed symptom: pump noise increases during operation.,Visual inspection and pressure test,high oil temperature,inspected hydraulic circuit and isolated affected component,Hydraulic oil,Leak test passed,15.58,9.88,40634.69,2024-11-15,Follow-up Required,"Technician checked Hydraulic Filter, recorded reported symptom, performed required service action, and completed post-service test."
SR-00752,MR-00752,EQ-0155,TECH-0214,2024-05-15,Preventive,Day,14886,Boom Cylinder: Accumulator pressure loss; observed symptom: travel function loses power on incline.,Operational test under load,blocked cooler core,inspected hydraulic circuit and isolated affected component,Cylinder seal kit,Pressure test passed,7.13,2.08,33155.75,2024-11-15,Follow-up Required,"Technician checked Boom Cylinder, recorded reported symptom, performed required service action, and completed post-service test."
SR-00753,MR-00753,EQ-0170,TECH-0310,2024-05-15,Inspection,Evening,16167,Accumulator: Cylinder seal wear; observed symptom: pump noise increases during operation.,Filter inspection and fluid condition check,loss of accumulator pre-charge,tested pilot pressure and inspected pilot circuit,Valve O-rings,Pressure test passed,10.07,7.78,63762.76,2024-11-15,Completed - Monitor,"Technician checked Accumulator, recorded reported symptom, performed required service action, and completed post-service test."
SR-00754,MR-00754,EQ-0172,TECH-0540,2024-05-15,Inspection,Evening,3058,Travel Motor: Pilot pressure drop; observed symptom: hydraulic flow is low at operating temperature.,Temperature and pressure checks,loss of accumulator pre-charge,replaced damaged hose and pressure-tested circuit,Hydraulic hose,Leak test passed,14.18,9.37,64061.81,2024-11-15,Follow-up Required,"Technician checked Travel Motor, recorded reported symptom, performed required service action, and completed post-service test."
SR-00755,MR-00755,EQ-0191,TECH-0786,2024-05-15,Preventive,Night,4144,Bucket Cylinder: Air ingress; observed symptom: arm movement slow after hydraulic oil warms.,Filter inspection and fluid condition check,loss of accumulator pre-charge,replaced damaged hose and pressure-tested circuit,Hydraulic oil,Operational test passed,3.76,2.51,50993.77,2024-11-15,Completed,"Technician checked Bucket Cylinder, recorded reported symptom, performed required service action, and completed post-service test."
SR-00756,MR-00756,EQ-0188,TECH-0931,2024-05-15,Inspection,Night,14493,Accumulator: Valve spool binding; observed symptom: hydraulic oil temperature rises during continuous operation.,Temperature and pressure checks,blocked cooler core,replaced damaged hose and pressure-tested circuit,Hydraulic hose,Operational test passed,15.26,10.16,59452.16,2024-11-15,Closed,"Technician checked Accumulator, recorded reported symptom, performed required service action, and completed post-service test."
SR-00757,MR-00757,EQ-0159,TECH-0331,2024-05-15,Condition-Based,Evening,11969,Swing Motor: Oil contamination; observed symptom: pump noise increases during operation.,Operational test under load,loss of accumulator pre-charge,"drained contaminated oil, flushed circuit and refilled with filtered oil",Return filter element,Pressure test passed,4.66,9.45,48617.84,2024-11-15,Completed,"Technician checked Swing Motor, recorded reported symptom, performed required service action, and completed post-service test."
SR-00758,MR-00758,EQ-0181,TECH-0344,2024-05-15,Preventive,Night,15001,Hydraulic Line: Cooler restriction; observed symptom: arm movement slow after hydraulic oil warms.,Visual inspection and pressure test,contaminated hydraulic oil,replaced damaged hose and pressure-tested circuit,Hydraulic filter,Functional test passed,9.54,7.85,17691.43,2024-11-15,Follow-up Required,"Technician checked Hydraulic Line, recorded reported symptom, performed required service action, and completed post-service test."
SR-00759,MR-00759,EQ-0209,TECH-0633,2024-05-15,Condition-Based,Evening,8944,Hydraulic Filter: Line restriction; observed symptom: hydraulic flow is low at operating temperature.,Visual inspection and pressure test,high oil temperature,"drained contaminated oil, flushed circuit and refilled with filtered oil",Cooler gasket set,Functional test passed,14.49,9.63,20800.27,2024-11-15,Closed,"Technician checked Hydraulic Filter, recorded reported symptom, performed required service action, and completed post-service test."
SR-00760,MR-00760,EQ-0205,TECH-0668,2024-05-15,Inspection,Evening,10322,Pilot System: Internal pump leakage; observed symptom: bucket cylinder leaking externally.,Operational test under load,high oil temperature,inspected hydraulic circuit and isolated affected component,Cooler gasket set,Operational test passed,5.76,11.65,60101.96,2024-11-15,Closed,"Technician checked Pilot System, recorded reported symptom, performed required service action, and completed post-service test."
SR-00761,MR-00761,EQ-0153,TECH-0327,2024-05-15,Condition-Based,Day,7514,Main Control Valve: Oil contamination; observed symptom: arm movement slow after hydraulic oil warms.,Operational test under load,blocked cooler core,replaced damaged hose and pressure-tested circuit,Hydraulic hose,Leak test passed,15.46,5.63,67697.69,2024-11-15,Completed,"Technician checked Main Control Valve, recorded reported symptom, performed required service action, and completed post-service test."
SR-00762,MR-00762,EQ-0221,TECH-0229,2024-05-15,Corrective,Night,1562,Hydraulic Pump: Air ingress; observed symptom: travel function loses power on incline.,Temperature and pressure checks,high oil temperature,tested pilot pressure and inspected pilot circuit,Cylinder seal kit,Pressure test passed,13.87,6.84,13741.39,2024-11-15,Completed,"Technician checked Hydraulic Pump, recorded reported symptom, performed required service action, and completed post-service test."
SR-00763,MR-00763,EQ-0193,TECH-0766,2024-05-15,Preventive,Night,11674,Accumulator: Filter blockage; observed symptom: hydraulic flow is low at operating temperature.,Operational test under load,contaminated hydraulic oil,tested pilot pressure and inspected pilot circuit,Hydraulic filter,Leak test passed,13.16,6.19,48594.12,2024-11-15,Completed,"Technician checked Accumulator, recorded reported symptom, performed required service action, and completed post-service test."
SR-00764,MR-00764,EQ-0199,TECH-0180,2024-05-15,Corrective,Day,5847,Hydraulic Pump: Filter blockage; observed symptom: hydraulic flow is low at operating temperature.,Visual inspection and pressure test,blocked cooler core,replaced damaged hose and pressure-tested circuit,Pump seal kit,Functional test passed,4.22,7.93,18836.32,2024-11-15,Follow-up Required,"Technician checked Hydraulic Pump, recorded reported symptom, performed required service action, and completed post-service test."
SR-00765,MR-00765,EQ-0189,TECH-0356,2024-05-15,Preventive,Day,12516,Hydraulic Filter: Line restriction; observed symptom: hydraulic flow is low at operating temperature.,Operational test under load,high oil temperature,"drained contaminated oil, flushed circuit and refilled with filtered oil",Valve O-rings,Pressure test passed,1.64,10.9,45984.24,2024-11-15,Completed,"Technician checked Hydraulic Filter, recorded reported symptom, performed required service action, and completed post-service test."
SR-00766,MR-00766,EQ-0194,TECH-0514,2024-05-15,Corrective,Evening,10140,Arm Cylinder: Valve spool binding; observed symptom: bucket cylinder leaking externally.,Visual inspection and pressure test,contaminated hydraulic oil,tested pilot pressure and inspected pilot circuit,Valve O-rings,Operational test passed,13.55,10.66,34531.05,2024-11-15,Completed - Monitor,"Technician checked Arm Cylinder, recorded reported symptom, performed required service action, and completed post-service test."
SR-00767,MR-00767,EQ-0171,TECH-0756,2024-05-15,Condition-Based,Day,2653,Hydraulic Line: Accumulator pressure loss; observed symptom: bucket cylinder leaking externally.,Operational test under load,high oil temperature,"drained contaminated oil, flushed circuit and refilled with filtered oil",Hydraulic hose,Pressure test passed,12.84,0.44,32455.2,2024-11-15,Completed - Monitor,"Technician checked Hydraulic Line, recorded reported symptom, performed required service action, and completed post-service test."
SR-00768,MR-00768,EQ-0166,TECH-0493,2024-05-15,Condition-Based,Night,7197,Hydraulic Line: Internal pump leakage; observed symptom: bucket cylinder leaking externally.,Temperature and pressure checks,damaged cylinder seal,tested pilot pressure and inspected pilot circuit,Hydraulic filter,Leak test passed,9.87,10.71,29391.06,2024-11-15,Follow-up Required,"Technician checked Hydraulic Line, recorded reported symptom, performed required service action, and completed post-service test."
SR-00769,MR-00769,EQ-0163,TECH-0586,2024-05-15,Inspection,Evening,2490,Hydraulic Line: Line restriction; observed symptom: pump noise increases during operation.,Operational test under load,damaged cylinder seal,tested pilot pressure and inspected pilot circuit,Hydraulic hose,Pressure test passed,4.66,11.15,26362.35,2024-11-15,Completed - Monitor,"Technician checked Hydraulic Line, recorded reported symptom, performed required service action, and completed post-service test."
SR-00770,MR-00770,EQ-0140,TECH-0427,2024-05-15,Inspection,Night,10506,Hydraulic Filter: Pilot pressure drop; observed symptom: bucket cylinder leaking externally.,Operational test under load,loss of accumulator pre-charge,"drained contaminated oil, flushed circuit and refilled with filtered oil",Return filter element,Functional test passed,13.66,11.57,14111.14,2024-11-15,Closed,"Technician checked Hydraulic Filter, recorded reported symptom, performed required service action, and completed post-service test."
SR-00771,MR-00771,EQ-0109,TECH-0260,2024-05-15,Corrective,Day,12798,Boom Cylinder: Accumulator pressure loss; observed symptom: hydraulic flow is low at operating temperature.,Temperature and pressure checks,blocked cooler core,"drained contaminated oil, flushed circuit and refilled with filtered oil",Hydraulic oil,Leak test passed,13.0,9.95,15431.39,2024-11-15,Closed,"Technician checked Boom Cylinder, recorded reported symptom, performed required service action, and completed post-service test."
SR-00772,MR-00772,EQ-0150,TECH-0901,2024-05-15,Inspection,Evening,10842,Oil Cooler: Accumulator pressure loss; observed symptom: hydraulic oil temperature rises during continuous operation.,Operational test under load,blocked cooler core,replaced damaged hose and pressure-tested circuit,Return filter element,Pressure test passed,4.52,6.36,29153.43,2024-11-15,Completed,"Technician checked Oil Cooler, recorded reported symptom, performed required service action, and completed post-service test."
SR-00773,MR-00773,EQ-0160,TECH-0625,2024-05-15,Preventive,Evening,14195,Hydraulic Filter: Valve spool binding; observed symptom: bucket cylinder leaking externally.,Temperature and pressure checks,contaminated hydraulic oil,"drained contaminated oil, flushed circuit and refilled with filtered oil",Valve O-rings,Functional test passed,1.55,7.68,8697.54,2024-11-15,Completed,"Technician checked Hydraulic Filter, recorded reported symptom, performed required service action, and completed post-service test."
SR-00774,MR-00774,EQ-0208,TECH-0357,2024-05-15,Condition-Based,Day,12457,Hydraulic Pump: Cooler restriction; observed symptom: arm movement slow after hydraulic oil warms.,Visual inspection and pressure test,damaged cylinder seal,inspected hydraulic circuit and isolated affected component,Hydraulic filter,Leak test passed,9.68,1.0,51394.66,2024-11-15,Closed,"Technician checked Hydraulic Pump, recorded reported symptom, performed required service action, and completed post-service test."
SR-00775,MR-00775,EQ-0229,TECH-0586,2024-05-15,Inspection,Day,3509,Hydraulic Filter: Cylinder seal wear; observed symptom: pump noise increases during operation.,Visual inspection and pressure test,blocked cooler core,"drained contaminated oil, flushed circuit and refilled with filtered oil",Cylinder seal kit,Functional test passed,12.85,4.98,20542.95,2024-11-15,Completed,"Technician checked Hydraulic Filter, recorded reported symptom, performed required service action, and completed post-service test."
SR-00776,MR-00776,EQ-0148,TECH-0230,2024-05-15,Corrective,Night,17375,Oil Cooler: Valve spool binding; observed symptom: travel function loses power on incline.,Operational test under load,damaged cylinder seal,tested pilot pressure and inspected pilot circuit,Hydraulic oil,Pressure test passed,14.62,6.03,57075.85,2024-11-15,Completed,"Technician checked Oil Cooler, recorded reported symptom, performed required service action, and completed post-service test."
SR-00777,MR-00777,EQ-0163,TECH-0840,2024-05-15,Inspection,Evening,7967,Pilot System: Pilot pressure drop; observed symptom: bucket cylinder leaking externally.,Visual inspection and pressure test,high oil temperature,tested pilot pressure and inspected pilot circuit,Cylinder seal kit,Functional test passed,1.86,2.18,66873.07,2024-11-15,Completed - Monitor,"Technician checked Pilot System, recorded reported symptom, performed required service action, and completed post-service test."
SR-00778,MR-00778,EQ-0114,TECH-0409,2024-05-15,Condition-Based,Night,3046,Accumulator: Valve spool binding; observed symptom: travel function loses power on incline.,Temperature and pressure checks,high oil temperature,"drained contaminated oil, flushed circuit and refilled with filtered oil",Cylinder seal kit,Operational test passed,9.22,10.56,27694.5,2024-11-15,Completed - Monitor,"Technician checked Accumulator, recorded reported symptom, performed required service action, and completed post-service test."
SR-00779,MR-00779,EQ-0152,TECH-0364,2024-05-15,Inspection,Day,5453,Arm Cylinder: Valve spool binding; observed symptom: hydraulic oil temperature rises during continuous operation.,Filter inspection and fluid condition check,contaminated hydraulic oil,inspected hydraulic circuit and isolated affected component,Cylinder seal kit,Leak test passed,9.73,6.57,18151.24,2024-11-15,Completed,"Technician checked Arm Cylinder, recorded reported symptom, performed required service action, and completed post-service test."
SR-00780,MR-00780,EQ-0109,TECH-0761,2024-05-15,Inspection,Night,15506,Boom Cylinder: Oil contamination; observed symptom: arm movement slow after hydraulic oil warms.,Visual inspection and pressure test,blocked cooler core,replaced damaged hose and pressure-tested circuit,Pump seal kit,Pressure test passed,6.48,3.26,25889.67,2024-11-15,Completed - Monitor,"Technician checked Boom Cylinder, recorded reported symptom, performed required service action, and completed post-service test."
SR-00781,MR-00781,EQ-0136,TECH-0613,2024-05-15,Preventive,Day,13194,Boom Cylinder: Internal pump leakage; observed symptom: pump noise increases during operation.,Operational test under load,damaged cylinder seal,tested pilot pressure and inspected pilot circuit,Hydraulic hose,Leak test passed,14.16,4.87,7409.16,2024-11-15,Closed,"Technician checked Boom Cylinder, recorded reported symptom, performed required service action, and completed post-service test."
SR-00782,MR-00782,EQ-0217,TECH-0237,2024-05-15,Inspection,Evening,16213,Swing Motor: Valve spool binding; observed symptom: hydraulic oil temperature rises during continuous operation.,Operational test under load,damaged cylinder seal,replaced damaged hose and pressure-tested circuit,Valve O-rings,Operational test passed,9.78,9.77,44510.86,2024-11-15,Follow-up Required,"Technician checked Swing Motor, recorded reported symptom, performed required service action, and completed post-service test."
SR-00783,MR-00783,EQ-0139,TECH-0467,2024-05-15,Corrective,Night,2783,Hydraulic Oil: Filter blockage; observed symptom: arm movement slow after hydraulic oil warms.,Operational test under load,contaminated hydraulic oil,"drained contaminated oil, flushed circuit and refilled with filtered oil",Hydraulic filter,Pressure test passed,1.04,2.72,43441.65,2024-11-15,Completed - Monitor,"Technician checked Hydraulic Oil, recorded reported symptom, performed required service action, and completed post-service test."
SR-00784,MR-00784,EQ-0104,TECH-0388,2024-05-15,Corrective,Evening,1758,Pilot System: Air ingress; observed symptom: arm movement slow after hydraulic oil warms.,Temperature and pressure checks,high oil temperature,tested pilot pressure and inspected pilot circuit,Cylinder seal kit,Operational test passed,9.6,2.4,23373.42,2024-11-15,Completed,"Technician checked Pilot System, recorded reported symptom, performed required service action, and completed post-service test."
SR-00785,MR-00785,EQ-0227,TECH-0216,2024-05-15,Condition-Based,Night,3662,Main Control Valve: Cylinder seal wear; observed symptom: hydraulic flow is low at operating temperature.,Filter inspection and fluid condition check,air entering suction line,inspected hydraulic circuit and isolated affected component,Cooler gasket set,Pressure test passed,8.35,3.26,17432.24,2024-11-15,Completed,"Technician checked Main Control Valve, recorded reported symptom, performed required service action, and completed post-service test."
SR-00786,MR-00786,EQ-0131,TECH-0413,2024-05-15,Condition-Based,Day,1934,Travel Motor: Filter blockage; observed symptom: bucket cylinder leaking externally.,Visual inspection and pressure test,air entering suction line,replaced damaged hose and pressure-tested circuit,Hydraulic hose,Operational test passed,7.4,1.09,64327.15,2024-11-15,Completed - Monitor,"Technician checked Travel Motor, recorded reported symptom, performed required service action, and completed post-service test."
SR-00787,MR-00787,EQ-0112,TECH-0285,2024-05-15,Inspection,Evening,15320,Swing Motor: Line restriction; observed symptom: travel function loses power on incline.,Operational test under load,air entering suction line,inspected hydraulic circuit and isolated affected component,Return filter element,Pressure test passed,6.35,0.66,18397.48,2024-11-15,Completed,"Technician checked Swing Motor, recorded reported symptom, performed required service action, and completed post-service test."
SR-00788,MR-00788,EQ-0206,TECH-0602,2024-05-15,Corrective,Evening,13758,Pilot System: Oil contamination; observed symptom: hydraulic flow is low at operating temperature.,Operational test under load,high oil temperature,replaced damaged hose and pressure-tested circuit,Cylinder seal kit,Functional test passed,13.39,1.81,59372.79,2024-11-15,Follow-up Required,"Technician checked Pilot System, recorded reported symptom, performed required service action, and completed post-service test."
SR-00789,MR-00789,EQ-0147,TECH-0615,2024-05-15,Condition-Based,Evening,5624,Arm Cylinder: Line restriction; observed symptom: hydraulic flow is low at operating temperature.,Operational test under load,damaged cylinder seal,inspected hydraulic circuit and isolated affected component,Cylinder seal kit,Leak test passed,12.59,5.09,47580.28,2024-11-15,Follow-up Required,"Technician checked Arm Cylinder, recorded reported symptom, performed required service action, and completed post-service test."
SR-00790,MR-00790,EQ-0123,TECH-0697,2024-05-15,Condition-Based,Evening,18298,Hydraulic Pump: Internal pump leakage; observed symptom: hydraulic flow is low at operating temperature.,Operational test under load,blocked cooler core,tested pilot pressure and inspected pilot circuit,Return filter element,Operational test passed,10.58,8.24,15564.01,2024-11-15,Closed,"Technician checked Hydraulic Pump, recorded reported symptom, performed required service action, and completed post-service test."
SR-00791,MR-00791,EQ-0239,TECH-0510,2024-05-15,Condition-Based,Night,17493,Oil Cooler: Pilot pressure drop; observed symptom: pump noise increases during operation.,Visual inspection and pressure test,damaged cylinder seal,tested pilot pressure and inspected pilot circuit,Hydraulic hose,Functional test passed,11.67,2.18,57203.62,2024-11-15,Completed - Monitor,"Technician checked Oil Cooler, recorded reported symptom, performed required service action, and completed post-service test."
SR-00792,MR-00792,EQ-0181,TECH-0398,2024-05-15,Inspection,Day,15565,Hydraulic Oil: Internal pump leakage; observed symptom: arm movement slow after hydraulic oil warms.,Visual inspection and pressure test,damaged cylinder seal,"drained contaminated oil, flushed circuit and refilled with filtered oil",Return filter element,Operational test passed,7.62,9.51,40640.21,2024-11-15,Completed - Monitor,"Technician checked Hydraulic Oil, recorded reported symptom, performed required service action, and completed post-service test."
SR-00793,MR-00793,EQ-0172,TECH-0455,2024-05-15,Condition-Based,Day,9532,Main Control Valve: Air ingress; observed symptom: hydraulic oil temperature rises during continuous operation.,Temperature and pressure checks,damaged cylinder seal,inspected hydraulic circuit and isolated affected component,Pump seal kit,Operational test passed,3.82,6.48,51085.98,2024-11-15,Follow-up Required,"Technician checked Main Control Valve, recorded reported symptom, performed required service action, and completed post-service test."
SR-00794,MR-00794,EQ-0200,TECH-0946,2024-05-15,Inspection,Day,7499,Boom Cylinder: Filter blockage; observed symptom: pump noise increases during operation.,Operational test under load,contaminated hydraulic oil,inspected hydraulic circuit and isolated affected component,Cylinder seal kit,Functional test passed,15.41,7.71,39229.76,2024-11-15,Closed,"Technician checked Boom Cylinder, recorded reported symptom, performed required service action, and completed post-service test."
SR-00795,MR-00795,EQ-0127,TECH-0686,2024-05-15,Inspection,Night,11379,Oil Cooler: Oil contamination; observed symptom: travel function loses power on incline.,Filter inspection and fluid condition check,contaminated hydraulic oil,inspected hydraulic circuit and isolated affected component,Cooler gasket set,Functional test passed,5.56,2.84,69820.38,2024-11-15,Follow-up Required,"Technician checked Oil Cooler, recorded reported symptom, performed required service action, and completed post-service test."
SR-00796,MR-00796,EQ-0156,TECH-0980,2024-05-15,Corrective,Evening,15275,Boom Cylinder: Oil contamination; observed symptom: travel function loses power on incline.,Temperature and pressure checks,contaminated hydraulic oil,tested pilot pressure and inspected pilot circuit,Cylinder seal kit,Operational test passed,6.44,2.62,15500.94,2024-11-15,Closed,"Technician checked Boom Cylinder, recorded reported symptom, performed required service action, and completed post-service test."
SR-00797,MR-00797,EQ-0161,TECH-0815,2024-05-15,Inspection,Night,10164,Boom Cylinder: Pilot pressure drop; observed symptom: hydraulic flow is low at operating temperature.,Visual inspection and pressure test,contaminated hydraulic oil,inspected hydraulic circuit and isolated affected component,Return filter element,Functional test passed,3.73,8.39,35566.12,2024-11-15,Closed,"Technician checked Boom Cylinder, recorded reported symptom, performed required service action, and completed post-service test."
SR-00798,MR-00798,EQ-0176,TECH-0477,2024-05-15,Condition-Based,Day,17537,Travel Motor: Cylinder seal wear; observed symptom: bucket cylinder leaking externally.,Temperature and pressure checks,damaged cylinder seal,"drained contaminated oil, flushed circuit and refilled with filtered oil",Pump seal kit,Functional test passed,7.91,1.22,48998.21,2024-11-15,Follow-up Required,"Technician checked Travel Motor, recorded reported symptom, performed required service action, and completed post-service test."
SR-00799,MR-00799,EQ-0185,TECH-0536,2024-05-15,Preventive,Evening,4162,Hydraulic Oil: Line restriction; observed symptom: bucket cylinder leaking externally.,Filter inspection and fluid condition check,loss of accumulator pre-charge,replaced damaged hose and pressure-tested circuit,Hydraulic hose,Operational test passed,1.81,3.57,44223.88,2024-11-15,Completed - Monitor,"Technician checked Hydraulic Oil, recorded reported symptom, performed required service action, and completed post-service test."
SR-00800,MR-00800,EQ-0212,TECH-0452,2024-05-15,Preventive,Night,7140,Arm Cylinder: Valve spool binding; observed symptom: travel function loses power on incline.,Operational test under load,loss of accumulator pre-charge,tested pilot pressure and inspected pilot circuit,Hydraulic hose,Operational test passed,1.68,9.68,12056.53,2024-11-15,Completed,"Technician checked Arm Cylinder, recorded reported symptom, performed required service action, and completed post-service test."
SR-00801,MR-00801,EQ-0188,TECH-0115,2024-05-15,Condition-Based,Night,2107,Hydraulic Filter: Pilot pressure drop; observed symptom: bucket cylinder leaking externally.,Operational test under load,damaged cylinder seal,"drained contaminated oil, flushed circuit and refilled with filtered oil",Hydraulic oil,Leak test passed,6.91,11.12,19565.74,2024-11-15,Follow-up Required,"Technician checked Hydraulic Filter, recorded reported symptom, performed required service action, and completed post-service test."
SR-00802,MR-00802,EQ-0194,TECH-0266,2024-05-15,Inspection,Night,11380,Travel Motor: Air ingress; observed symptom: hydraulic oil temperature rises during continuous operation.,Temperature and pressure checks,loss of accumulator pre-charge,tested pilot pressure and inspected pilot circuit,Valve O-rings,Functional test passed,3.85,5.25,20362.47,2024-11-15,Closed,"Technician checked Travel Motor, recorded reported symptom, performed required service action, and completed post-service test."
SR-00803,MR-00803,EQ-0189,TECH-0970,2024-05-15,Inspection,Day,7681,Accumulator: Filter blockage; observed symptom: travel function loses power on incline.,Visual inspection and pressure test,contaminated hydraulic oil,tested pilot pressure and inspected pilot circuit,Pump seal kit,Operational test passed,8.63,8.16,30498.09,2024-11-15,Follow-up Required,"Technician checked Accumulator, recorded reported symptom, performed required service action, and completed post-service test."
SR-00804,MR-00804,EQ-0134,TECH-0609,2024-05-15,Preventive,Night,1734,Accumulator: Pilot pressure drop; observed symptom: pump noise increases during operation.,Filter inspection and fluid condition check,loss of accumulator pre-charge,tested pilot pressure and inspected pilot circuit,Valve O-rings,Leak test passed,5.05,3.49,68618.11,2024-11-15,Completed - Monitor,"Technician checked Accumulator, recorded reported symptom, performed required service action, and completed post-service test."
SR-00805,MR-00805,EQ-0226,TECH-0771,2024-05-15,Condition-Based,Evening,10280,Hydraulic Oil: Cooler restriction; observed symptom: arm movement slow after hydraulic oil warms.,Filter inspection and fluid condition check,blocked cooler core,inspected hydraulic circuit and isolated affected component,Pump seal kit,Pressure test passed,6.53,4.45,36903.05,2024-11-15,Follow-up Required,"Technician checked Hydraulic Oil, recorded reported symptom, performed required service action, and completed post-service test."
SR-00806,MR-00806,EQ-0156,TECH-0835,2024-05-15,Inspection,Day,2090,Hydraulic Line: Pilot pressure drop; observed symptom: hydraulic oil temperature rises during continuous operation.,Temperature and pressure checks,air entering suction line,inspected hydraulic circuit and isolated affected component,Cylinder seal kit,Pressure test passed,3.29,10.35,27181.67,2024-11-15,Completed,"Technician checked Hydraulic Line, recorded reported symptom, performed required service action, and completed post-service test."
SR-00807,MR-00807,EQ-0151,TECH-0582,2024-05-15,Corrective,Day,2350,Hydraulic Oil: Valve spool binding; observed symptom: travel function loses power on incline.,Temperature and pressure checks,blocked cooler core,inspected hydraulic circuit and isolated affected component,Cylinder seal kit,Leak test passed,1.5,7.55,67200.31,2024-11-15,Completed,"Technician checked Hydraulic Oil, recorded reported symptom, performed required service action, and completed post-service test."
SR-00808,MR-00808,EQ-0108,TECH-0592,2024-05-15,Condition-Based,Day,7295,Oil Cooler: Internal pump leakage; observed symptom: bucket cylinder leaking externally.,Filter inspection and fluid condition check,damaged cylinder seal,replaced damaged hose and pressure-tested circuit,Return filter element,Operational test passed,6.89,11.32,37009.17,2024-11-15,Completed,"Technician checked Oil Cooler, recorded reported symptom, performed required service action, and completed post-service test."
SR-00809,MR-00809,EQ-0240,TECH-0279,2024-05-15,Preventive,Day,3956,Travel Motor: Oil contamination; observed symptom: hydraulic flow is low at operating temperature.,Filter inspection and fluid condition check,damaged cylinder seal,tested pilot pressure and inspected pilot circuit,Cooler gasket set,Functional test passed,4.17,9.43,67421.26,2024-11-15,Follow-up Required,"Technician checked Travel Motor, recorded reported symptom, performed required service action, and completed post-service test."
SR-00810,MR-00810,EQ-0104,TECH-0430,2024-05-15,Condition-Based,Day,10115,Hydraulic Pump: Valve spool binding; observed symptom: pump noise increases during operation.,Filter inspection and fluid condition check,damaged cylinder seal,inspected hydraulic circuit and isolated affected component,Cooler gasket set,Leak test passed,14.07,3.58,42426.4,2024-11-15,Follow-up Required,"Technician checked Hydraulic Pump, recorded reported symptom, performed required service action, and completed post-service test."
SR-00811,MR-00811,EQ-0187,TECH-0328,2024-05-15,Inspection,Evening,16573,Arm Cylinder: Line restriction; observed symptom: arm movement slow after hydraulic oil warms.,Operational test under load,air entering suction line,tested pilot pressure and inspected pilot circuit,Valve O-rings,Pressure test passed,5.87,9.26,53106.33,2024-11-15,Completed - Monitor,"Technician checked Arm Cylinder, recorded reported symptom, performed required service action, and completed post-service test."
SR-00812,MR-00812,EQ-0137,TECH-0454,2024-05-15,Corrective,Evening,7432,Accumulator: Filter blockage; observed symptom: hydraulic flow is low at operating temperature.,Visual inspection and pressure test,loss of accumulator pre-charge,replaced damaged hose and pressure-tested circuit,Valve O-rings,Pressure test passed,6.24,6.23,14042.83,2024-11-15,Completed - Monitor,"Technician checked Accumulator, recorded reported symptom, performed required service action, and completed post-service test."
SR-00813,MR-00813,EQ-0225,TECH-0736,2024-05-15,Preventive,Day,8443,Hydraulic Oil: Oil contamination; observed symptom: hydraulic oil temperature rises during continuous operation.,Visual inspection and pressure test,contaminated hydraulic oil,tested pilot pressure and inspected pilot circuit,Pump seal kit,Operational test passed,11.32,8.84,49422.06,2024-11-15,Follow-up Required,"Technician checked Hydraulic Oil, recorded reported symptom, performed required service action, and completed post-service test."
SR-00814,MR-00814,EQ-0112,TECH-0805,2024-05-15,Preventive,Night,6027,Accumulator: Cylinder seal wear; observed symptom: pump noise increases during operation.,Temperature and pressure checks,high oil temperature,"drained contaminated oil, flushed circuit and refilled with filtered oil",Valve O-rings,Pressure test passed,11.36,1.01,49831.94,2024-11-15,Follow-up Required,"Technician checked Accumulator, recorded reported symptom, performed required service action, and completed post-service test."
SR-00815,MR-00815,EQ-0156,TECH-0960,2024-05-15,Condition-Based,Night,3627,Arm Cylinder: Cooler restriction; observed symptom: arm movement slow after hydraulic oil warms.,Operational test under load,loss of accumulator pre-charge,replaced damaged hose and pressure-tested circuit,Return filter element,Leak test passed,12.8,5.77,52591.37,2024-11-15,Completed - Monitor,"Technician checked Arm Cylinder, recorded reported symptom, performed required service action, and completed post-service test."
SR-00816,MR-00816,EQ-0111,TECH-0301,2024-05-15,Condition-Based,Day,7153,Hydraulic Line: Valve spool binding; observed symptom: arm movement slow after hydraulic oil warms.,Visual inspection and pressure test,high oil temperature,tested pilot pressure and inspected pilot circuit,Hydraulic filter,Pressure test passed,4.96,4.34,49732.77,2024-11-15,Follow-up Required,"Technician checked Hydraulic Line, recorded reported symptom, performed required service action, and completed post-service test."
SR-00817,MR-00817,EQ-0153,TECH-0470,2024-05-15,Condition-Based,Night,14309,Hydraulic Pump: Accumulator pressure loss; observed symptom: arm movement slow after hydraulic oil warms.,Visual inspection and pressure test,damaged cylinder seal,tested pilot pressure and inspected pilot circuit,Hydraulic filter,Pressure test passed,15.4,8.63,52584.96,2024-11-15,Completed - Monitor,"Technician checked Hydraulic Pump, recorded reported symptom, performed required service action, and completed post-service test."
SR-00818,MR-00818,EQ-0176,TECH-0810,2024-05-15,Condition-Based,Evening,13912,Hydraulic Filter: Cylinder seal wear; observed symptom: hydraulic flow is low at operating temperature.,Filter inspection and fluid condition check,air entering suction line,inspected hydraulic circuit and isolated affected component,Return filter element,Operational test passed,2.52,8.69,49205.0,2024-11-15,Completed - Monitor,"Technician checked Hydraulic Filter, recorded reported symptom, performed required service action, and completed post-service test."
SR-00819,MR-00819,EQ-0126,TECH-0387,2024-05-15,Condition-Based,Day,13076,Boom Cylinder: Internal pump leakage; observed symptom: arm movement slow after hydraulic oil warms.,Temperature and pressure checks,air entering suction line,"drained contaminated oil, flushed circuit and refilled with filtered oil",Pump seal kit,Pressure test passed,6.87,9.33,57188.52,2024-11-15,Completed,"Technician checked Boom Cylinder, recorded reported symptom, performed required service action, and completed post-service test."
SR-00820,MR-00820,EQ-0132,TECH-0632,2024-05-15,Preventive,Day,13653,Main Control Valve: Internal pump leakage; observed symptom: pump noise increases during operation.,Visual inspection and pressure test,damaged cylinder seal,inspected hydraulic circuit and isolated affected component,Hydraulic filter,Pressure test passed,15.56,8.95,62681.67,2024-11-15,Closed,"Technician checked Main Control Valve, recorded reported symptom, performed required service action, and completed post-service test."
SR-00821,MR-00821,EQ-0137,TECH-0763,2024-05-15,Inspection,Evening,2782,Hydraulic Pump: Air ingress; observed symptom: pump noise increases during operation.,Filter inspection and fluid condition check,air entering suction line,"drained contaminated oil, flushed circuit and refilled with filtered oil",Hydraulic oil,Operational test passed,5.09,4.8,32665.58,2024-11-15,Follow-up Required,"Technician checked Hydraulic Pump, recorded reported symptom, performed required service action, and completed post-service test."
SR-00822,MR-00822,EQ-0113,TECH-0364,2024-05-15,Corrective,Evening,6814,Swing Motor: Pilot pressure drop; observed symptom: hydraulic oil temperature rises during continuous operation.,Temperature and pressure checks,loss of accumulator pre-charge,"drained contaminated oil, flushed circuit and refilled with filtered oil",Valve O-rings,Leak test passed,8.03,0.85,61288.72,2024-11-15,Completed,"Technician checked Swing Motor, recorded reported symptom, performed required service action, and completed post-service test."
SR-00823,MR-00823,EQ-0186,TECH-0794,2024-05-15,Preventive,Day,13267,Hydraulic Line: Pilot pressure drop; observed symptom: bucket cylinder leaking externally.,Temperature and pressure checks,damaged cylinder seal,"drained contaminated oil, flushed circuit and refilled with filtered oil",Cooler gasket set,Operational test passed,6.05,4.21,15125.73,2024-11-15,Completed,"Technician checked Hydraulic Line, recorded reported symptom, performed required service action, and completed post-service test."
SR-00824,MR-00824,EQ-0192,TECH-0169,2024-05-15,Inspection,Night,6855,Boom Cylinder: Cylinder seal wear; observed symptom: arm movement slow after hydraulic oil warms.,Filter inspection and fluid condition check,loss of accumulator pre-charge,tested pilot pressure and inspected pilot circuit,Valve O-rings,Leak test passed,4.58,11.72,33276.69,2024-11-15,Completed - Monitor,"Technician checked Boom Cylinder, recorded reported symptom, performed required service action, and completed post-service test."
SR-00825,MR-00825,EQ-0235,TECH-0356,2024-05-15,Inspection,Evening,17686,Travel Motor: Valve spool binding; observed symptom: hydraulic flow is low at operating temperature.,Operational test under load,loss of accumulator pre-charge,tested pilot pressure and inspected pilot circuit,Hydraulic hose,Leak test passed,2.93,11.44,13409.6,2024-11-15,Follow-up Required,"Technician checked Travel Motor, recorded reported symptom, performed required service action, and completed post-service test."
SR-00826,MR-00826,EQ-0171,TECH-0538,2024-05-15,Condition-Based,Day,8954,Oil Cooler: Pilot pressure drop; observed symptom: arm movement slow after hydraulic oil warms.,Visual inspection and pressure test,blocked cooler core,"drained contaminated oil, flushed circuit and refilled with filtered oil",Return filter element,Operational test passed,15.31,8.19,76387.15,2024-11-15,Closed,"Technician checked Oil Cooler, recorded reported symptom, performed required service action, and completed post-service test."
SR-00827,MR-00827,EQ-0153,TECH-0239,2024-05-15,Corrective,Night,13502,Hydraulic Oil: Pilot pressure drop; observed symptom: pump noise increases during operation.,Temperature and pressure checks,damaged cylinder seal,tested pilot pressure and inspected pilot circuit,Return filter element,Operational test passed,15.47,10.39,6773.11,2024-11-15,Closed,"Technician checked Hydraulic Oil, recorded reported symptom, performed required service action, and completed post-service test."
SR-00828,MR-00828,EQ-0165,TECH-0303,2024-05-15,Corrective,Evening,13285,Pilot System: Valve spool binding; observed symptom: bucket cylinder leaking externally.,Operational test under load,air entering suction line,replaced damaged hose and pressure-tested circuit,Hydraulic oil,Leak test passed,6.93,5.67,40708.47,2024-11-15,Completed,"Technician checked Pilot System, recorded reported symptom, performed required service action, and completed post-service test."
SR-00829,MR-00829,EQ-0239,TECH-0765,2024-05-15,Condition-Based,Night,9036,Hydraulic Oil: Filter blockage; observed symptom: arm movement slow after hydraulic oil warms.,Temperature and pressure checks,loss of accumulator pre-charge,"drained contaminated oil, flushed circuit and refilled with filtered oil",Pump seal kit,Pressure test passed,14.17,1.08,63301.89,2024-11-15,Closed,"Technician checked Hydraulic Oil, recorded reported symptom, performed required service action, and completed post-service test."
SR-00830,MR-00830,EQ-0174,TECH-0200,2024-05-15,Inspection,Day,2510,Main Control Valve: Pilot pressure drop; observed symptom: travel function loses power on incline.,Filter inspection and fluid condition check,loss of accumulator pre-charge,"drained contaminated oil, flushed circuit and refilled with filtered oil",Cylinder seal kit,Pressure test passed,10.98,9.81,27270.29,2024-11-15,Closed,"Technician checked Main Control Valve, recorded reported symptom, performed required service action, and completed post-service test."
SR-00831,MR-00831,EQ-0159,TECH-0112,2024-05-15,Inspection,Night,8667,Pilot System: Accumulator pressure loss; observed symptom: arm movement slow after hydraulic oil warms.,Visual inspection and pressure test,air entering suction line,inspected hydraulic circuit and isolated affected component,Cylinder seal kit,Pressure test passed,4.16,0.45,38198.94,2024-11-15,Completed,"Technician checked Pilot System, recorded reported symptom, performed required service action, and completed post-service test."
SR-00832,MR-00832,EQ-0214,TECH-0922,2024-05-15,Preventive,Night,1740,Travel Motor: Valve spool binding; observed symptom: arm movement slow after hydraulic oil warms.,Filter inspection and fluid condition check,loss of accumulator pre-charge,tested pilot pressure and inspected pilot circuit,Valve O-rings,Operational test passed,9.53,9.16,71552.05,2024-11-15,Closed,"Technician checked Travel Motor, recorded reported symptom, performed required service action, and completed post-service test."
SR-00833,MR-00833,EQ-0147,TECH-0521,2024-05-15,Condition-Based,Night,14551,Hydraulic Line: Cylinder seal wear; observed symptom: hydraulic flow is low at operating temperature.,Operational test under load,contaminated hydraulic oil,"drained contaminated oil, flushed circuit and refilled with filtered oil",Cooler gasket set,Functional test passed,7.24,1.03,27115.3,2024-11-15,Completed,"Technician checked Hydraulic Line, recorded reported symptom, performed required service action, and completed post-service test."
SR-00834,MR-00834,EQ-0118,TECH-0874,2024-05-15,Condition-Based,Day,6967,Arm Cylinder: Internal pump leakage; observed symptom: arm movement slow after hydraulic oil warms.,Operational test under load,blocked cooler core,"drained contaminated oil, flushed circuit and refilled with filtered oil",Hydraulic oil,Pressure test passed,14.37,10.76,69381.96,2024-11-15,Closed,"Technician checked Arm Cylinder, recorded reported symptom, performed required service action, and completed post-service test."
SR-00835,MR-00835,EQ-0221,TECH-0102,2024-05-15,Condition-Based,Night,1915,Hydraulic Filter: Cooler restriction; observed symptom: bucket cylinder leaking externally.,Temperature and pressure checks,air entering suction line,"drained contaminated oil, flushed circuit and refilled with filtered oil",Pump seal kit,Pressure test passed,13.09,3.14,2903.4,2024-11-15,Completed - Monitor,"Technician checked Hydraulic Filter, recorded reported symptom, performed required service action, and completed post-service test."
SR-00836,MR-00836,EQ-0199,TECH-0220,2024-05-15,Preventive,Evening,3022,Hydraulic Oil: Accumulator pressure loss; observed symptom: travel function loses power on incline.,Temperature and pressure checks,damaged cylinder seal,inspected hydraulic circuit and isolated affected component,Pump seal kit,Pressure test passed,14.09,0.39,34780.25,2024-11-15,Completed - Monitor,"Technician checked Hydraulic Oil, recorded reported symptom, performed required service action, and completed post-service test."
SR-00837,MR-00837,EQ-0152,TECH-0832,2024-05-15,Condition-Based,Day,2670,Hydraulic Pump: Accumulator pressure loss; observed symptom: hydraulic flow is low at operating temperature.,Operational test under load,high oil temperature,tested pilot pressure and inspected pilot circuit,Pump seal kit,Leak test passed,4.13,10.28,64505.69,2024-11-15,Completed,"Technician checked Hydraulic Pump, recorded reported symptom, performed required service action, and completed post-service test."
SR-00838,MR-00838,EQ-0181,TECH-0683,2024-05-15,Inspection,Night,6160,Hydraulic Line: Cylinder seal wear; observed symptom: travel function loses power on incline.,Visual inspection and pressure test,contaminated hydraulic oil,"drained contaminated oil, flushed circuit and refilled with filtered oil",Hydraulic hose,Functional test passed,1.79,7.46,62394.75,2024-11-15,Follow-up Required,"Technician checked Hydraulic Line, recorded reported symptom, performed required service action, and completed post-service test."
SR-00839,MR-00839,EQ-0124,TECH-0512,2024-05-15,Corrective,Night,14979,Hydraulic Pump: Cooler restriction; observed symptom: bucket cylinder leaking externally.,Operational test under load,high oil temperature,tested pilot pressure and inspected pilot circuit,Return filter element,Operational test passed,10.92,11.44,36459.25,2024-11-15,Follow-up Required,"Technician checked Hydraulic Pump, recorded reported symptom, performed required service action, and completed post-service test."
SR-00840,MR-00840,EQ-0164,TECH-0231,2024-05-15,Inspection,Evening,11336,Hydraulic Oil: Line restriction; observed symptom: bucket cylinder leaking externally.,Visual inspection and pressure test,loss of accumulator pre-charge,replaced damaged hose and pressure-tested circuit,Return filter element,Operational test passed,10.42,6.52,39294.66,2024-11-15,Closed,"Technician checked Hydraulic Oil, recorded reported symptom, performed required service action, and completed post-service test."
SR-00841,MR-00841,EQ-0151,TECH-0622,2024-05-15,Preventive,Day,7125,Accumulator: Cylinder seal wear; observed symptom: travel function loses power on incline.,Temperature and pressure checks,air entering suction line,"drained contaminated oil, flushed circuit and refilled with filtered oil",Hydraulic filter,Leak test passed,10.82,8.61,68735.0,2024-11-15,Completed - Monitor,"Technician checked Accumulator, recorded reported symptom, performed required service action, and completed post-service test."
SR-00842,MR-00842,EQ-0166,TECH-0500,2024-05-15,Preventive,Evening,7168,Main Control Valve: Cylinder seal wear; observed symptom: travel function loses power on incline.,Temperature and pressure checks,damaged cylinder seal,replaced damaged hose and pressure-tested circuit,Return filter element,Pressure test passed,14.65,10.99,67099.22,2024-11-15,Follow-up Required,"Technician checked Main Control Valve, recorded reported symptom, performed required service action, and completed post-service test."
SR-00843,MR-00843,EQ-0216,TECH-0229,2024-05-15,Inspection,Evening,14586,Travel Motor: Cooler restriction; observed symptom: pump noise increases during operation.,Operational test under load,blocked cooler core,replaced damaged hose and pressure-tested circuit,Hydraulic oil,Leak test passed,8.67,3.29,71136.04,2024-11-15,Completed,"Technician checked Travel Motor, recorded reported symptom, performed required service action, and completed post-service test."
SR-00844,MR-00844,EQ-0224,TECH-0321,2024-05-15,Inspection,Evening,5418,Boom Cylinder: Pilot pressure drop; observed symptom: travel function loses power on incline.,Filter inspection and fluid condition check,air entering suction line,"drained contaminated oil, flushed circuit and refilled with filtered oil",Valve O-rings,Leak test passed,4.07,11.49,13895.7,2024-11-15,Closed,"Technician checked Boom Cylinder, recorded reported symptom, performed required service action, and completed post-service test."
SR-00845,MR-00845,EQ-0164,TECH-0884,2024-05-15,Condition-Based,Evening,6716,Accumulator: Pilot pressure drop; observed symptom: bucket cylinder leaking externally.,Visual inspection and pressure test,blocked cooler core,replaced damaged hose and pressure-tested circuit,Pump seal kit,Leak test passed,14.39,9.52,63763.01,2024-11-15,Follow-up Required,"Technician checked Accumulator, recorded reported symptom, performed required service action, and completed post-service test."
SR-00846,MR-00846,EQ-0146,TECH-0136,2024-05-15,Corrective,Night,10708,Oil Cooler: Valve spool binding; observed symptom: travel function loses power on incline.,Temperature and pressure checks,high oil temperature,inspected hydraulic circuit and isolated affected component,Cooler gasket set,Operational test passed,14.44,8.53,33788.6,2024-11-15,Completed - Monitor,"Technician checked Oil Cooler, recorded reported symptom, performed required service action, and completed post-service test."
SR-00847,MR-00847,EQ-0236,TECH-0644,2024-05-15,Corrective,Night,10748,Bucket Cylinder: Cooler restriction; observed symptom: bucket cylinder leaking externally.,Visual inspection and pressure test,loss of accumulator pre-charge,tested pilot pressure and inspected pilot circuit,Pump seal kit,Functional test passed,2.85,7.78,21310.13,2024-11-15,Closed,"Technician checked Bucket Cylinder, recorded reported symptom, performed required service action, and completed post-service test."
SR-00848,MR-00848,EQ-0240,TECH-0505,2024-05-15,Inspection,Night,7980,Bucket Cylinder: Pilot pressure drop; observed symptom: bucket cylinder leaking externally.,Operational test under load,damaged cylinder seal,replaced damaged hose and pressure-tested circuit,Cooler gasket set,Pressure test passed,9.64,5.79,30148.64,2024-11-15,Closed,"Technician checked Bucket Cylinder, recorded reported symptom, performed required service action, and completed post-service test."
SR-00849,MR-00849,EQ-0216,TECH-0537,2024-05-15,Condition-Based,Evening,10142,Accumulator: Valve spool binding; observed symptom: travel function loses power on incline.,Temperature and pressure checks,high oil temperature,replaced damaged hose and pressure-tested circuit,Valve O-rings,Leak test passed,2.11,9.47,62057.05,2024-11-15,Closed,"Technician checked Accumulator, recorded reported symptom, performed required service action, and completed post-service test."
SR-00850,MR-00850,EQ-0182,TECH-0879,2024-05-15,Inspection,Night,6030,Accumulator: Internal pump leakage; observed symptom: pump noise increases during operation.,Visual inspection and pressure test,air entering suction line,replaced damaged hose and pressure-tested circuit,Cooler gasket set,Leak test passed,4.32,0.35,25443.09,2024-11-15,Closed,"Technician checked Accumulator, recorded reported symptom, performed required service action, and completed post-service test."
SR-00851,MR-00851,EQ-0167,TECH-0300,2024-05-15,Inspection,Day,12046,Pilot System: Air ingress; observed symptom: bucket cylinder leaking externally.,Temperature and pressure checks,blocked cooler core,tested pilot pressure and inspected pilot circuit,Valve O-rings,Operational test passed,3.99,9.97,39559.13,2024-11-15,Closed,"Technician checked Pilot System, recorded reported symptom, performed required service action, and completed post-service test."
SR-00852,MR-00852,EQ-0168,TECH-0653,2024-05-15,Inspection,Day,2408,Bucket Cylinder: Cooler restriction; observed symptom: bucket cylinder leaking externally.,Temperature and pressure checks,blocked cooler core,tested pilot pressure and inspected pilot circuit,Cylinder seal kit,Functional test passed,11.09,4.85,6282.05,2024-11-15,Completed,"Technician checked Bucket Cylinder, recorded reported symptom, performed required service action, and completed post-service test."
SR-00853,MR-00853,EQ-0140,TECH-0162,2024-05-15,Preventive,Evening,6023,Accumulator: Valve spool binding; observed symptom: hydraulic flow is low at operating temperature.,Temperature and pressure checks,contaminated hydraulic oil,"drained contaminated oil, flushed circuit and refilled with filtered oil",Hydraulic filter,Pressure test passed,5.83,4.19,50794.52,2024-11-15,Closed,"Technician checked Accumulator, recorded reported symptom, performed required service action, and completed post-service test."
SR-00854,MR-00854,EQ-0236,TECH-0652,2024-05-15,Corrective,Day,11511,Bucket Cylinder: Accumulator pressure loss; observed symptom: bucket cylinder leaking externally.,Filter inspection and fluid condition check,contaminated hydraulic oil,tested pilot pressure and inspected pilot circuit,Hydraulic hose,Leak test passed,10.74,5.14,67516.32,2024-11-15,Completed - Monitor,"Technician checked Bucket Cylinder, recorded reported symptom, performed required service action, and completed post-service test."
SR-00855,MR-00855,EQ-0124,TECH-0276,2024-05-15,Corrective,Night,6316,Bucket Cylinder: Accumulator pressure loss; observed symptom: bucket cylinder leaking externally.,Filter inspection and fluid condition check,high oil temperature,inspected hydraulic circuit and isolated affected component,Pump seal kit,Pressure test passed,3.76,4.69,61170.29,2024-11-15,Completed,"Technician checked Bucket Cylinder, recorded reported symptom, performed required service action, and completed post-service test."
SR-00856,MR-00856,EQ-0106,TECH-0694,2024-05-15,Preventive,Night,5377,Hydraulic Filter: Air ingress; observed symptom: pump noise increases during operation.,Temperature and pressure checks,contaminated hydraulic oil,tested pilot pressure and inspected pilot circuit,Cylinder seal kit,Functional test passed,3.27,11.04,10413.3,2024-11-15,Follow-up Required,"Technician checked Hydraulic Filter, recorded reported symptom, performed required service action, and completed post-service test."
SR-00857,MR-00857,EQ-0123,TECH-0866,2024-05-15,Corrective,Day,16193,Swing Motor: Cooler restriction; observed symptom: arm movement slow after hydraulic oil warms.,Visual inspection and pressure test,blocked cooler core,inspected hydraulic circuit and isolated affected component,Cooler gasket set,Functional test passed,11.92,11.88,60275.37,2024-11-15,Follow-up Required,"Technician checked Swing Motor, recorded reported symptom, performed required service action, and completed post-service test."
SR-00858,MR-00858,EQ-0123,TECH-0900,2024-05-15,Inspection,Day,13781,Travel Motor: Line restriction; observed symptom: hydraulic oil temperature rises during continuous operation.,Visual inspection and pressure test,loss of accumulator pre-charge,"drained contaminated oil, flushed circuit and refilled with filtered oil",Hydraulic hose,Pressure test passed,10.08,9.76,57595.6,2024-11-15,Completed - Monitor,"Technician checked Travel Motor, recorded reported symptom, performed required service action, and completed post-service test."
SR-00859,MR-00859,EQ-0201,TECH-0852,2024-05-15,Inspection,Night,15805,Hydraulic Oil: Oil contamination; observed symptom: arm movement slow after hydraulic oil warms.,Temperature and pressure checks,loss of accumulator pre-charge,tested pilot pressure and inspected pilot circuit,Hydraulic filter,Pressure test passed,9.65,3.16,48861.94,2024-11-15,Follow-up Required,"Technician checked Hydraulic Oil, recorded reported symptom, performed required service action, and completed post-service test."
SR-00860,MR-00860,EQ-0188,TECH-0438,2024-05-15,Preventive,Day,17842,Accumulator: Valve spool binding; observed symptom: bucket cylinder leaking externally.,Temperature and pressure checks,high oil temperature,inspected hydraulic circuit and isolated affected component,Hydraulic hose,Operational test passed,7.13,9.62,38410.74,2024-11-15,Closed,"Technician checked Accumulator, recorded reported symptom, performed required service action, and completed post-service test."
SR-00861,MR-00861,EQ-0215,TECH-0189,2024-05-15,Condition-Based,Day,10953,Hydraulic Filter: Line restriction; observed symptom: pump noise increases during operation.,Temperature and pressure checks,damaged cylinder seal,tested pilot pressure and inspected pilot circuit,Valve O-rings,Functional test passed,15.96,5.99,75069.1,2024-11-15,Completed - Monitor,"Technician checked Hydraulic Filter, recorded reported symptom, performed required service action, and completed post-service test."
SR-00862,MR-00862,EQ-0209,TECH-0666,2024-05-15,Inspection,Evening,7194,Oil Cooler: Line restriction; observed symptom: arm movement slow after hydraulic oil warms.,Operational test under load,damaged cylinder seal,replaced damaged hose and pressure-tested circuit,Return filter element,Leak test passed,6.13,3.64,51986.94,2024-11-15,Closed,"Technician checked Oil Cooler, recorded reported symptom, performed required service action, and completed post-service test."
SR-00863,MR-00863,EQ-0115,TECH-0209,2024-05-15,Preventive,Day,2362,Accumulator: Filter blockage; observed symptom: hydraulic oil temperature rises during continuous operation.,Operational test under load,air entering suction line,"drained contaminated oil, flushed circuit and refilled with filtered oil",Valve O-rings,Functional test passed,4.57,10.94,32093.77,2024-11-15,Closed,"Technician checked Accumulator, recorded reported symptom, performed required service action, and completed post-service test."
SR-00864,MR-00864,EQ-0140,TECH-0551,2024-05-15,Preventive,Day,16814,Accumulator: Air ingress; observed symptom: travel function loses power on incline.,Visual inspection and pressure test,loss of accumulator pre-charge,tested pilot pressure and inspected pilot circuit,Hydraulic filter,Pressure test passed,5.53,11.18,37302.19,2024-11-15,Follow-up Required,"Technician checked Accumulator, recorded reported symptom, performed required service action, and completed post-service test."
SR-00865,MR-00865,EQ-0121,TECH-0132,2024-05-15,Preventive,Day,6610,Hydraulic Line: Filter blockage; observed symptom: arm movement slow after hydraulic oil warms.,Temperature and pressure checks,air entering suction line,replaced damaged hose and pressure-tested circuit,Hydraulic filter,Pressure test passed,4.72,9.41,65521.82,2024-11-15,Completed - Monitor,"Technician checked Hydraulic Line, recorded reported symptom, performed required service action, and completed post-service test."
SR-00866,MR-00866,EQ-0109,TECH-0208,2024-05-15,Corrective,Day,5315,Bucket Cylinder: Filter blockage; observed symptom: hydraulic flow is low at operating temperature.,Operational test under load,air entering suction line,inspected hydraulic circuit and isolated affected component,Cooler gasket set,Leak test passed,9.38,3.79,66144.63,2024-11-15,Completed,"Technician checked Bucket Cylinder, recorded reported symptom, performed required service action, and completed post-service test."
SR-00867,MR-00867,EQ-0166,TECH-0816,2024-05-15,Inspection,Day,3857,Hydraulic Oil: Filter blockage; observed symptom: pump noise increases during operation.,Operational test under load,air entering suction line,replaced damaged hose and pressure-tested circuit,Cylinder seal kit,Leak test passed,3.25,0.67,29645.0,2024-11-15,Completed,"Technician checked Hydraulic Oil, recorded reported symptom, performed required service action, and completed post-service test."
SR-00868,MR-00868,EQ-0225,TECH-0890,2024-05-15,Preventive,Day,11415,Arm Cylinder: Line restriction; observed symptom: hydraulic oil temperature rises during continuous operation.,Temperature and pressure checks,blocked cooler core,"drained contaminated oil, flushed circuit and refilled with filtered oil",Cylinder seal kit,Leak test passed,1.34,4.14,15744.9,2024-11-15,Completed - Monitor,"Technician checked Arm Cylinder, recorded reported symptom, performed required service action, and completed post-service test."
SR-00869,MR-00869,EQ-0232,TECH-0416,2024-05-15,Preventive,Night,3646,Bucket Cylinder: Cylinder seal wear; observed symptom: hydraulic oil temperature rises during continuous operation.,Operational test under load,damaged cylinder seal,"drained contaminated oil, flushed circuit and refilled with filtered oil",Hydraulic hose,Functional test passed,15.62,7.92,56941.32,2024-11-15,Completed - Monitor,"Technician checked Bucket Cylinder, recorded reported symptom, performed required service action, and completed post-service test."
SR-00870,MR-00870,EQ-0167,TECH-0540,2024-05-15,Corrective,Night,2816,Swing Motor: Pilot pressure drop; observed symptom: hydraulic flow is low at operating temperature.,Filter inspection and fluid condition check,loss of accumulator pre-charge,tested pilot pressure and inspected pilot circuit,Hydraulic oil,Functional test passed,13.69,10.55,10462.23,2024-11-15,Completed,"Technician checked Swing Motor, recorded reported symptom, performed required service action, and completed post-service test."
SR-00871,MR-00871,EQ-0181,TECH-0805,2024-05-15,Condition-Based,Night,1670,Accumulator: Pilot pressure drop; observed symptom: bucket cylinder leaking externally.,Visual inspection and pressure test,contaminated hydraulic oil,tested pilot pressure and inspected pilot circuit,Hydraulic oil,Pressure test passed,13.59,10.28,22474.78,2024-11-15,Follow-up Required,"Technician checked Accumulator, recorded reported symptom, performed required service action, and completed post-service test."
SR-00872,MR-00872,EQ-0120,TECH-0235,2024-05-15,Condition-Based,Day,9998,Hydraulic Line: Cylinder seal wear; observed symptom: arm movement slow after hydraulic oil warms.,Filter inspection and fluid condition check,damaged cylinder seal,replaced damaged hose and pressure-tested circuit,Cooler gasket set,Functional test passed,11.0,0.5,19292.28,2024-11-15,Completed,"Technician checked Hydraulic Line, recorded reported symptom, performed required service action, and completed post-service test."
SR-00873,MR-00873,EQ-0220,TECH-0884,2024-05-15,Preventive,Day,13591,Pilot System: Valve spool binding; observed symptom: travel function loses power on incline.,Operational test under load,contaminated hydraulic oil,"drained contaminated oil, flushed circuit and refilled with filtered oil",Valve O-rings,Functional test passed,5.76,2.23,38500.2,2024-11-15,Completed - Monitor,"Technician checked Pilot System, recorded reported symptom, performed required service action, and completed post-service test."
SR-00874,MR-00874,EQ-0121,TECH-0405,2024-05-15,Preventive,Evening,9906,Hydraulic Line: Cooler restriction; observed symptom: hydraulic oil temperature rises during continuous operation.,Temperature and pressure checks,loss of accumulator pre-charge,inspected hydraulic circuit and isolated affected component,Cylinder seal kit,Operational test passed,9.57,4.78,61293.22,2024-11-15,Follow-up Required,"Technician checked Hydraulic Line, recorded reported symptom, performed required service action, and completed post-service test."
SR-00875,MR-00875,EQ-0220,TECH-0930,2024-05-15,Condition-Based,Day,7431,Travel Motor: Air ingress; observed symptom: hydraulic flow is low at operating temperature.,Operational test under load,blocked cooler core,inspected hydraulic circuit and isolated affected component,Cylinder seal kit,Leak test passed,4.53,9.86,65888.33,2024-11-15,Completed,"Technician checked Travel Motor, recorded reported symptom, performed required service action, and completed post-service test."
SR-00876,MR-00876,EQ-0105,TECH-0503,2024-05-15,Inspection,Evening,12332,Bucket Cylinder: Internal pump leakage; observed symptom: bucket cylinder leaking externally.,Filter inspection and fluid condition check,loss of accumulator pre-charge,"drained contaminated oil, flushed circuit and refilled with filtered oil",Return filter element,Functional test passed,13.71,2.98,61916.38,2024-11-15,Follow-up Required,"Technician checked Bucket Cylinder, recorded reported symptom, performed required service action, and completed post-service test."
SR-00877,MR-00877,EQ-0157,TECH-0574,2024-05-15,Preventive,Day,16437,Hydraulic Line: Filter blockage; observed symptom: travel function loses power on incline.,Visual inspection and pressure test,contaminated hydraulic oil,inspected hydraulic circuit and isolated affected component,Pump seal kit,Operational test passed,3.44,4.29,53972.49,2024-11-15,Completed - Monitor,"Technician checked Hydraulic Line, recorded reported symptom, performed required service action, and completed post-service test."
SR-00878,MR-00878,EQ-0154,TECH-0541,2024-05-15,Inspection,Evening,15486,Oil Cooler: Cylinder seal wear; observed symptom: arm movement slow after hydraulic oil warms.,Filter inspection and fluid condition check,damaged cylinder seal,inspected hydraulic circuit and isolated affected component,Hydraulic oil,Functional test passed,7.48,11.6,31421.32,2024-11-15,Follow-up Required,"Technician checked Oil Cooler, recorded reported symptom, performed required service action, and completed post-service test."
SR-00879,MR-00879,EQ-0144,TECH-0235,2024-05-15,Condition-Based,Day,9627,Accumulator: Internal pump leakage; observed symptom: hydraulic oil temperature rises during continuous operation.,Temperature and pressure checks,air entering suction line,inspected hydraulic circuit and isolated affected component,Return filter element,Pressure test passed,15.98,8.81,73670.45,2024-11-15,Follow-up Required,"Technician checked Accumulator, recorded reported symptom, performed required service action, and completed post-service test."
SR-00880,MR-00880,EQ-0215,TECH-0507,2024-05-15,Condition-Based,Evening,6877,Arm Cylinder: Accumulator pressure loss; observed symptom: arm movement slow after hydraulic oil warms.,Operational test under load,loss of accumulator pre-charge,inspected hydraulic circuit and isolated affected component,Return filter element,Operational test passed,5.54,8.94,72893.06,2024-11-15,Completed,"Technician checked Arm Cylinder, recorded reported symptom, performed required service action, and completed post-service test."
SR-00881,MR-00881,EQ-0168,TECH-0948,2024-05-15,Preventive,Day,2468,Hydraulic Pump: Air ingress; observed symptom: arm movement slow after hydraulic oil warms.,Visual inspection and pressure test,contaminated hydraulic oil,"drained contaminated oil, flushed circuit and refilled with filtered oil",Hydraulic oil,Pressure test passed,9.79,9.94,60685.18,2024-11-15,Completed,"Technician checked Hydraulic Pump, recorded reported symptom, performed required service action, and completed post-service test."
SR-00882,MR-00882,EQ-0125,TECH-0931,2024-05-15,Preventive,Day,4094,Travel Motor: Air ingress; observed symptom: hydraulic oil temperature rises during continuous operation.,Temperature and pressure checks,contaminated hydraulic oil,replaced damaged hose and pressure-tested circuit,Return filter element,Pressure test passed,2.04,9.49,32585.41,2024-11-15,Completed,"Technician checked Travel Motor, recorded reported symptom, performed required service action, and completed post-service test."
SR-00883,MR-00883,EQ-0102,TECH-0593,2024-05-15,Condition-Based,Day,14579,Pilot System: Valve spool binding; observed symptom: bucket cylinder leaking externally.,Visual inspection and pressure test,high oil temperature,replaced damaged hose and pressure-tested circuit,Cooler gasket set,Pressure test passed,1.3,2.29,17142.3,2024-11-15,Closed,"Technician checked Pilot System, recorded reported symptom, performed required service action, and completed post-service test."
SR-00884,MR-00884,EQ-0126,TECH-0530,2024-05-15,Condition-Based,Evening,10757,Hydraulic Line: Oil contamination; observed symptom: pump noise increases during operation.,Visual inspection and pressure test,blocked cooler core,replaced damaged hose and pressure-tested circuit,Cylinder seal kit,Pressure test passed,8.37,3.6,32541.65,2024-11-15,Completed - Monitor,"Technician checked Hydraulic Line, recorded reported symptom, performed required service action, and completed post-service test."
SR-00885,MR-00885,EQ-0196,TECH-0707,2024-05-15,Corrective,Day,8451,Hydraulic Pump: Cooler restriction; observed symptom: bucket cylinder leaking externally.,Filter inspection and fluid condition check,damaged cylinder seal,replaced damaged hose and pressure-tested circuit,Cooler gasket set,Operational test passed,3.53,10.81,54792.55,2024-11-15,Closed,"Technician checked Hydraulic Pump, recorded reported symptom, performed required service action, and completed post-service test."
SR-00886,MR-00886,EQ-0116,TECH-0288,2024-05-15,Corrective,Day,11497,Hydraulic Filter: Filter blockage; observed symptom: pump noise increases during operation.,Filter inspection and fluid condition check,loss of accumulator pre-charge,tested pilot pressure and inspected pilot circuit,Return filter element,Functional test passed,9.68,8.16,68022.04,2024-11-15,Follow-up Required,"Technician checked Hydraulic Filter, recorded reported symptom, performed required service action, and completed post-service test."
SR-00887,MR-00887,EQ-0167,TECH-0675,2024-05-15,Condition-Based,Day,4189,Swing Motor: Cooler restriction; observed symptom: bucket cylinder leaking externally.,Visual inspection and pressure test,contaminated hydraulic oil,replaced damaged hose and pressure-tested circuit,Return filter element,Operational test passed,3.8,5.48,7087.56,2024-11-15,Closed,"Technician checked Swing Motor, recorded reported symptom, performed required service action, and completed post-service test."
SR-00888,MR-00888,EQ-0118,TECH-0185,2024-05-15,Inspection,Evening,8403,Bucket Cylinder: Line restriction; observed symptom: arm movement slow after hydraulic oil warms.,Visual inspection and pressure test,high oil temperature,"drained contaminated oil, flushed circuit and refilled with filtered oil",Pump seal kit,Leak test passed,13.34,3.61,48045.42,2024-11-15,Completed,"Technician checked Bucket Cylinder, recorded reported symptom, performed required service action, and completed post-service test."
SR-00889,MR-00889,EQ-0166,TECH-0408,2024-05-15,Inspection,Day,15290,Hydraulic Oil: Line restriction; observed symptom: bucket cylinder leaking externally.,Filter inspection and fluid condition check,contaminated hydraulic oil,replaced damaged hose and pressure-tested circuit,Hydraulic filter,Operational test passed,10.65,5.26,40725.68,2024-11-15,Follow-up Required,"Technician checked Hydraulic Oil, recorded reported symptom, performed required service action, and completed post-service test."
SR-00890,MR-00890,EQ-0142,TECH-0253,2024-05-15,Preventive,Night,10857,Boom Cylinder: Cooler restriction; observed symptom: hydraulic flow is low at operating temperature.,Filter inspection and fluid condition check,blocked cooler core,tested pilot pressure and inspected pilot circuit,Cooler gasket set,Pressure test passed,10.73,3.85,38434.47,2024-11-15,Completed,"Technician checked Boom Cylinder, recorded reported symptom, performed required service action, and completed post-service test."
SR-00891,MR-00891,EQ-0155,TECH-0283,2024-05-15,Preventive,Night,13553,Swing Motor: Line restriction; observed symptom: hydraulic flow is low at operating temperature.,Filter inspection and fluid condition check,loss of accumulator pre-charge,tested pilot pressure and inspected pilot circuit,Valve O-rings,Pressure test passed,14.98,4.13,12212.3,2024-11-15,Closed,"Technician checked Swing Motor, recorded reported symptom, performed required service action, and completed post-service test."
SR-00892,MR-00892,EQ-0146,TECH-0160,2024-05-15,Inspection,Evening,13579,Swing Motor: Air ingress; observed symptom: travel function loses power on incline.,Operational test under load,loss of accumulator pre-charge,inspected hydraulic circuit and isolated affected component,Hydraulic hose,Functional test passed,4.93,3.13,49043.61,2024-11-15,Completed,"Technician checked Swing Motor, recorded reported symptom, performed required service action, and completed post-service test."
SR-00893,MR-00893,EQ-0101,TECH-0127,2024-05-15,Inspection,Night,14133,Main Control Valve: Pilot pressure drop; observed symptom: hydraulic flow is low at operating temperature.,Visual inspection and pressure test,damaged cylinder seal,tested pilot pressure and inspected pilot circuit,Hydraulic filter,Leak test passed,7.96,10.3,15736.99,2024-11-15,Completed - Monitor,"Technician checked Main Control Valve, recorded reported symptom, performed required service action, and completed post-service test."
SR-00894,MR-00894,EQ-0181,TECH-0462,2024-05-15,Corrective,Night,8511,Boom Cylinder: Cylinder seal wear; observed symptom: arm movement slow after hydraulic oil warms.,Operational test under load,air entering suction line,replaced damaged hose and pressure-tested circuit,Cooler gasket set,Functional test passed,9.61,0.41,44091.85,2024-11-15,Follow-up Required,"Technician checked Boom Cylinder, recorded reported symptom, performed required service action, and completed post-service test."
SR-00895,MR-00895,EQ-0123,TECH-0537,2024-05-15,Condition-Based,Night,12449,Hydraulic Pump: Line restriction; observed symptom: hydraulic oil temperature rises during continuous operation.,Visual inspection and pressure test,high oil temperature,inspected hydraulic circuit and isolated affected component,Hydraulic hose,Leak test passed,6.65,3.34,71228.55,2024-11-15,Closed,"Technician checked Hydraulic Pump, recorded reported symptom, performed required service action, and completed post-service test."
SR-00896,MR-00896,EQ-0114,TECH-0831,2024-05-15,Corrective,Day,18195,Hydraulic Line: Cooler restriction; observed symptom: travel function loses power on incline.,Operational test under load,blocked cooler core,inspected hydraulic circuit and isolated affected component,Hydraulic filter,Operational test passed,5.13,9.42,12742.18,2024-11-15,Closed,"Technician checked Hydraulic Line, recorded reported symptom, performed required service action, and completed post-service test."
SR-00897,MR-00897,EQ-0102,TECH-0597,2024-05-15,Inspection,Day,4004,Main Control Valve: Line restriction; observed symptom: arm movement slow after hydraulic oil warms.,Operational test under load,high oil temperature,tested pilot pressure and inspected pilot circuit,Return filter element,Pressure test passed,11.7,10.54,46541.52,2024-11-15,Follow-up Required,"Technician checked Main Control Valve, recorded reported symptom, performed required service action, and completed post-service test."
SR-00898,MR-00898,EQ-0123,TECH-0171,2024-05-15,Condition-Based,Day,6853,Main Control Valve: Internal pump leakage; observed symptom: pump noise increases during operation.,Operational test under load,air entering suction line,inspected hydraulic circuit and isolated affected component,Hydraulic oil,Leak test passed,12.64,2.06,32209.59,2024-11-15,Completed,"Technician checked Main Control Valve, recorded reported symptom, performed required service action, and completed post-service test."
SR-00899,MR-00899,EQ-0205,TECH-0274,2024-05-15,Preventive,Day,13600,Swing Motor: Line restriction; observed symptom: hydraulic flow is low at operating temperature.,Temperature and pressure checks,high oil temperature,tested pilot pressure and inspected pilot circuit,Return filter element,Leak test passed,3.58,11.79,48120.8,2024-11-15,Completed - Monitor,"Technician checked Swing Motor, recorded reported symptom, performed required service action, and completed post-service test."
SR-00900,MR-00900,EQ-0214,TECH-0124,2024-05-15,Preventive,Night,3310,Bucket Cylinder: Cooler restriction; observed symptom: pump noise increases during operation.,Filter inspection and fluid condition check,high oil temperature,"drained contaminated oil, flushed circuit and refilled with filtered oil",Pump seal kit,Operational test passed,1.69,4.82,60880.72,2024-11-15,Follow-up Required,"Technician checked Bucket Cylinder, recorded reported symptom, performed required service action, and completed post-service test."
SR-00901,MR-00901,EQ-0142,TECH-0220,2024-05-15,Preventive,Night,15916,Pilot System: Filter blockage; observed symptom: hydraulic flow is low at operating temperature.,Temperature and pressure checks,air entering suction line,tested pilot pressure and inspected pilot circuit,Pump seal kit,Leak test passed,13.89,9.5,30960.28,2024-11-15,Closed,"Technician checked Pilot System, recorded reported symptom, performed required service action, and completed post-service test."
SR-00902,MR-00902,EQ-0206,TECH-0410,2024-05-15,Inspection,Evening,5671,Hydraulic Oil: Pilot pressure drop; observed symptom: arm movement slow after hydraulic oil warms.,Filter inspection and fluid condition check,blocked cooler core,replaced damaged hose and pressure-tested circuit,Valve O-rings,Operational test passed,6.48,7.48,34259.14,2024-11-15,Completed,"Technician checked Hydraulic Oil, recorded reported symptom, performed required service action, and completed post-service test."
SR-00903,MR-00903,EQ-0204,TECH-0394,2024-05-15,Condition-Based,Evening,7098,Arm Cylinder: Valve spool binding; observed symptom: pump noise increases during operation.,Temperature and pressure checks,contaminated hydraulic oil,"drained contaminated oil, flushed circuit and refilled with filtered oil",Hydraulic hose,Leak test passed,2.5,5.6,55675.65,2024-11-15,Follow-up Required,"Technician checked Arm Cylinder, recorded reported symptom, performed required service action, and completed post-service test."
SR-00904,MR-00904,EQ-0114,TECH-0428,2024-05-15,Preventive,Day,13631,Bucket Cylinder: Oil contamination; observed symptom: bucket cylinder leaking externally.,Filter inspection and fluid condition check,high oil temperature,"drained contaminated oil, flushed circuit and refilled with filtered oil",Hydraulic oil,Functional test passed,11.82,4.63,13474.0,2024-11-15,Completed,"Technician checked Bucket Cylinder, recorded reported symptom, performed required service action, and completed post-service test."
SR-00905,MR-00905,EQ-0184,TECH-0639,2024-05-15,Corrective,Evening,17016,Hydraulic Line: Accumulator pressure loss; observed symptom: hydraulic flow is low at operating temperature.,Filter inspection and fluid condition check,damaged cylinder seal,inspected hydraulic circuit and isolated affected component,Hydraulic filter,Operational test passed,14.07,6.5,47746.87,2024-11-15,Follow-up Required,"Technician checked Hydraulic Line, recorded reported symptom, performed required service action, and completed post-service test."
SR-00906,MR-00906,EQ-0217,TECH-0309,2024-05-15,Condition-Based,Evening,7928,Pilot System: Pilot pressure drop; observed symptom: hydraulic oil temperature rises during continuous operation.,Visual inspection and pressure test,contaminated hydraulic oil,replaced damaged hose and pressure-tested circuit,Hydraulic hose,Functional test passed,12.1,4.33,66840.37,2024-11-15,Completed,"Technician checked Pilot System, recorded reported symptom, performed required service action, and completed post-service test."
SR-00907,MR-00907,EQ-0123,TECH-0514,2024-05-15,Condition-Based,Night,9696,Hydraulic Filter: Air ingress; observed symptom: arm movement slow after hydraulic oil warms.,Visual inspection and pressure test,loss of accumulator pre-charge,replaced damaged hose and pressure-tested circuit,Hydraulic hose,Leak test passed,2.03,11.04,47158.99,2024-11-15,Follow-up Required,"Technician checked Hydraulic Filter, recorded reported symptom, performed required service action, and completed post-service test."
SR-00908,MR-00908,EQ-0197,TECH-0447,2024-05-15,Preventive,Day,4792,Hydraulic Line: Oil contamination; observed symptom: pump noise increases during operation.,Filter inspection and fluid condition check,blocked cooler core,"drained contaminated oil, flushed circuit and refilled with filtered oil",Hydraulic oil,Functional test passed,13.25,5.6,53399.81,2024-11-15,Completed,"Technician checked Hydraulic Line, recorded reported symptom, performed required service action, and completed post-service test."
SR-00909,MR-00909,EQ-0208,TECH-0108,2024-05-15,Inspection,Night,16667,Oil Cooler: Accumulator pressure loss; observed symptom: hydraulic flow is low at operating temperature.,Visual inspection and pressure test,contaminated hydraulic oil,replaced damaged hose and pressure-tested circuit,Pump seal kit,Leak test passed,11.05,10.19,51004.82,2024-11-15,Completed - Monitor,"Technician checked Oil Cooler, recorded reported symptom, performed required service action, and completed post-service test."
SR-00910,MR-00910,EQ-0196,TECH-0384,2024-05-15,Corrective,Night,5120,Boom Cylinder: Filter blockage; observed symptom: bucket cylinder leaking externally.,Temperature and pressure checks,blocked cooler core,replaced damaged hose and pressure-tested circuit,Hydraulic filter,Leak test passed,12.87,1.68,77215.3,2024-11-15,Completed,"Technician checked Boom Cylinder, recorded reported symptom, performed required service action, and completed post-service test."
SR-00911,MR-00911,EQ-0186,TECH-0881,2024-05-15,Preventive,Evening,4099,Travel Motor: Cooler restriction; observed symptom: hydraulic oil temperature rises during continuous operation.,Filter inspection and fluid condition check,air entering suction line,"drained contaminated oil, flushed circuit and refilled with filtered oil",Pump seal kit,Leak test passed,13.3,2.83,55460.33,2024-11-15,Closed,"Technician checked Travel Motor, recorded reported symptom, performed required service action, and completed post-service test."
SR-00912,MR-00912,EQ-0212,TECH-0436,2024-05-15,Preventive,Night,14766,Hydraulic Oil: Air ingress; observed symptom: arm movement slow after hydraulic oil warms.,Temperature and pressure checks,high oil temperature,inspected hydraulic circuit and isolated affected component,Hydraulic oil,Pressure test passed,14.27,2.48,21206.31,2024-11-15,Follow-up Required,"Technician checked Hydraulic Oil, recorded reported symptom, performed required service action, and completed post-service test."
SR-00913,MR-00913,EQ-0117,TECH-0937,2024-05-15,Corrective,Night,8733,Hydraulic Oil: Internal pump leakage; observed symptom: arm movement slow after hydraulic oil warms.,Filter inspection and fluid condition check,contaminated hydraulic oil,inspected hydraulic circuit and isolated affected component,Hydraulic oil,Pressure test passed,4.2,2.38,44504.25,2024-11-15,Completed,"Technician checked Hydraulic Oil, recorded reported symptom, performed required service action, and completed post-service test."
SR-00914,MR-00914,EQ-0148,TECH-0851,2024-05-15,Corrective,Evening,13761,Pilot System: Air ingress; observed symptom: bucket cylinder leaking externally.,Temperature and pressure checks,air entering suction line,tested pilot pressure and inspected pilot circuit,Hydraulic filter,Operational test passed,10.27,11.76,50977.57,2024-11-15,Follow-up Required,"Technician checked Pilot System, recorded reported symptom, performed required service action, and completed post-service test."
SR-00915,MR-00915,EQ-0102,TECH-0444,2024-05-15,Preventive,Evening,17782,Bucket Cylinder: Air ingress; observed symptom: hydraulic flow is low at operating temperature.,Visual inspection and pressure test,blocked cooler core,tested pilot pressure and inspected pilot circuit,Cylinder seal kit,Operational test passed,2.0,3.34,76861.24,2024-11-15,Completed - Monitor,"Technician checked Bucket Cylinder, recorded reported symptom, performed required service action, and completed post-service test."
SR-00916,MR-00916,EQ-0131,TECH-0998,2024-05-15,Condition-Based,Day,1759,Pilot System: Valve spool binding; observed symptom: bucket cylinder leaking externally.,Filter inspection and fluid condition check,blocked cooler core,"drained contaminated oil, flushed circuit and refilled with filtered oil",Return filter element,Leak test passed,1.15,7.65,46578.73,2024-11-15,Closed,"Technician checked Pilot System, recorded reported symptom, performed required service action, and completed post-service test."
SR-00917,MR-00917,EQ-0125,TECH-0737,2024-05-15,Corrective,Evening,5334,Hydraulic Line: Oil contamination; observed symptom: hydraulic flow is low at operating temperature.,Temperature and pressure checks,damaged cylinder seal,replaced damaged hose and pressure-tested circuit,Valve O-rings,Operational test passed,11.86,4.92,68635.22,2024-11-15,Follow-up Required,"Technician checked Hydraulic Line, recorded reported symptom, performed required service action, and completed post-service test."
SR-00918,MR-00918,EQ-0157,TECH-0202,2024-05-15,Condition-Based,Evening,9589,Swing Motor: Internal pump leakage; observed symptom: hydraulic oil temperature rises during continuous operation.,Visual inspection and pressure test,loss of accumulator pre-charge,tested pilot pressure and inspected pilot circuit,Return filter element,Operational test passed,11.58,0.42,38626.55,2024-11-15,Completed - Monitor,"Technician checked Swing Motor, recorded reported symptom, performed required service action, and completed post-service test."
SR-00919,MR-00919,EQ-0175,TECH-0623,2024-05-15,Preventive,Night,12803,Accumulator: Cylinder seal wear; observed symptom: arm movement slow after hydraulic oil warms.,Filter inspection and fluid condition check,high oil temperature,replaced damaged hose and pressure-tested circuit,Hydraulic hose,Operational test passed,2.68,10.38,36600.87,2024-11-15,Completed,"Technician checked Accumulator, recorded reported symptom, performed required service action, and completed post-service test."
SR-00920,MR-00920,EQ-0177,TECH-0146,2024-05-15,Inspection,Evening,15701,Oil Cooler: Air ingress; observed symptom: hydraulic oil temperature rises during continuous operation.,Filter inspection and fluid condition check,high oil temperature,"drained contaminated oil, flushed circuit and refilled with filtered oil",Cylinder seal kit,Leak test passed,13.29,0.68,59023.94,2024-11-15,Closed,"Technician checked Oil Cooler, recorded reported symptom, performed required service action, and completed post-service test."
SR-00921,MR-00921,EQ-0180,TECH-0413,2024-05-15,Preventive,Day,14460,Swing Motor: Oil contamination; observed symptom: hydraulic flow is low at operating temperature.,Operational test under load,blocked cooler core,"drained contaminated oil, flushed circuit and refilled with filtered oil",Return filter element,Leak test passed,2.76,6.84,54817.32,2024-11-15,Follow-up Required,"Technician checked Swing Motor, recorded reported symptom, performed required service action, and completed post-service test."
SR-00922,MR-00922,EQ-0148,TECH-0749,2024-05-15,Inspection,Night,4540,Accumulator: Filter blockage; observed symptom: travel function loses power on incline.,Filter inspection and fluid condition check,damaged cylinder seal,inspected hydraulic circuit and isolated affected component,Hydraulic filter,Leak test passed,6.32,6.03,28324.23,2024-11-15,Closed,"Technician checked Accumulator, recorded reported symptom, performed required service action, and completed post-service test."
SR-00923,MR-00923,EQ-0104,TECH-0327,2024-05-15,Condition-Based,Day,13243,Main Control Valve: Cooler restriction; observed symptom: pump noise increases during operation.,Operational test under load,contaminated hydraulic oil,tested pilot pressure and inspected pilot circuit,Pump seal kit,Leak test passed,4.39,6.51,22499.14,2024-11-15,Completed - Monitor,"Technician checked Main Control Valve, recorded reported symptom, performed required service action, and completed post-service test."
SR-00924,MR-00924,EQ-0142,TECH-0269,2024-05-15,Corrective,Day,1509,Hydraulic Filter: Cooler restriction; observed symptom: pump noise increases during operation.,Temperature and pressure checks,air entering suction line,"drained contaminated oil, flushed circuit and refilled with filtered oil",Cylinder seal kit,Functional test passed,5.15,9.13,61576.01,2024-11-15,Completed,"Technician checked Hydraulic Filter, recorded reported symptom, performed required service action, and completed post-service test."
SR-00925,MR-00925,EQ-0169,TECH-0664,2024-05-15,Condition-Based,Night,8263,Hydraulic Filter: Air ingress; observed symptom: bucket cylinder leaking externally.,Filter inspection and fluid condition check,loss of accumulator pre-charge,tested pilot pressure and inspected pilot circuit,Cylinder seal kit,Operational test passed,5.68,0.59,12198.77,2024-11-15,Follow-up Required,"Technician checked Hydraulic Filter, recorded reported symptom, performed required service action, and completed post-service test."
SR-00926,MR-00926,EQ-0156,TECH-0174,2024-05-15,Inspection,Day,15724,Swing Motor: Line restriction; observed symptom: arm movement slow after hydraulic oil warms.,Filter inspection and fluid condition check,loss of accumulator pre-charge,tested pilot pressure and inspected pilot circuit,Hydraulic oil,Functional test passed,9.2,7.1,40336.19,2024-11-15,Completed - Monitor,"Technician checked Swing Motor, recorded reported symptom, performed required service action, and completed post-service test."
SR-00927,MR-00927,EQ-0223,TECH-0586,2024-05-15,Preventive,Evening,4062,Hydraulic Filter: Cylinder seal wear; observed symptom: arm movement slow after hydraulic oil warms.,Filter inspection and fluid condition check,contaminated hydraulic oil,replaced damaged hose and pressure-tested circuit,Pump seal kit,Leak test passed,13.84,8.39,28019.54,2024-11-15,Completed,"Technician checked Hydraulic Filter, recorded reported symptom, performed required service action, and completed post-service test."
SR-00928,MR-00928,EQ-0126,TECH-0904,2024-05-15,Inspection,Evening,2426,Accumulator: Oil contamination; observed symptom: travel function loses power on incline.,Temperature and pressure checks,damaged cylinder seal,"drained contaminated oil, flushed circuit and refilled with filtered oil",Valve O-rings,Operational test passed,11.38,10.96,65377.24,2024-11-15,Completed - Monitor,"Technician checked Accumulator, recorded reported symptom, performed required service action, and completed post-service test."
SR-00929,MR-00929,EQ-0117,TECH-0376,2024-05-15,Preventive,Evening,1943,Bucket Cylinder: Valve spool binding; observed symptom: pump noise increases during operation.,Filter inspection and fluid condition check,blocked cooler core,inspected hydraulic circuit and isolated affected component,Cylinder seal kit,Pressure test passed,5.72,2.77,26518.13,2024-11-15,Closed,"Technician checked Bucket Cylinder, recorded reported symptom, performed required service action, and completed post-service test."
SR-00930,MR-00930,EQ-0220,TECH-0751,2024-05-15,Corrective,Night,17302,Hydraulic Oil: Filter blockage; observed symptom: bucket cylinder leaking externally.,Visual inspection and pressure test,air entering suction line,inspected hydraulic circuit and isolated affected component,Cylinder seal kit,Operational test passed,6.22,12.0,58908.14,2024-11-15,Follow-up Required,"Technician checked Hydraulic Oil, recorded reported symptom, performed required service action, and completed post-service test."
SR-00931,MR-00931,EQ-0175,TECH-0190,2024-05-15,Condition-Based,Night,12569,Bucket Cylinder: Line restriction; observed symptom: hydraulic oil temperature rises during continuous operation.,Operational test under load,air entering suction line,tested pilot pressure and inspected pilot circuit,Hydraulic filter,Functional test passed,11.79,7.74,36520.29,2024-11-15,Completed - Monitor,"Technician checked Bucket Cylinder, recorded reported symptom, performed required service action, and completed post-service test."
SR-00932,MR-00932,EQ-0238,TECH-0435,2024-05-15,Preventive,Night,11261,Swing Motor: Line restriction; observed symptom: pump noise increases during operation.,Visual inspection and pressure test,air entering suction line,replaced damaged hose and pressure-tested circuit,Hydraulic hose,Leak test passed,5.08,3.13,42731.61,2024-11-15,Follow-up Required,"Technician checked Swing Motor, recorded reported symptom, performed required service action, and completed post-service test."
SR-00933,MR-00933,EQ-0153,TECH-0477,2024-05-15,Condition-Based,Day,8990,Hydraulic Pump: Line restriction; observed symptom: bucket cylinder leaking externally.,Operational test under load,contaminated hydraulic oil,inspected hydraulic circuit and isolated affected component,Cooler gasket set,Leak test passed,14.43,6.87,16598.42,2024-11-15,Completed,"Technician checked Hydraulic Pump, recorded reported symptom, performed required service action, and completed post-service test."
SR-00934,MR-00934,EQ-0185,TECH-0909,2024-05-15,Inspection,Night,12319,Pilot System: Air ingress; observed symptom: bucket cylinder leaking externally.,Operational test under load,blocked cooler core,replaced damaged hose and pressure-tested circuit,Hydraulic hose,Functional test passed,7.83,3.54,33033.57,2024-11-15,Completed - Monitor,"Technician checked Pilot System, recorded reported symptom, performed required service action, and completed post-service test."
SR-00935,MR-00935,EQ-0211,TECH-0893,2024-05-15,Corrective,Night,17395,Main Control Valve: Pilot pressure drop; observed symptom: pump noise increases during operation.,Filter inspection and fluid condition check,blocked cooler core,"drained contaminated oil, flushed circuit and refilled with filtered oil",Valve O-rings,Operational test passed,6.45,8.82,71356.69,2024-11-15,Completed,"Technician checked Main Control Valve, recorded reported symptom, performed required service action, and completed post-service test."
SR-00936,MR-00936,EQ-0173,TECH-0867,2024-05-15,Preventive,Night,13711,Boom Cylinder: Internal pump leakage; observed symptom: hydraulic flow is low at operating temperature.,Visual inspection and pressure test,high oil temperature,inspected hydraulic circuit and isolated affected component,Hydraulic oil,Leak test passed,8.48,8.1,20287.1,2024-11-15,Completed - Monitor,"Technician checked Boom Cylinder, recorded reported symptom, performed required service action, and completed post-service test."
SR-00937,MR-00937,EQ-0169,TECH-0117,2024-05-15,Inspection,Day,7694,Bucket Cylinder: Cooler restriction; observed symptom: hydraulic oil temperature rises during continuous operation.,Visual inspection and pressure test,contaminated hydraulic oil,tested pilot pressure and inspected pilot circuit,Valve O-rings,Operational test passed,9.54,6.14,41860.82,2024-11-15,Follow-up Required,"Technician checked Bucket Cylinder, recorded reported symptom, performed required service action, and completed post-service test."
SR-00938,MR-00938,EQ-0158,TECH-0199,2024-05-15,Preventive,Evening,7857,Hydraulic Oil: Filter blockage; observed symptom: travel function loses power on incline.,Operational test under load,high oil temperature,inspected hydraulic circuit and isolated affected component,Return filter element,Pressure test passed,2.35,4.37,50108.14,2024-11-15,Follow-up Required,"Technician checked Hydraulic Oil, recorded reported symptom, performed required service action, and completed post-service test."
SR-00939,MR-00939,EQ-0181,TECH-0887,2024-05-15,Corrective,Day,11887,Hydraulic Filter: Oil contamination; observed symptom: pump noise increases during operation.,Visual inspection and pressure test,air entering suction line,replaced damaged hose and pressure-tested circuit,Hydraulic filter,Leak test passed,11.69,2.39,57066.78,2024-11-15,Completed,"Technician checked Hydraulic Filter, recorded reported symptom, performed required service action, and completed post-service test."
SR-00940,MR-00940,EQ-0100,TECH-0990,2024-05-15,Preventive,Day,6357,Hydraulic Line: Air ingress; observed symptom: hydraulic flow is low at operating temperature.,Visual inspection and pressure test,high oil temperature,replaced damaged hose and pressure-tested circuit,Cylinder seal kit,Functional test passed,14.85,4.23,20873.99,2024-11-15,Completed - Monitor,"Technician checked Hydraulic Line, recorded reported symptom, performed required service action, and completed post-service test."
SR-00941,MR-00941,EQ-0128,TECH-0494,2024-05-15,Preventive,Evening,12862,Hydraulic Oil: Filter blockage; observed symptom: pump noise increases during operation.,Operational test under load,air entering suction line,tested pilot pressure and inspected pilot circuit,Return filter element,Operational test passed,8.81,4.09,69207.47,2024-11-15,Closed,"Technician checked Hydraulic Oil, recorded reported symptom, performed required service action, and completed post-service test."
SR-00942,MR-00942,EQ-0195,TECH-0816,2024-05-15,Preventive,Night,8510,Arm Cylinder: Filter blockage; observed symptom: pump noise increases during operation.,Temperature and pressure checks,damaged cylinder seal,inspected hydraulic circuit and isolated affected component,Hydraulic filter,Functional test passed,15.65,8.79,24664.33,2024-11-15,Completed - Monitor,"Technician checked Arm Cylinder, recorded reported symptom, performed required service action, and completed post-service test."
SR-00943,MR-00943,EQ-0190,TECH-0496,2024-05-15,Condition-Based,Evening,5074,Boom Cylinder: Pilot pressure drop; observed symptom: bucket cylinder leaking externally.,Temperature and pressure checks,air entering suction line,replaced damaged hose and pressure-tested circuit,Cooler gasket set,Operational test passed,7.37,11.38,53080.74,2024-11-15,Closed,"Technician checked Boom Cylinder, recorded reported symptom, performed required service action, and completed post-service test."
SR-00944,MR-00944,EQ-0235,TECH-0800,2024-05-15,Corrective,Day,2602,Swing Motor: Oil contamination; observed symptom: hydraulic oil temperature rises during continuous operation.,Operational test under load,damaged cylinder seal,"drained contaminated oil, flushed circuit and refilled with filtered oil",Hydraulic filter,Operational test passed,13.76,10.44,58663.77,2024-11-15,Closed,"Technician checked Swing Motor, recorded reported symptom, performed required service action, and completed post-service test."
SR-00945,MR-00945,EQ-0139,TECH-0389,2024-05-15,Condition-Based,Evening,13822,Swing Motor: Pilot pressure drop; observed symptom: hydraulic flow is low at operating temperature.,Filter inspection and fluid condition check,blocked cooler core,tested pilot pressure and inspected pilot circuit,Pump seal kit,Pressure test passed,14.54,8.79,5605.43,2024-11-15,Completed,"Technician checked Swing Motor, recorded reported symptom, performed required service action, and completed post-service test."
SR-00946,MR-00946,EQ-0194,TECH-0523,2024-05-15,Preventive,Day,9447,Pilot System: Internal pump leakage; observed symptom: pump noise increases during operation.,Filter inspection and fluid condition check,loss of accumulator pre-charge,"drained contaminated oil, flushed circuit and refilled with filtered oil",Pump seal kit,Pressure test passed,15.19,10.88,46124.41,2024-11-15,Completed,"Technician checked Pilot System, recorded reported symptom, performed required service action, and completed post-service test."
SR-00947,MR-00947,EQ-0221,TECH-0179,2024-05-15,Condition-Based,Evening,10054,Bucket Cylinder: Internal pump leakage; observed symptom: hydraulic flow is low at operating temperature.,Operational test under load,damaged cylinder seal,"drained contaminated oil, flushed circuit and refilled with filtered oil",Hydraulic hose,Operational test passed,5.41,0.89,30623.39,2024-11-15,Follow-up Required,"Technician checked Bucket Cylinder, recorded reported symptom, performed required service action, and completed post-service test."
SR-00948,MR-00948,EQ-0134,TECH-0188,2024-05-15,Preventive,Night,4903,Swing Motor: Cooler restriction; observed symptom: pump noise increases during operation.,Filter inspection and fluid condition check,loss of accumulator pre-charge,tested pilot pressure and inspected pilot circuit,Return filter element,Pressure test passed,6.88,5.66,27875.09,2024-11-15,Closed,"Technician checked Swing Motor, recorded reported symptom, performed required service action, and completed post-service test."
SR-00949,MR-00949,EQ-0138,TECH-0296,2024-05-15,Corrective,Night,2294,Pilot System: Valve spool binding; observed symptom: hydraulic oil temperature rises during continuous operation.,Filter inspection and fluid condition check,blocked cooler core,inspected hydraulic circuit and isolated affected component,Cooler gasket set,Operational test passed,3.59,8.91,21070.71,2024-11-15,Completed - Monitor,"Technician checked Pilot System, recorded reported symptom, performed required service action, and completed post-service test."
SR-00950,MR-00950,EQ-0149,TECH-0949,2024-05-15,Inspection,Night,8448,Boom Cylinder: Oil contamination; observed symptom: bucket cylinder leaking externally.,Filter inspection and fluid condition check,blocked cooler core,tested pilot pressure and inspected pilot circuit,Hydraulic filter,Operational test passed,2.14,7.17,59588.89,2024-11-15,Completed - Monitor,"Technician checked Boom Cylinder, recorded reported symptom, performed required service action, and completed post-service test."
SR-00951,MR-00951,EQ-0155,TECH-0733,2024-05-15,Condition-Based,Night,12148,Boom Cylinder: Valve spool binding; observed symptom: arm movement slow after hydraulic oil warms.,Operational test under load,loss of accumulator pre-charge,tested pilot pressure and inspected pilot circuit,Hydraulic oil,Operational test passed,2.67,2.28,65002.37,2024-11-15,Closed,"Technician checked Boom Cylinder, recorded reported symptom, performed required service action, and completed post-service test."
SR-00952,MR-00952,EQ-0128,TECH-0716,2024-05-15,Preventive,Evening,9666,Boom Cylinder: Accumulator pressure loss; observed symptom: hydraulic flow is low at operating temperature.,Filter inspection and fluid condition check,damaged cylinder seal,inspected hydraulic circuit and isolated affected component,Return filter element,Pressure test passed,13.27,8.59,22906.51,2024-11-15,Closed,"Technician checked Boom Cylinder, recorded reported symptom, performed required service action, and completed post-service test."
SR-00953,MR-00953,EQ-0164,TECH-0323,2024-05-15,Inspection,Day,2359,Hydraulic Oil: Valve spool binding; observed symptom: hydraulic oil temperature rises during continuous operation.,Operational test under load,air entering suction line,inspected hydraulic circuit and isolated affected component,Hydraulic filter,Leak test passed,1.11,11.84,63696.93,2024-11-15,Completed - Monitor,"Technician checked Hydraulic Oil, recorded reported symptom, performed required service action, and completed post-service test."
SR-00954,MR-00954,EQ-0157,TECH-0302,2024-05-15,Corrective,Day,4419,Boom Cylinder: Cooler restriction; observed symptom: hydraulic oil temperature rises during continuous operation.,Visual inspection and pressure test,damaged cylinder seal,"drained contaminated oil, flushed circuit and refilled with filtered oil",Hydraulic oil,Leak test passed,7.8,4.78,15573.99,2024-11-15,Closed,"Technician checked Boom Cylinder, recorded reported symptom, performed required service action, and completed post-service test."
SR-00955,MR-00955,EQ-0232,TECH-0472,2024-05-15,Preventive,Day,5704,Hydraulic Filter: Filter blockage; observed symptom: travel function loses power on incline.,Visual inspection and pressure test,contaminated hydraulic oil,tested pilot pressure and inspected pilot circuit,Return filter element,Functional test passed,10.38,1.23,20219.99,2024-11-15,Completed - Monitor,"Technician checked Hydraulic Filter, recorded reported symptom, performed required service action, and completed post-service test."
SR-00956,MR-00956,EQ-0116,TECH-0644,2024-05-15,Preventive,Day,11979,Pilot System: Internal pump leakage; observed symptom: travel function loses power on incline.,Operational test under load,air entering suction line,replaced damaged hose and pressure-tested circuit,Hydraulic oil,Operational test passed,11.5,10.88,2541.16,2024-11-15,Completed,"Technician checked Pilot System, recorded reported symptom, performed required service action, and completed post-service test."
SR-00957,MR-00957,EQ-0138,TECH-0253,2024-05-15,Preventive,Evening,12285,Pilot System: Cooler restriction; observed symptom: hydraulic flow is low at operating temperature.,Filter inspection and fluid condition check,contaminated hydraulic oil,tested pilot pressure and inspected pilot circuit,Hydraulic filter,Pressure test passed,15.55,0.56,15249.94,2024-11-15,Follow-up Required,"Technician checked Pilot System, recorded reported symptom, performed required service action, and completed post-service test."
SR-00958,MR-00958,EQ-0208,TECH-0469,2024-05-15,Inspection,Night,10023,Travel Motor: Valve spool binding; observed symptom: travel function loses power on incline.,Operational test under load,contaminated hydraulic oil,replaced damaged hose and pressure-tested circuit,Hydraulic hose,Operational test passed,11.96,0.95,62732.59,2024-11-15,Follow-up Required,"Technician checked Travel Motor, recorded reported symptom, performed required service action, and completed post-service test."
SR-00959,MR-00959,EQ-0101,TECH-0752,2024-05-15,Preventive,Evening,14244,Oil Cooler: Pilot pressure drop; observed symptom: arm movement slow after hydraulic oil warms.,Visual inspection and pressure test,air entering suction line,tested pilot pressure and inspected pilot circuit,Cylinder seal kit,Leak test passed,13.24,3.08,51860.12,2024-11-15,Completed - Monitor,"Technician checked Oil Cooler, recorded reported symptom, performed required service action, and completed post-service test."
SR-00960,MR-00960,EQ-0181,TECH-0131,2024-05-15,Preventive,Evening,5247,Hydraulic Oil: Accumulator pressure loss; observed symptom: hydraulic flow is low at operating temperature.,Temperature and pressure checks,air entering suction line,"drained contaminated oil, flushed circuit and refilled with filtered oil",Return filter element,Functional test passed,7.1,2.05,36877.15,2024-11-15,Follow-up Required,"Technician checked Hydraulic Oil, recorded reported symptom, performed required service action, and completed post-service test."
SR-00961,MR-00961,EQ-0208,TECH-0792,2024-05-15,Corrective,Evening,4193,Accumulator: Internal pump leakage; observed symptom: hydraulic oil temperature rises during continuous operation.,Visual inspection and pressure test,loss of accumulator pre-charge,tested pilot pressure and inspected pilot circuit,Pump seal kit,Operational test passed,2.72,0.39,34378.04,2024-11-15,Follow-up Required,"Technician checked Accumulator, recorded reported symptom, performed required service action, and completed post-service test."
SR-00962,MR-00962,EQ-0127,TECH-0415,2024-05-15,Corrective,Evening,10052,Arm Cylinder: Filter blockage; observed symptom: hydraulic oil temperature rises during continuous operation.,Operational test under load,damaged cylinder seal,inspected hydraulic circuit and isolated affected component,Pump seal kit,Pressure test passed,13.8,5.25,39658.82,2024-11-15,Closed,"Technician checked Arm Cylinder, recorded reported symptom, performed required service action, and completed post-service test."
SR-00963,MR-00963,EQ-0175,TECH-0565,2024-05-15,Corrective,Day,15456,Accumulator: Oil contamination; observed symptom: pump noise increases during operation.,Operational test under load,high oil temperature,"drained contaminated oil, flushed circuit and refilled with filtered oil",Hydraulic oil,Functional test passed,10.5,3.14,61739.84,2024-11-15,Completed - Monitor,"Technician checked Accumulator, recorded reported symptom, performed required service action, and completed post-service test."
SR-00964,MR-00964,EQ-0142,TECH-0391,2024-05-15,Corrective,Evening,13197,Swing Motor: Pilot pressure drop; observed symptom: arm movement slow after hydraulic oil warms.,Filter inspection and fluid condition check,loss of accumulator pre-charge,tested pilot pressure and inspected pilot circuit,Cylinder seal kit,Functional test passed,15.91,2.52,37418.74,2024-11-15,Closed,"Technician checked Swing Motor, recorded reported symptom, performed required service action, and completed post-service test."
SR-00965,MR-00965,EQ-0163,TECH-0328,2024-05-15,Condition-Based,Evening,13945,Arm Cylinder: Internal pump leakage; observed symptom: hydraulic flow is low at operating temperature.,Operational test under load,blocked cooler core,"drained contaminated oil, flushed circuit and refilled with filtered oil",Pump seal kit,Leak test passed,1.13,10.57,56704.11,2024-11-15,Completed - Monitor,"Technician checked Arm Cylinder, recorded reported symptom, performed required service action, and completed post-service test."
SR-00966,MR-00966,EQ-0161,TECH-0720,2024-05-15,Preventive,Night,9552,Arm Cylinder: Filter blockage; observed symptom: arm movement slow after hydraulic oil warms.,Temperature and pressure checks,air entering suction line,replaced damaged hose and pressure-tested circuit,Cooler gasket set,Functional test passed,11.38,3.49,26417.27,2024-11-15,Completed - Monitor,"Technician checked Arm Cylinder, recorded reported symptom, performed required service action, and completed post-service test."
SR-00967,MR-00967,EQ-0145,TECH-0775,2024-05-15,Inspection,Night,9382,Arm Cylinder: Internal pump leakage; observed symptom: hydraulic oil temperature rises during continuous operation.,Operational test under load,air entering suction line,"drained contaminated oil, flushed circuit and refilled with filtered oil",Valve O-rings,Pressure test passed,3.25,3.41,53538.82,2024-11-15,Completed,"Technician checked Arm Cylinder, recorded reported symptom, performed required service action, and completed post-service test."
SR-00968,MR-00968,EQ-0155,TECH-0658,2024-05-15,Inspection,Night,2260,Travel Motor: Internal pump leakage; observed symptom: hydraulic oil temperature rises during continuous operation.,Visual inspection and pressure test,air entering suction line,inspected hydraulic circuit and isolated affected component,Cooler gasket set,Leak test passed,8.23,2.23,34517.1,2024-11-15,Closed,"Technician checked Travel Motor, recorded reported symptom, performed required service action, and completed post-service test."
SR-00969,MR-00969,EQ-0231,TECH-0461,2024-05-15,Condition-Based,Night,10336,Hydraulic Line: Air ingress; observed symptom: travel function loses power on incline.,Visual inspection and pressure test,air entering suction line,"drained contaminated oil, flushed circuit and refilled with filtered oil",Pump seal kit,Pressure test passed,9.12,7.28,51145.89,2024-11-15,Completed,"Technician checked Hydraulic Line, recorded reported symptom, performed required service action, and completed post-service test."
SR-00970,MR-00970,EQ-0136,TECH-0183,2024-05-15,Preventive,Day,15528,Travel Motor: Valve spool binding; observed symptom: hydraulic flow is low at operating temperature.,Visual inspection and pressure test,high oil temperature,inspected hydraulic circuit and isolated affected component,Hydraulic oil,Pressure test passed,8.6,6.66,46681.04,2024-11-15,Follow-up Required,"Technician checked Travel Motor, recorded reported symptom, performed required service action, and completed post-service test."
SR-00971,MR-00971,EQ-0167,TECH-0525,2024-05-15,Preventive,Evening,12070,Oil Cooler: Pilot pressure drop; observed symptom: hydraulic flow is low at operating temperature.,Temperature and pressure checks,high oil temperature,inspected hydraulic circuit and isolated affected component,Pump seal kit,Operational test passed,4.23,10.15,63979.91,2024-11-15,Follow-up Required,"Technician checked Oil Cooler, recorded reported symptom, performed required service action, and completed post-service test."
SR-00972,MR-00972,EQ-0109,TECH-0615,2024-05-15,Inspection,Evening,8952,Accumulator: Internal pump leakage; observed symptom: hydraulic oil temperature rises during continuous operation.,Temperature and pressure checks,blocked cooler core,replaced damaged hose and pressure-tested circuit,Pump seal kit,Functional test passed,14.46,7.07,27814.06,2024-11-15,Follow-up Required,"Technician checked Accumulator, recorded reported symptom, performed required service action, and completed post-service test."
SR-00973,MR-00973,EQ-0167,TECH-0763,2024-05-15,Condition-Based,Evening,7603,Swing Motor: Cylinder seal wear; observed symptom: travel function loses power on incline.,Visual inspection and pressure test,damaged cylinder seal,tested pilot pressure and inspected pilot circuit,Cooler gasket set,Leak test passed,2.73,4.22,65527.07,2024-11-15,Closed,"Technician checked Swing Motor, recorded reported symptom, performed required service action, and completed post-service test."
SR-00974,MR-00974,EQ-0223,TECH-0201,2024-05-15,Corrective,Night,15151,Oil Cooler: Internal pump leakage; observed symptom: hydraulic oil temperature rises during continuous operation.,Temperature and pressure checks,damaged cylinder seal,inspected hydraulic circuit and isolated affected component,Valve O-rings,Functional test passed,15.94,0.57,46830.33,2024-11-15,Completed - Monitor,"Technician checked Oil Cooler, recorded reported symptom, performed required service action, and completed post-service test."
SR-00975,MR-00975,EQ-0112,TECH-0537,2024-05-15,Corrective,Day,13074,Swing Motor: Cylinder seal wear; observed symptom: bucket cylinder leaking externally.,Temperature and pressure checks,damaged cylinder seal,tested pilot pressure and inspected pilot circuit,Hydraulic hose,Leak test passed,8.46,6.25,42526.43,2024-11-15,Completed,"Technician checked Swing Motor, recorded reported symptom, performed required service action, and completed post-service test."
SR-00976,MR-00976,EQ-0238,TECH-0539,2024-05-15,Inspection,Evening,18438,Swing Motor: Internal pump leakage; observed symptom: travel function loses power on incline.,Visual inspection and pressure test,damaged cylinder seal,"drained contaminated oil, flushed circuit and refilled with filtered oil",Hydraulic filter,Pressure test passed,10.49,8.46,19567.83,2024-11-15,Closed,"Technician checked Swing Motor, recorded reported symptom, performed required service action, and completed post-service test."
SR-00977,MR-00977,EQ-0132,TECH-0103,2024-05-15,Condition-Based,Evening,14339,Main Control Valve: Air ingress; observed symptom: travel function loses power on incline.,Operational test under load,contaminated hydraulic oil,"drained contaminated oil, flushed circuit and refilled with filtered oil",Hydraulic filter,Functional test passed,7.73,0.34,37735.88,2024-11-15,Completed,"Technician checked Main Control Valve, recorded reported symptom, performed required service action, and completed post-service test."
SR-00978,MR-00978,EQ-0222,TECH-0736,2024-05-15,Inspection,Day,13375,Travel Motor: Accumulator pressure loss; observed symptom: arm movement slow after hydraulic oil warms.,Operational test under load,blocked cooler core,tested pilot pressure and inspected pilot circuit,Cooler gasket set,Functional test passed,13.34,0.8,44879.52,2024-11-15,Follow-up Required,"Technician checked Travel Motor, recorded reported symptom, performed required service action, and completed post-service test."
SR-00979,MR-00979,EQ-0173,TECH-0735,2024-05-15,Condition-Based,Evening,6626,Main Control Valve: Oil contamination; observed symptom: travel function loses power on incline.,Temperature and pressure checks,high oil temperature,"drained contaminated oil, flushed circuit and refilled with filtered oil",Hydraulic filter,Functional test passed,14.4,3.65,15284.57,2024-11-15,Completed - Monitor,"Technician checked Main Control Valve, recorded reported symptom, performed required service action, and completed post-service test."
SR-00980,MR-00980,EQ-0213,TECH-0727,2024-05-15,Corrective,Night,9643,Arm Cylinder: Oil contamination; observed symptom: hydraulic flow is low at operating temperature.,Operational test under load,loss of accumulator pre-charge,inspected hydraulic circuit and isolated affected component,Hydraulic filter,Pressure test passed,5.34,7.11,41047.42,2024-11-15,Completed - Monitor,"Technician checked Arm Cylinder, recorded reported symptom, performed required service action, and completed post-service test."
SR-00981,MR-00981,EQ-0233,TECH-0255,2024-05-15,Inspection,Day,3060,Hydraulic Oil: Valve spool binding; observed symptom: hydraulic flow is low at operating temperature.,Operational test under load,damaged cylinder seal,inspected hydraulic circuit and isolated affected component,Cylinder seal kit,Pressure test passed,6.72,0.99,5300.51,2024-11-15,Completed,"Technician checked Hydraulic Oil, recorded reported symptom, performed required service action, and completed post-service test."
SR-00982,MR-00982,EQ-0160,TECH-0332,2024-05-15,Preventive,Evening,3526,Arm Cylinder: Cooler restriction; observed symptom: arm movement slow after hydraulic oil warms.,Operational test under load,damaged cylinder seal,inspected hydraulic circuit and isolated affected component,Pump seal kit,Pressure test passed,12.05,11.75,36969.23,2024-11-15,Follow-up Required,"Technician checked Arm Cylinder, recorded reported symptom, performed required service action, and completed post-service test."
SR-00983,MR-00983,EQ-0110,TECH-0761,2024-05-15,Condition-Based,Day,8641,Hydraulic Filter: Cylinder seal wear; observed symptom: pump noise increases during operation.,Filter inspection and fluid condition check,high oil temperature,inspected hydraulic circuit and isolated affected component,Cylinder seal kit,Leak test passed,4.07,4.98,32706.94,2024-11-15,Completed,"Technician checked Hydraulic Filter, recorded reported symptom, performed required service action, and completed post-service test."
SR-00984,MR-00984,EQ-0142,TECH-0891,2024-05-15,Corrective,Night,17764,Main Control Valve: Pilot pressure drop; observed symptom: bucket cylinder leaking externally.,Temperature and pressure checks,damaged cylinder seal,replaced damaged hose and pressure-tested circuit,Cylinder seal kit,Functional test passed,13.57,11.05,27633.11,2024-11-15,Completed,"Technician checked Main Control Valve, recorded reported symptom, performed required service action, and completed post-service test."
SR-00985,MR-00985,EQ-0165,TECH-0926,2024-05-15,Condition-Based,Day,9886,Hydraulic Oil: Filter blockage; observed symptom: pump noise increases during operation.,Temperature and pressure checks,damaged cylinder seal,replaced damaged hose and pressure-tested circuit,Hydraulic hose,Pressure test passed,15.62,6.49,44855.12,2024-11-15,Completed - Monitor,"Technician checked Hydraulic Oil, recorded reported symptom, performed required service action, and completed post-service test."
SR-00986,MR-00986,EQ-0210,TECH-0608,2024-05-15,Inspection,Evening,1765,Boom Cylinder: Valve spool binding; observed symptom: hydraulic flow is low at operating temperature.,Filter inspection and fluid condition check,high oil temperature,inspected hydraulic circuit and isolated affected component,Pump seal kit,Functional test passed,10.0,7.53,36471.13,2024-11-15,Completed,"Technician checked Boom Cylinder, recorded reported symptom, performed required service action, and completed post-service test."
SR-00987,MR-00987,EQ-0229,TECH-0762,2024-05-15,Inspection,Evening,12368,Boom Cylinder: Valve spool binding; observed symptom: hydraulic flow is low at operating temperature.,Temperature and pressure checks,air entering suction line,"drained contaminated oil, flushed circuit and refilled with filtered oil",Cooler gasket set,Leak test passed,10.49,2.6,20749.59,2024-11-15,Completed - Monitor,"Technician checked Boom Cylinder, recorded reported symptom, performed required service action, and completed post-service test."
SR-00988,MR-00988,EQ-0210,TECH-0185,2024-05-15,Condition-Based,Night,12551,Oil Cooler: Oil contamination; observed symptom: pump noise increases during operation.,Operational test under load,blocked cooler core,tested pilot pressure and inspected pilot circuit,Hydraulic oil,Leak test passed,2.07,11.91,26083.59,2024-11-15,Closed,"Technician checked Oil Cooler, recorded reported symptom, performed required service action, and completed post-service test."
SR-00989,MR-00989,EQ-0143,TECH-0366,2024-05-15,Preventive,Night,14882,Oil Cooler: Air ingress; observed symptom: pump noise increases during operation.,Temperature and pressure checks,damaged cylinder seal,inspected hydraulic circuit and isolated affected component,Hydraulic hose,Functional test passed,11.63,5.19,19179.36,2024-11-15,Follow-up Required,"Technician checked Oil Cooler, recorded reported symptom, performed required service action, and completed post-service test."
SR-00990,MR-00990,EQ-0159,TECH-0209,2024-05-15,Inspection,Evening,2535,Swing Motor: Accumulator pressure loss; observed symptom: pump noise increases during operation.,Operational test under load,air entering suction line,tested pilot pressure and inspected pilot circuit,Cylinder seal kit,Operational test passed,11.2,3.19,59373.29,2024-11-15,Closed,"Technician checked Swing Motor, recorded reported symptom, performed required service action, and completed post-service test."
SR-00991,MR-00991,EQ-0191,TECH-0896,2024-05-15,Condition-Based,Day,5452,Oil Cooler: Line restriction; observed symptom: hydraulic oil temperature rises during continuous operation.,Visual inspection and pressure test,damaged cylinder seal,inspected hydraulic circuit and isolated affected component,Hydraulic filter,Leak test passed,14.35,2.95,7495.47,2024-11-15,Completed,"Technician checked Oil Cooler, recorded reported symptom, performed required service action, and completed post-service test."
SR-00992,MR-00992,EQ-0200,TECH-0963,2024-05-15,Condition-Based,Day,11675,Hydraulic Line: Internal pump leakage; observed symptom: hydraulic flow is low at operating temperature.,Filter inspection and fluid condition check,contaminated hydraulic oil,inspected hydraulic circuit and isolated affected component,Valve O-rings,Leak test passed,1.92,11.33,13922.65,2024-11-15,Closed,"Technician checked Hydraulic Line, recorded reported symptom, performed required service action, and completed post-service test."
SR-00993,MR-00993,EQ-0127,TECH-0995,2024-05-15,Condition-Based,Night,9436,Accumulator: Pilot pressure drop; observed symptom: bucket cylinder leaking externally.,Filter inspection and fluid condition check,damaged cylinder seal,tested pilot pressure and inspected pilot circuit,Cooler gasket set,Functional test passed,14.92,10.32,51234.51,2024-11-15,Completed,"Technician checked Accumulator, recorded reported symptom, performed required service action, and completed post-service test."
SR-00994,MR-00994,EQ-0185,TECH-0734,2024-05-15,Corrective,Night,4118,Hydraulic Line: Filter blockage; observed symptom: travel function loses power on incline.,Temperature and pressure checks,contaminated hydraulic oil,"drained contaminated oil, flushed circuit and refilled with filtered oil",Hydraulic oil,Operational test passed,14.94,8.5,49643.44,2024-11-15,Follow-up Required,"Technician checked Hydraulic Line, recorded reported symptom, performed required service action, and completed post-service test."
SR-00995,MR-00995,EQ-0195,TECH-0355,2024-05-15,Preventive,Evening,5454,Travel Motor: Filter blockage; observed symptom: arm movement slow after hydraulic oil warms.,Visual inspection and pressure test,air entering suction line,"drained contaminated oil, flushed circuit and refilled with filtered oil",Return filter element,Leak test passed,6.18,7.51,42077.87,2024-11-15,Completed - Monitor,"Technician checked Travel Motor, recorded reported symptom, performed required service action, and completed post-service test."
SR-00996,MR-00996,EQ-0240,TECH-0292,2024-05-15,Preventive,Day,11719,Hydraulic Line: Valve spool binding; observed symptom: bucket cylinder leaking externally.,Operational test under load,air entering suction line,tested pilot pressure and inspected pilot circuit,Cylinder seal kit,Functional test passed,3.68,2.86,13291.7,2024-11-15,Completed - Monitor,"Technician checked Hydraulic Line, recorded reported symptom, performed required service action, and completed post-service test."
SR-00997,MR-00997,EQ-0130,TECH-0975,2024-05-15,Preventive,Night,12874,Oil Cooler: Cylinder seal wear; observed symptom: arm movement slow after hydraulic oil warms.,Temperature and pressure checks,contaminated hydraulic oil,inspected hydraulic circuit and isolated affected component,Cylinder seal kit,Pressure test passed,14.98,9.83,56601.22,2024-11-15,Completed,"Technician checked Oil Cooler, recorded reported symptom, performed required service action, and completed post-service test."
SR-00998,MR-00998,EQ-0192,TECH-0499,2024-05-15,Inspection,Night,15870,Hydraulic Filter: Pilot pressure drop; observed symptom: pump noise increases during operation.,Filter inspection and fluid condition check,loss of accumulator pre-charge,tested pilot pressure and inspected pilot circuit,Return filter element,Pressure test passed,12.33,3.26,45813.13,2024-11-15,Completed - Monitor,"Technician checked Hydraulic Filter, recorded reported symptom, performed required service action, and completed post-service test."
SR-00999,MR-00999,EQ-0126,TECH-0593,2024-05-15,Preventive,Evening,7815,Main Control Valve: Internal pump leakage; observed symptom: arm movement slow after hydraulic oil warms.,Operational test under load,contaminated hydraulic oil,replaced damaged hose and pressure-tested circuit,Hydraulic filter,Operational test passed,10.26,1.41,20598.55,2024-11-15,Completed,"Technician checked Main Control Valve, recorded reported symptom, performed required service action, and completed post-service test."
SR-01000,MR-01000,EQ-0171,TECH-0354,2024-05-15,Preventive,Evening,17626,Bucket Cylinder: Air ingress; observed symptom: hydraulic oil temperature rises during continuous operation.,Temperature and pressure checks,blocked cooler core,tested pilot pressure and inspected pilot circuit,Return filter element,Functional test passed,2.16,7.63,66967.32,2024-11-15,Completed - Monitor,"Technician checked Bucket Cylinder, recorded reported symptom, performed required service action, and completed post-service test."
