service_id,maintenance_id,equipment_id,technician_id,service_date,service_type,service_shift,meter_reading_hours,inspection_finding,diagnostic_method,root_cause_confirmed,repair_or_service_action,part_replaced,test_after_service,service_duration_hours,downtime_hours,service_cost,next_service_due,service_status,technician_notes
SR-00001,MR-00001,EQ-0202,TECH-0394,2023-06-29,Corrective,Day,6394,Hydraulic Pump: Oil contamination; observed symptom: hydraulic oil temperature rises during continuous operation.,Temperature and pressure checks,blocked cooler core,inspected hydraulic circuit and isolated the affected component,Cylinder seal kit,Leak test passed,12.22,0.25,62210.46,2023-09-04,Follow-up Required,"Technician checked Hydraulic Pump, recorded the reported symptom, performed the required service action, and completed a post-service test."
SR-00002,MR-00002,EQ-0024,TECH-0141,2023-07-19,Preventive,Night,14544,Hydraulic Pump: Line restriction; observed symptom: hydraulic flow is low at operating temperature.,Visual inspection and pressure test,contaminated hydraulic oil,"drained contaminated oil, flushed circuit and refilled with filtered oil",Pump seal kit,Operational test passed,2.2,0.25,41449.83,2023-08-19,Closed,"Technician checked Hydraulic Pump, recorded the reported symptom, performed the required service action, and completed a post-service test."
SR-00003,MR-00003,EQ-0105,TECH-0271,2023-05-13,Corrective,Night,8708,Hydraulic Pump: Air ingress; observed symptom: hydraulic flow is low at operating temperature.,Pressure and flow measurement,high oil temperature,tested pilot pressure and inspected pilot circuit,Valve O-rings,Test passed; monitor during next shift,4.46,6.86,43065.09,2023-10-08,Closed - Monitor,"Technician checked Hydraulic Pump, recorded the reported symptom, performed the required service action, and completed a post-service test."
SR-00004,MR-00004,EQ-0155,TECH-0360,2023-08-16,Preventive,Day,2698,Hydraulic Cooler: Cooler restriction; observed symptom: travel function loses power on incline.,Pressure and flow measurement,contaminated hydraulic oil,cleaned cooler and verified hydraulic oil temperature,Hydraulic filter,Pressure test passed,6.62,6.37,40122.29,2023-12-16,Closed,"Technician checked Hydraulic Cooler, recorded the reported symptom, performed the required service action, and completed a post-service test."
SR-00005,MR-00005,EQ-0140,TECH-0617,2025-04-28,Corrective,Day,15932,Main Control Valve: Internal leakage; observed symptom: hydraulic flow is low at operating temperature.,Filter inspection and fluid condition check,loss of accumulator pre-charge,checked pressure and flow at operating temperature,Pilot filter,Leak test passed,6.47,11.73,51790.52,2025-07-02,Closed,"Technician checked Main Control Valve, recorded the reported symptom, performed the required service action, and completed a post-service test."
SR-00006,MR-00006,EQ-0186,TECH-0115,2025-02-02,Corrective,Night,6384,Hydraulic Hose: Overheating; observed symptom: bucket cylinder leaking externally.,Filter inspection and fluid condition check,damaged hydraulic hose,cleaned cooler and verified hydraulic oil temperature,Hydraulic oil,Pressure test passed,8.78,6.74,36032.27,2025-07-21,Closed,"Technician checked Hydraulic Hose, recorded the reported symptom, performed the required service action, and completed a post-service test."
SR-00007,MR-00007,EQ-0025,TECH-0106,2022-02-12,Corrective,Day,12792,Hydraulic Line: Cooler restriction; observed symptom: hydraulic oil temperature rises during continuous operation.,Visual inspection and pressure test,restricted return filter,"drained contaminated oil, flushed circuit and refilled with filtered oil",Cooler gasket set,Operational test passed,15.03,1.22,14545.98,2022-07-24,Closed,"Technician checked Hydraulic Line, recorded the reported symptom, performed the required service action, and completed a post-service test."
SR-00008,MR-00008,EQ-0207,TECH-0091,2023-03-14,Condition-Based,Day,6161,Hydraulic Line: Air ingress; observed symptom: pilot pressure below expected range.,Visual inspection and pressure test,restricted hydraulic line,replaced damaged hose and pressure-tested the circuit,Cylinder seal kit,Operational test passed,10.45,1.77,67698.19,2023-04-23,Closed,"Technician checked Hydraulic Line, recorded the reported symptom, performed the required service action, and completed a post-service test."
SR-00009,MR-00009,EQ-0062,TECH-0602,2023-08-13,Corrective,Night,7994,Swing Motor: External leakage; observed symptom: visible oil leak near hydraulic line.,Pressure and flow measurement,contaminated hydraulic oil,inspected hydraulic circuit and isolated the affected component,Valve O-rings,Leak test passed,11.57,3.3,16808.46,2023-10-14,Closed,"Technician checked Swing Motor, recorded the reported symptom, performed the required service action, and completed a post-service test."
SR-00010,MR-00010,EQ-0052,TECH-0333,2023-07-07,Corrective,Night,13438,Bucket Cylinder: Accumulator pressure loss; observed symptom: hydraulic oil appears contaminated.,Visual inspection and pressure test,blocked cooler core,checked pressure and flow at operating temperature,Cylinder seal kit,Pressure test passed,10.64,7.35,52973.97,2023-08-13,Closed,"Technician checked Bucket Cylinder, recorded the reported symptom, performed the required service action, and completed a post-service test."
SR-00011,MR-00011,EQ-0101,TECH-0501,2026-01-31,Corrective,Night,8442,Engine Cooling System: Internal leakage; observed symptom: hydraulic oil appears contaminated.,Filter inspection and fluid condition check,sticking spool valve,checked pump output and inspected for internal leakage,Accumulator charging kit,Leak test passed,12.98,1.53,71639.36,2026-07-23,Closed,"Technician checked Engine Cooling System, recorded the reported symptom, performed the required service action, and completed a post-service test."
SR-00012,MR-00012,EQ-0151,TECH-0475,2022-09-20,Corrective,Night,16237,Pilot Valve: Overheating; observed symptom: boom movement slow under load.,Visual inspection and pressure test,air entering suction line,replaced damaged seal kit and performed leak test,Hydraulic hose,Leak test passed,15.2,7.25,47975.72,2023-02-05,Closed - Monitor,"Technician checked Pilot Valve, recorded the reported symptom, performed the required service action, and completed a post-service test."
SR-00013,MR-00013,EQ-0065,TECH-0746,2024-08-31,Preventive,Day,14155,Travel Motor: Accumulator pressure loss; observed symptom: travel function loses power on incline.,Filter inspection and fluid condition check,degraded hydraulic fluid,replaced damaged hose and pressure-tested the circuit,Pump seal kit,Operational test passed,12.18,4.12,33360.52,2025-02-03,Closed - Monitor,"Technician checked Travel Motor, recorded the reported symptom, performed the required service action, and completed a post-service test."
SR-00014,MR-00014,EQ-0181,TECH-0587,2022-10-15,Corrective,Evening,2620,Hydraulic Filter: Valve sticking; observed symptom: pilot pressure below expected range.,Visual inspection and pressure test,low pilot supply pressure,cleaned cooler and verified hydraulic oil temperature,Hydraulic hose,Operational test passed,4.43,9.14,41303.85,2023-05-08,Closed - Monitor,"Technician checked Hydraulic Filter, recorded the reported symptom, performed the required service action, and completed a post-service test."
SR-00015,MR-00015,EQ-0212,TECH-0564,2023-05-10,Corrective,Day,8189,Accumulator: External leakage; observed symptom: hydraulic oil appears contaminated.,Filter inspection and fluid condition check,contaminated hydraulic oil,replaced restricted hydraulic filter and checked contamination source,Accumulator charging kit,Operational test passed,12.55,1.0,57912.1,2023-12-03,Closed,"Technician checked Accumulator, recorded the reported symptom, performed the required service action, and completed a post-service test."
SR-00016,MR-00016,EQ-0233,TECH-0885,2023-05-05,Preventive,Day,6664,Accumulator: Valve sticking; observed symptom: filter restriction indicator activated.,Pressure and flow measurement,worn pump components,tested pilot pressure and inspected pilot circuit,Hydraulic oil,Leak test passed,3.43,6.73,27496.82,2023-08-07,Closed,"Technician checked Accumulator, recorded the reported symptom, performed the required service action, and completed a post-service test."
SR-00017,MR-00017,EQ-0126,TECH-0598,2023-05-16,Corrective,Day,2253,Swing Motor: Hose failure; observed symptom: swing movement is slow.,Operational test under load,air entering suction line,checked accumulator pre-charge and restored it to service specification,Pump seal kit,Leak test passed,13.27,6.51,63146.24,2023-06-22,Closed,"Technician checked Swing Motor, recorded the reported symptom, performed the required service action, and completed a post-service test."
SR-00018,MR-00018,EQ-0066,TECH-0997,2022-04-03,Corrective,Night,2995,Pilot Valve: Overheating; observed symptom: visible oil leak near hydraulic line.,Filter inspection and fluid condition check,restricted return filter,replaced damaged hose and pressure-tested the circuit,Hydraulic line fittings,Pressure test passed,14.58,4.11,66303.64,2022-06-18,Closed - Monitor,"Technician checked Pilot Valve, recorded the reported symptom, performed the required service action, and completed a post-service test."
SR-00019,MR-00019,EQ-0125,TECH-0743,2025-06-27,Corrective,Day,15353,Hydraulic Filter: Air ingress; observed symptom: arm movement slow after hydraulic oil warms.,Visual inspection and pressure test,high oil temperature,inspected valve spool movement and cleaned the valve assembly,Cooler gasket set,Pressure test passed,1.57,4.54,35120.63,2025-11-10,Closed,"Technician checked Hydraulic Filter, recorded the reported symptom, performed the required service action, and completed a post-service test."
SR-00020,MR-00020,EQ-0173,TECH-0823,2022-02-15,Preventive,Day,15278,Engine Cooling System: Cooler restriction; observed symptom: hydraulic oil temperature rises during continuous operation.,Temperature and pressure checks,low pilot supply pressure,inspected hydraulic circuit and isolated the affected component,Pilot filter,Functional test passed,8.11,10.16,23195.27,2022-05-16,Closed,"Technician checked Engine Cooling System, recorded the reported symptom, performed the required service action, and completed a post-service test."
SR-00021,MR-00021,EQ-0065,TECH-0210,2023-03-21,Corrective,Evening,17274,Hydraulic Cooler: External leakage; observed symptom: pilot pressure below expected range.,Operational test under load,restricted return filter,inspected valve spool movement and cleaned the valve assembly,Cooler gasket set,Functional test passed,10.82,2.74,12045.11,2023-10-13,Closed,"Technician checked Hydraulic Cooler, recorded the reported symptom, performed the required service action, and completed a post-service test."
SR-00022,MR-00022,EQ-0092,TECH-0417,2023-01-12,Corrective,Day,3045,Hydraulic Hose: Cooler restriction; observed symptom: reduced digging force.,Operational test under load,degraded hydraulic fluid,inspected suction line for air ingress and corrected the connection,Hydraulic oil,Functional test passed,13.82,3.81,47833.25,2023-04-20,Closed,"Technician checked Hydraulic Hose, recorded the reported symptom, performed the required service action, and completed a post-service test."
SR-00023,MR-00023,EQ-0035,TECH-0062,2022-01-26,Condition-Based,Evening,12911,Hydraulic Filter: Oil contamination; observed symptom: arm movement slow after hydraulic oil warms.,Operational test under load,internal cylinder leakage,checked accumulator pre-charge and restored it to service specification,Accumulator charging kit,Pressure test passed,4.06,4.78,54828.45,2022-05-17,Follow-up Required,"Technician checked Hydraulic Filter, recorded the reported symptom, performed the required service action, and completed a post-service test."
SR-00024,MR-00024,EQ-0028,TECH-0760,2022-12-20,Preventive,Evening,5356,Swing Motor: Low pilot pressure; observed symptom: travel function loses power on incline.,Leak inspection and functional test,blocked cooler core,"drained contaminated oil, flushed circuit and refilled with filtered oil",No replacement part,Operational test passed,3.51,6.56,34078.47,2023-03-08,Closed,"Technician checked Swing Motor, recorded the reported symptom, performed the required service action, and completed a post-service test."
SR-00025,MR-00025,EQ-0009,TECH-0264,2025-10-05,Corrective,Night,11350,Hydraulic Tank: Cooler restriction; observed symptom: reduced digging force.,Leak inspection and functional test,sticking spool valve,inspected hydraulic circuit and isolated the affected component,Hydraulic hose,Leak test passed,1.7,3.81,4383.79,2025-12-02,Follow-up Required,"Technician checked Hydraulic Tank, recorded the reported symptom, performed the required service action, and completed a post-service test."
SR-00026,MR-00026,EQ-0036,TECH-0564,2025-10-03,Condition-Based,Day,16604,Hydraulic Tank: Pump wear; observed symptom: filter restriction indicator activated.,Pressure and flow measurement,worn pump components,inspected valve spool movement and cleaned the valve assembly,Hydraulic line fittings,Pressure test passed,10.69,5.58,11890.79,2025-12-13,Follow-up Required,"Technician checked Hydraulic Tank, recorded the reported symptom, performed the required service action, and completed a post-service test."
SR-00027,MR-00027,EQ-0211,TECH-0318,2026-05-12,Corrective,Evening,8853,Swing Motor: Valve sticking; observed symptom: travel function loses power on incline.,Visual inspection and pressure test,internal cylinder leakage,tested pilot pressure and inspected pilot circuit,Hydraulic oil,Operational test passed,5.47,2.34,12126.99,2026-11-02,Closed,"Technician checked Swing Motor, recorded the reported symptom, performed the required service action, and completed a post-service test."
SR-00028,MR-00028,EQ-0102,TECH-0249,2025-05-15,Corrective,Night,6924,Swing Motor: Valve sticking; observed symptom: arm movement slow after hydraulic oil warms.,Visual inspection and pressure test,internal cylinder leakage,checked accumulator pre-charge and restored it to service specification,Pilot filter,Operational test passed,9.27,8.83,72609.46,2025-09-30,Closed - Monitor,"Technician checked Swing Motor, recorded the reported symptom, performed the required service action, and completed a post-service test."
SR-00029,MR-00029,EQ-0208,TECH-0955,2023-12-25,Corrective,Night,17359,Hydraulic Cooler: Restricted flow; observed symptom: arm movement slow after hydraulic oil warms.,Filter inspection and fluid condition check,restricted return filter,inspected suction line for air ingress and corrected the connection,Cooler gasket set,Pressure test passed,7.12,0.86,18469.86,2024-02-25,Closed,"Technician checked Hydraulic Cooler, recorded the reported symptom, performed the required service action, and completed a post-service test."
SR-00030,MR-00030,EQ-0131,TECH-0189,2022-07-16,Condition-Based,Day,9257,Accumulator: Accumulator pressure loss; observed symptom: hydraulic oil temperature rises during continuous operation.,Operational test under load,damaged cylinder seal,inspected hydraulic circuit and isolated the affected component,Pump seal kit,Pressure test passed,7.41,6.62,26852.42,2022-09-30,Closed,"Technician checked Accumulator, recorded the reported symptom, performed the required service action, and completed a post-service test."
SR-00031,MR-00031,EQ-0073,TECH-0163,2023-10-24,Preventive,Night,17764,Hydraulic Tank: Cylinder seal wear; observed symptom: hydraulic oil temperature rises during continuous operation.,Leak inspection and functional test,low pilot supply pressure,tested pilot pressure and inspected pilot circuit,Hydraulic oil,Test passed; monitor during next shift,2.74,4.87,48278.24,2024-01-24,Follow-up Required,"Technician checked Hydraulic Tank, recorded the reported symptom, performed the required service action, and completed a post-service test."
SR-00032,MR-00032,EQ-0002,TECH-0876,2022-03-10,Corrective,Evening,18152,Hydraulic Tank: Overheating; observed symptom: hydraulic response is jerky.,Operational test under load,restricted hydraulic line,inspected valve spool movement and cleaned the valve assembly,Hydraulic filter,Operational test passed,10.8,0.86,58331.48,2022-08-28,Closed,"Technician checked Hydraulic Tank, recorded the reported symptom, performed the required service action, and completed a post-service test."
SR-00033,MR-00033,EQ-0046,TECH-0196,2025-04-14,Corrective,Evening,2249,Main Control Valve: Low pilot pressure; observed symptom: hydraulic response is jerky.,Pressure and flow measurement,restricted return filter,checked pressure and flow at operating temperature,Pilot filter,Operational test passed,5.62,6.06,67898.88,2025-09-29,Closed,"Technician checked Main Control Valve, recorded the reported symptom, performed the required service action, and completed a post-service test."
SR-00034,MR-00034,EQ-0090,TECH-0586,2024-03-30,Inspection,Night,9531,Swing Motor: Overheating; observed symptom: hydraulic oil temperature rises during continuous operation.,Operational test under load,low pilot supply pressure,replaced damaged hose and pressure-tested the circuit,Hydraulic line fittings,Operational test passed,13.26,7.31,77711.76,2024-09-02,Closed,"Technician checked Swing Motor, recorded the reported symptom, performed the required service action, and completed a post-service test."
SR-00035,MR-00035,EQ-0148,TECH-0535,2023-06-22,Corrective,Evening,16964,Hydraulic Hose: Cooler restriction; observed symptom: reduced digging force.,Visual inspection and pressure test,internal cylinder leakage,cleaned cooler and verified hydraulic oil temperature,Cooler gasket set,Operational test passed,11.6,7.62,68912.57,2023-08-28,Closed,"Technician checked Hydraulic Hose, recorded the reported symptom, performed the required service action, and completed a post-service test."
SR-00036,MR-00036,EQ-0135,TECH-0970,2023-09-01,Condition-Based,Day,16815,Pilot Valve: Filter blockage; observed symptom: visible oil leak near hydraulic line.,Leak inspection and functional test,blocked cooler core,checked accumulator pre-charge and restored it to service specification,Accumulator charging kit,Operational test passed,11.58,4.36,35661.49,2023-11-13,Closed,"Technician checked Pilot Valve, recorded the reported symptom, performed the required service action, and completed a post-service test."
SR-00037,MR-00037,EQ-0013,TECH-0086,2026-05-17,Condition-Based,Day,11390,Hydraulic Line: Restricted flow; observed symptom: swing movement is slow.,Filter inspection and fluid condition check,damaged cylinder seal,checked pressure and flow at operating temperature,Return filter element,Operational test passed,3.61,8.0,20930.52,2026-09-20,Closed,"Technician checked Hydraulic Line, recorded the reported symptom, performed the required service action, and completed a post-service test."
SR-00038,MR-00038,EQ-0237,TECH-0033,2024-02-15,Preventive,Night,7490,Boom Cylinder: Cylinder seal wear; observed symptom: hydraulic oil appears contaminated.,Pressure and flow measurement,blocked cooler core,replaced damaged hose and pressure-tested the circuit,Hydraulic hose,Pressure test passed,7.65,2.19,55230.64,2024-06-19,Closed,"Technician checked Boom Cylinder, recorded the reported symptom, performed the required service action, and completed a post-service test."
SR-00039,MR-00039,EQ-0030,TECH-0403,2022-02-09,Condition-Based,Night,7261,Hydraulic Line: Cylinder seal wear; observed symptom: reduced digging force.,Leak inspection and functional test,sticking spool valve,replaced damaged hose and pressure-tested the circuit,Hydraulic hose,Functional test passed,1.47,7.23,27087.68,2022-06-16,Closed,"Technician checked Hydraulic Line, recorded the reported symptom, performed the required service action, and completed a post-service test."
SR-00040,MR-00040,EQ-0233,TECH-0142,2026-02-14,Corrective,Evening,17346,Main Control Valve: Cylinder seal wear; observed symptom: hydraulic response is jerky.,Leak inspection and functional test,restricted hydraulic line,replaced damaged seal kit and performed leak test,Hydraulic filter,Pressure test passed,10.55,0.75,19521.68,2026-08-25,Closed - Monitor,"Technician checked Main Control Valve, recorded the reported symptom, performed the required service action, and completed a post-service test."
SR-00041,MR-00041,EQ-0058,TECH-0055,2023-06-27,Corrective,Day,2415,Pilot Valve: Filter blockage; observed symptom: filter restriction indicator activated.,Temperature and pressure checks,low pilot supply pressure,inspected hydraulic circuit and isolated the affected component,Pump seal kit,Pressure test passed,3.15,9.13,39819.85,2023-12-22,Closed,"Technician checked Pilot Valve, recorded the reported symptom, performed the required service action, and completed a post-service test."
SR-00042,MR-00042,EQ-0034,TECH-0333,2026-03-06,Inspection,Night,17758,Accumulator: Hose failure; observed symptom: pilot pressure below expected range.,Operational test under load,air entering suction line,"drained contaminated oil, flushed circuit and refilled with filtered oil",Accumulator charging kit,Leak test passed,12.7,2.91,68330.95,2026-05-05,Closed - Monitor,"Technician checked Accumulator, recorded the reported symptom, performed the required service action, and completed a post-service test."
SR-00043,MR-00043,EQ-0072,TECH-0549,2024-07-13,Corrective,Day,8128,Accumulator: Restricted flow; observed symptom: boom movement slow under load.,Visual inspection and pressure test,damaged cylinder seal,inspected suction line for air ingress and corrected the connection,Return filter element,Leak test passed,15.16,2.06,22342.21,2024-12-29,Closed,"Technician checked Accumulator, recorded the reported symptom, performed the required service action, and completed a post-service test."
SR-00044,MR-00044,EQ-0009,TECH-0912,2025-06-09,Condition-Based,Evening,12643,Main Control Valve: Low pilot pressure; observed symptom: boom movement slow under load.,Temperature and pressure checks,damaged cylinder seal,replaced damaged seal kit and performed leak test,Hydraulic hose,Leak test passed,16.0,4.87,44777.51,2025-09-04,Closed,"Technician checked Main Control Valve, recorded the reported symptom, performed the required service action, and completed a post-service test."
SR-00045,MR-00045,EQ-0195,TECH-0014,2023-05-18,Corrective,Night,3389,Hydraulic Pump: Overheating; observed symptom: swing movement is slow.,Leak inspection and functional test,restricted hydraulic line,checked accumulator pre-charge and restored it to service specification,Cooler gasket set,Pressure test passed,9.82,5.64,60046.41,2023-10-22,Closed,"Technician checked Hydraulic Pump, recorded the reported symptom, performed the required service action, and completed a post-service test."
SR-00046,MR-00046,EQ-0024,TECH-0530,2025-06-26,Corrective,Day,6969,Bucket Cylinder: External leakage; observed symptom: reduced digging force.,Operational test under load,loss of accumulator pre-charge,tested pilot pressure and inspected pilot circuit,Cylinder seal kit,Functional test passed,14.92,1.59,55765.65,2025-11-10,Closed,"Technician checked Bucket Cylinder, recorded the reported symptom, performed the required service action, and completed a post-service test."
SR-00047,MR-00047,EQ-0240,TECH-0090,2025-12-22,Condition-Based,Night,4373,Hydraulic Cooler: Oil contamination; observed symptom: arm movement slow after hydraulic oil warms.,Leak inspection and functional test,contaminated hydraulic oil,tested pilot pressure and inspected pilot circuit,No replacement part,Leak test passed,1.49,5.76,42775.07,2026-03-23,Closed,"Technician checked Hydraulic Cooler, recorded the reported symptom, performed the required service action, and completed a post-service test."
SR-00048,MR-00048,EQ-0058,TECH-0268,2024-07-04,Preventive,Day,7729,Hydraulic Filter: External leakage; observed symptom: visible oil leak near hydraulic line.,Leak inspection and functional test,air entering suction line,inspected suction line for air ingress and corrected the connection,Hydraulic oil,Functional test passed,8.1,7.96,10913.33,2024-11-28,Closed,"Technician checked Hydraulic Filter, recorded the reported symptom, performed the required service action, and completed a post-service test."
SR-00049,MR-00049,EQ-0003,TECH-0181,2025-10-18,Inspection,Day,8268,Fuel System: Air ingress; observed symptom: reduced digging force.,Filter inspection and fluid condition check,restricted hydraulic line,cleaned cooler and verified hydraulic oil temperature,Hydraulic hose,Pressure test passed,8.7,1.93,24163.82,2026-02-20,Closed,"Technician checked Fuel System, recorded the reported symptom, performed the required service action, and completed a post-service test."
SR-00050,MR-00050,EQ-0220,TECH-0169,2023-03-26,Corrective,Night,4923,Swing Motor: Oil contamination; observed symptom: reduced digging force.,Operational test under load,worn pump components,"drained contaminated oil, flushed circuit and refilled with filtered oil",Pump seal kit,Pressure test passed,16.0,4.93,23577.36,2023-10-12,Closed,"Technician checked Swing Motor, recorded the reported symptom, performed the required service action, and completed a post-service test."
SR-00051,MR-00051,EQ-0131,TECH-0662,2026-07-31,Corrective,Night,14083,Hydraulic Cooler: Internal leakage; observed symptom: arm movement slow after hydraulic oil warms.,Filter inspection and fluid condition check,low pilot supply pressure,inspected valve spool movement and cleaned the valve assembly,Accumulator charging kit,Pressure test passed,15.46,8.89,53220.71,2027-01-03,Closed,"Technician checked Hydraulic Cooler, recorded the reported symptom, performed the required service action, and completed a post-service test."
SR-00052,MR-00052,EQ-0015,TECH-0478,2025-02-17,Corrective,Night,10836,Hydraulic Line: Air ingress; observed symptom: pilot pressure below expected range.,Temperature and pressure checks,worn pump components,checked accumulator pre-charge and restored it to service specification,Valve O-rings,Operational test passed,7.8,3.05,16983.51,2025-05-21,Closed,"Technician checked Hydraulic Line, recorded the reported symptom, performed the required service action, and completed a post-service test."
SR-00053,MR-00053,EQ-0217,TECH-0173,2025-05-27,Corrective,Evening,10275,Hydraulic Line: External leakage; observed symptom: swing movement is slow.,Filter inspection and fluid condition check,damaged cylinder seal,replaced damaged seal kit and performed leak test,Pump seal kit,Pressure test passed,13.3,4.67,31593.01,2025-08-03,Closed,"Technician checked Hydraulic Line, recorded the reported symptom, performed the required service action, and completed a post-service test."
SR-00054,MR-00054,EQ-0235,TECH-0904,2022-07-11,Corrective,Day,12964,Main Control Valve: Cooler restriction; observed symptom: pilot pressure below expected range.,Filter inspection and fluid condition check,contaminated hydraulic oil,inspected hydraulic circuit and isolated the affected component,Hydraulic oil,Test passed; monitor during next shift,4.12,6.44,62424.67,2022-10-02,Closed - Monitor,"Technician checked Main Control Valve, recorded the reported symptom, performed the required service action, and completed a post-service test."
SR-00055,MR-00055,EQ-0212,TECH-0915,2026-05-13,Corrective,Evening,12385,Boom Cylinder: Filter blockage; observed symptom: arm movement slow after hydraulic oil warms.,Leak inspection and functional test,damaged cylinder seal,inspected hydraulic circuit and isolated the affected component,Valve O-rings,Functional test passed,14.57,7.77,57811.24,2026-07-20,Follow-up Required,"Technician checked Boom Cylinder, recorded the reported symptom, performed the required service action, and completed a post-service test."
SR-00056,MR-00056,EQ-0003,TECH-0537,2023-09-16,Corrective,Evening,16832,Fuel System: Cylinder seal wear; observed symptom: boom movement slow under load.,Pressure and flow measurement,air entering suction line,inspected hydraulic circuit and isolated the affected component,Hydraulic line fittings,Leak test passed,9.21,4.55,19588.96,2024-03-06,Closed,"Technician checked Fuel System, recorded the reported symptom, performed the required service action, and completed a post-service test."
SR-00057,MR-00057,EQ-0150,TECH-0906,2024-06-04,Condition-Based,Evening,8554,Fuel System: Accumulator pressure loss; observed symptom: boom movement slow under load.,Operational test under load,internal cylinder leakage,replaced damaged seal kit and performed leak test,Cooler gasket set,Functional test passed,9.9,0.25,71747.81,2024-09-20,Closed,"Technician checked Fuel System, recorded the reported symptom, performed the required service action, and completed a post-service test."
SR-00058,MR-00058,EQ-0237,TECH-0140,2025-07-30,Preventive,Night,6415,Boom Cylinder: Oil contamination; observed symptom: reduced digging force.,Filter inspection and fluid condition check,air entering suction line,checked accumulator pre-charge and restored it to service specification,Valve O-rings,Pressure test passed,13.09,2.34,56583.52,2025-11-09,Closed,"Technician checked Boom Cylinder, recorded the reported symptom, performed the required service action, and completed a post-service test."
SR-00059,MR-00059,EQ-0110,TECH-0107,2026-06-14,Condition-Based,Night,15799,Accumulator: Restricted flow; observed symptom: pump noise increases during operation.,Visual inspection and pressure test,blocked cooler core,cleaned cooler and verified hydraulic oil temperature,Hydraulic filter,Operational test passed,8.51,7.77,64671.56,2026-11-18,Closed - Monitor,"Technician checked Accumulator, recorded the reported symptom, performed the required service action, and completed a post-service test."
SR-00060,MR-00060,EQ-0120,TECH-0553,2026-04-05,Corrective,Day,3200,Hydraulic Tank: Cooler restriction; observed symptom: hydraulic oil temperature rises during continuous operation.,Operational test under load,damaged cylinder seal,inspected hydraulic circuit and isolated the affected component,Accumulator charging kit,Pressure test passed,1.72,4.04,22170.41,2026-06-19,Closed,"Technician checked Hydraulic Tank, recorded the reported symptom, performed the required service action, and completed a post-service test."
SR-00061,MR-00061,EQ-0235,TECH-0041,2024-01-14,Inspection,Day,8859,Hydraulic Cooler: Low pilot pressure; observed symptom: bucket will not open normally.,Temperature and pressure checks,air entering suction line,replaced damaged seal kit and performed leak test,Hydraulic line fittings,Leak test passed,15.87,6.41,69429.0,2024-07-05,Closed,"Technician checked Hydraulic Cooler, recorded the reported symptom, performed the required service action, and completed a post-service test."
SR-00062,MR-00062,EQ-0089,TECH-0638,2026-05-10,Corrective,Evening,6302,Hydraulic Hose: Cooler restriction; observed symptom: pump noise increases during operation.,Filter inspection and fluid condition check,contaminated hydraulic oil,replaced damaged seal kit and performed leak test,Hydraulic line fittings,Leak test passed,15.45,3.89,80202.89,2026-07-26,Closed - Monitor,"Technician checked Hydraulic Hose, recorded the reported symptom, performed the required service action, and completed a post-service test."
SR-00063,MR-00063,EQ-0191,TECH-0024,2022-03-18,Corrective,Night,8877,Hydraulic Line: Accumulator pressure loss; observed symptom: swing movement is slow.,Temperature and pressure checks,damaged hydraulic hose,cleaned cooler and verified hydraulic oil temperature,Accumulator charging kit,Pressure test passed,6.98,2.32,21867.25,2022-08-15,Closed,"Technician checked Hydraulic Line, recorded the reported symptom, performed the required service action, and completed a post-service test."
SR-00064,MR-00064,EQ-0027,TECH-0960,2024-12-27,Corrective,Night,12881,Arm Cylinder: Internal leakage; observed symptom: pilot pressure below expected range.,Pressure and flow measurement,degraded hydraulic fluid,inspected valve spool movement and cleaned the valve assembly,Return filter element,Pressure test passed,6.44,5.63,34423.73,2025-04-19,Closed,"Technician checked Arm Cylinder, recorded the reported symptom, performed the required service action, and completed a post-service test."
SR-00065,MR-00065,EQ-0183,TECH-0046,2024-08-22,Corrective,Night,2748,Hydraulic Pump: Hose failure; observed symptom: bucket will not open normally.,Filter inspection and fluid condition check,internal cylinder leakage,"drained contaminated oil, flushed circuit and refilled with filtered oil",Hydraulic line fittings,Pressure test passed,6.84,13.85,29158.55,2025-03-06,Closed,"Technician checked Hydraulic Pump, recorded the reported symptom, performed the required service action, and completed a post-service test."
SR-00066,MR-00066,EQ-0037,TECH-0853,2025-10-31,Corrective,Evening,6045,Hydraulic Cooler: Restricted flow; observed symptom: hydraulic oil temperature rises during continuous operation.,Pressure and flow measurement,restricted hydraulic line,replaced damaged seal kit and performed leak test,Hydraulic filter,Operational test passed,7.47,4.9,37084.5,2025-12-16,Closed,"Technician checked Hydraulic Cooler, recorded the reported symptom, performed the required service action, and completed a post-service test."
SR-00067,MR-00067,EQ-0001,TECH-0542,2022-11-28,Condition-Based,Evening,15973,Travel Motor: Cylinder seal wear; observed symptom: boom movement slow under load.,Filter inspection and fluid condition check,sticking spool valve,inspected valve spool movement and cleaned the valve assembly,Hydraulic line fittings,Test passed; monitor during next shift,7.22,5.3,11208.87,2023-03-19,Closed - Monitor,"Technician checked Travel Motor, recorded the reported symptom, performed the required service action, and completed a post-service test."
SR-00068,MR-00068,EQ-0085,TECH-0749,2022-01-07,Preventive,Evening,17528,Main Control Valve: Pump wear; observed symptom: reduced digging force.,Operational test under load,damaged hydraulic hose,replaced damaged hose and pressure-tested the circuit,Hydraulic oil,Leak test passed,1.55,0.25,7388.2,2022-06-10,Closed,"Technician checked Main Control Valve, recorded the reported symptom, performed the required service action, and completed a post-service test."
SR-00069,MR-00069,EQ-0103,TECH-0874,2026-04-07,Corrective,Day,8128,Accumulator: Low pilot pressure; observed symptom: pilot pressure below expected range.,Temperature and pressure checks,loss of accumulator pre-charge,inspected hydraulic circuit and isolated the affected component,Hydraulic line fittings,Functional test passed,15.47,3.31,67427.42,2026-07-11,Closed,"Technician checked Accumulator, recorded the reported symptom, performed the required service action, and completed a post-service test."
SR-00070,MR-00070,EQ-0121,TECH-0804,2023-02-18,Condition-Based,Night,17956,Hydraulic Filter: Accumulator pressure loss; observed symptom: visible oil leak near hydraulic line.,Filter inspection and fluid condition check,restricted return filter,checked pump output and inspected for internal leakage,Hydraulic filter,Operational test passed,13.01,0.25,39159.72,2023-04-24,Closed,"Technician checked Hydraulic Filter, recorded the reported symptom, performed the required service action, and completed a post-service test."
SR-00071,MR-00071,EQ-0071,TECH-0946,2025-10-04,Preventive,Day,7117,Engine Cooling System: Internal leakage; observed symptom: swing movement is slow.,Filter inspection and fluid condition check,damaged cylinder seal,checked accumulator pre-charge and restored it to service specification,Cooler gasket set,Test passed; monitor during next shift,9.2,3.59,70097.59,2026-02-22,Closed,"Technician checked Engine Cooling System, recorded the reported symptom, performed the required service action, and completed a post-service test."
SR-00072,MR-00072,EQ-0077,TECH-0570,2022-09-07,Inspection,Evening,9268,Engine Cooling System: Cylinder seal wear; observed symptom: bucket will not open normally.,Pressure and flow measurement,high oil temperature,"drained contaminated oil, flushed circuit and refilled with filtered oil",Valve O-rings,Operational test passed,2.12,8.18,40654.49,2023-02-07,Closed,"Technician checked Engine Cooling System, recorded the reported symptom, performed the required service action, and completed a post-service test."
SR-00073,MR-00073,EQ-0075,TECH-0328,2022-01-06,Preventive,Day,10270,Fuel System: Line restriction; observed symptom: hydraulic response is jerky.,Filter inspection and fluid condition check,contaminated hydraulic oil,checked pump output and inspected for internal leakage,Hydraulic filter,Test passed; monitor during next shift,5.12,2.13,49831.46,2022-03-10,Closed,"Technician checked Fuel System, recorded the reported symptom, performed the required service action, and completed a post-service test."
SR-00074,MR-00074,EQ-0117,TECH-0795,2025-12-01,Preventive,Night,13485,Swing Motor: Filter blockage; observed symptom: bucket cylinder leaking externally.,Operational test under load,sticking spool valve,replaced damaged seal kit and performed leak test,Accumulator charging kit,Leak test passed,8.37,14.17,34027.14,2026-01-22,Closed,"Technician checked Swing Motor, recorded the reported symptom, performed the required service action, and completed a post-service test."
SR-00075,MR-00075,EQ-0206,TECH-0034,2022-03-04,Corrective,Day,14779,Engine Cooling System: Internal leakage; observed symptom: pump noise increases during operation.,Temperature and pressure checks,contaminated hydraulic oil,checked accumulator pre-charge and restored it to service specification,Cylinder seal kit,Functional test passed,15.55,2.14,25063.49,2022-08-13,Closed,"Technician checked Engine Cooling System, recorded the reported symptom, performed the required service action, and completed a post-service test."
SR-00076,MR-00076,EQ-0015,TECH-0793,2025-01-25,Corrective,Night,13442,Main Control Valve: Oil contamination; observed symptom: bucket will not open normally.,Operational test under load,contaminated hydraulic oil,checked pump output and inspected for internal leakage,Valve O-rings,Pressure test passed,6.6,3.27,41252.79,2025-03-22,Closed,"Technician checked Main Control Valve, recorded the reported symptom, performed the required service action, and completed a post-service test."
SR-00077,MR-00077,EQ-0169,TECH-0624,2026-06-09,Corrective,Evening,10300,Swing Motor: Overheating; observed symptom: hydraulic oil temperature rises during continuous operation.,Operational test under load,loss of accumulator pre-charge,inspected valve spool movement and cleaned the valve assembly,Return filter element,Operational test passed,6.27,0.58,13660.42,2026-12-21,Closed - Monitor,"Technician checked Swing Motor, recorded the reported symptom, performed the required service action, and completed a post-service test."
SR-00078,MR-00078,EQ-0236,TECH-0541,2025-01-12,Corrective,Night,3093,Hydraulic Pump: Accumulator pressure loss; observed symptom: hydraulic oil appears contaminated.,Temperature and pressure checks,sticking spool valve,tested pilot pressure and inspected pilot circuit,Pilot filter,Pressure test passed,3.71,7.74,30305.45,2025-07-13,Closed,"Technician checked Hydraulic Pump, recorded the reported symptom, performed the required service action, and completed a post-service test."
SR-00079,MR-00079,EQ-0188,TECH-0071,2022-03-15,Corrective,Night,12201,Swing Motor: Restricted flow; observed symptom: bucket will not open normally.,Leak inspection and functional test,restricted hydraulic line,inspected hydraulic circuit and isolated the affected component,Hydraulic oil,Test passed; monitor during next shift,3.31,5.06,40852.59,2022-04-16,Closed - Monitor,"Technician checked Swing Motor, recorded the reported symptom, performed the required service action, and completed a post-service test."
SR-00080,MR-00080,EQ-0069,TECH-0969,2022-04-10,Inspection,Day,8908,Accumulator: Pump wear; observed symptom: visible oil leak near hydraulic line.,Operational test under load,contaminated hydraulic oil,checked accumulator pre-charge and restored it to service specification,Hydraulic filter,Operational test passed,2.35,0.25,10678.08,2022-06-25,Closed,"Technician checked Accumulator, recorded the reported symptom, performed the required service action, and completed a post-service test."
SR-00081,MR-00081,EQ-0035,TECH-0815,2022-12-21,Corrective,Day,10566,Accumulator: Cooler restriction; observed symptom: hydraulic flow is low at operating temperature.,Operational test under load,internal cylinder leakage,"drained contaminated oil, flushed circuit and refilled with filtered oil",Cylinder seal kit,Pressure test passed,0.97,3.95,59434.88,2023-04-04,Closed,"Technician checked Accumulator, recorded the reported symptom, performed the required service action, and completed a post-service test."
SR-00082,MR-00082,EQ-0107,TECH-0148,2025-07-30,Corrective,Day,15929,Fuel System: Valve sticking; observed symptom: hydraulic oil appears contaminated.,Filter inspection and fluid condition check,blocked cooler core,inspected suction line for air ingress and corrected the connection,Cooler gasket set,Functional test passed,13.82,6.37,68431.08,2025-12-26,Closed,"Technician checked Fuel System, recorded the reported symptom, performed the required service action, and completed a post-service test."
SR-00083,MR-00083,EQ-0083,TECH-0136,2026-06-04,Preventive,Evening,2233,Hydraulic Cooler: Cooler restriction; observed symptom: bucket cylinder leaking externally.,Filter inspection and fluid condition check,contaminated hydraulic oil,replaced damaged hose and pressure-tested the circuit,Return filter element,Pressure test passed,12.58,1.7,47785.02,2026-07-30,Closed,"Technician checked Hydraulic Cooler, recorded the reported symptom, performed the required service action, and completed a post-service test."
SR-00084,MR-00084,EQ-0232,TECH-0087,2023-02-14,Inspection,Day,11435,Accumulator: External leakage; observed symptom: hydraulic oil temperature rises during continuous operation.,Temperature and pressure checks,contaminated hydraulic oil,inspected hydraulic circuit and isolated the affected component,Cooler gasket set,Leak test passed,3.73,3.93,64261.79,2023-07-06,Closed,"Technician checked Accumulator, recorded the reported symptom, performed the required service action, and completed a post-service test."
SR-00085,MR-00085,EQ-0216,TECH-0730,2025-09-24,Corrective,Night,1818,Pilot Valve: Overheating; observed symptom: travel function loses power on incline.,Pressure and flow measurement,restricted hydraulic line,inspected hydraulic circuit and isolated the affected component,Cooler gasket set,Functional test passed,13.96,3.93,39025.44,2026-02-03,Closed - Monitor,"Technician checked Pilot Valve, recorded the reported symptom, performed the required service action, and completed a post-service test."
SR-00086,MR-00086,EQ-0099,TECH-0884,2025-04-30,Condition-Based,Night,16857,Hydraulic Cooler: Valve sticking; observed symptom: hydraulic oil appears contaminated.,Visual inspection and pressure test,air entering suction line,replaced damaged seal kit and performed leak test,Accumulator charging kit,Leak test passed,12.21,3.8,58621.11,2025-08-08,Closed,"Technician checked Hydraulic Cooler, recorded the reported symptom, performed the required service action, and completed a post-service test."
SR-00087,MR-00087,EQ-0214,TECH-0710,2024-01-20,Corrective,Evening,4415,Hydraulic Tank: Line restriction; observed symptom: arm movement slow after hydraulic oil warms.,Filter inspection and fluid condition check,loss of accumulator pre-charge,checked pressure and flow at operating temperature,Hydraulic hose,Test passed; monitor during next shift,2.69,2.81,11089.51,2024-03-25,Closed,"Technician checked Hydraulic Tank, recorded the reported symptom, performed the required service action, and completed a post-service test."
SR-00088,MR-00088,EQ-0055,TECH-0799,2023-02-17,Condition-Based,Day,13366,Engine Cooling System: External leakage; observed symptom: pilot pressure below expected range.,Pressure and flow measurement,air entering suction line,inspected hydraulic circuit and isolated the affected component,Hydraulic line fittings,Functional test passed,1.92,6.36,10070.54,2023-07-07,Closed,"Technician checked Engine Cooling System, recorded the reported symptom, performed the required service action, and completed a post-service test."
SR-00089,MR-00089,EQ-0057,TECH-0103,2022-01-21,Condition-Based,Night,3093,Arm Cylinder: Oil contamination; observed symptom: swing movement is slow.,Temperature and pressure checks,worn pump components,checked pressure and flow at operating temperature,Hydraulic oil,Functional test passed,8.82,2.27,65661.2,2022-05-12,Closed,"Technician checked Arm Cylinder, recorded the reported symptom, performed the required service action, and completed a post-service test."
SR-00090,MR-00090,EQ-0175,TECH-0500,2024-10-18,Preventive,Night,16952,Hydraulic Pump: Air ingress; observed symptom: bucket will not open normally.,Pressure and flow measurement,degraded hydraulic fluid,checked accumulator pre-charge and restored it to service specification,Hydraulic hose,Pressure test passed,11.85,4.44,70769.16,2025-05-06,Closed,"Technician checked Hydraulic Pump, recorded the reported symptom, performed the required service action, and completed a post-service test."
SR-00091,MR-00091,EQ-0090,TECH-0377,2023-12-04,Condition-Based,Night,13465,Engine Cooling System: Hose failure; observed symptom: hydraulic oil appears contaminated.,Temperature and pressure checks,loss of accumulator pre-charge,checked accumulator pre-charge and restored it to service specification,Hydraulic hose,Test passed; monitor during next shift,10.03,2.3,52632.72,2024-02-06,Closed,"Technician checked Engine Cooling System, recorded the reported symptom, performed the required service action, and completed a post-service test."
SR-00092,MR-00092,EQ-0063,TECH-0303,2023-07-04,Corrective,Night,13169,Hydraulic Hose: External leakage; observed symptom: boom movement slow under load.,Operational test under load,damaged hydraulic hose,"drained contaminated oil, flushed circuit and refilled with filtered oil",Hydraulic oil,Functional test passed,9.97,9.43,22445.49,2023-10-02,Closed,"Technician checked Hydraulic Hose, recorded the reported symptom, performed the required service action, and completed a post-service test."
SR-00093,MR-00093,EQ-0053,TECH-0521,2024-12-10,Condition-Based,Evening,5827,Accumulator: Hose failure; observed symptom: pilot pressure below expected range.,Leak inspection and functional test,high oil temperature,replaced damaged seal kit and performed leak test,Cooler gasket set,Leak test passed,6.01,3.95,39557.49,2025-06-23,Closed,"Technician checked Accumulator, recorded the reported symptom, performed the required service action, and completed a post-service test."
SR-00094,MR-00094,EQ-0162,TECH-0552,2026-06-28,Preventive,Evening,5035,Engine Cooling System: Line restriction; observed symptom: bucket will not open normally.,Operational test under load,restricted return filter,cleaned cooler and verified hydraulic oil temperature,No replacement part,Pressure test passed,14.37,4.52,48664.08,2026-08-10,Closed,"Technician checked Engine Cooling System, recorded the reported symptom, performed the required service action, and completed a post-service test."
SR-00095,MR-00095,EQ-0214,TECH-0510,2024-04-24,Corrective,Night,15187,Bucket Cylinder: Internal leakage; observed symptom: hydraulic flow is low at operating temperature.,Filter inspection and fluid condition check,blocked cooler core,checked pressure and flow at operating temperature,Return filter element,Operational test passed,10.94,10.62,18905.87,2024-06-19,Closed,"Technician checked Bucket Cylinder, recorded the reported symptom, performed the required service action, and completed a post-service test."
SR-00096,MR-00096,EQ-0150,TECH-0458,2026-07-26,Corrective,Night,18405,Hydraulic Cooler: Overheating; observed symptom: bucket will not open normally.,Visual inspection and pressure test,sticking spool valve,inspected hydraulic circuit and isolated the affected component,Cylinder seal kit,Test passed; monitor during next shift,6.82,0.25,48759.81,2026-10-30,Closed,"Technician checked Hydraulic Cooler, recorded the reported symptom, performed the required service action, and completed a post-service test."
SR-00097,MR-00097,EQ-0200,TECH-0608,2025-09-06,Preventive,Night,6986,Bucket Cylinder: Low pilot pressure; observed symptom: arm movement slow after hydraulic oil warms.,Temperature and pressure checks,worn pump components,checked pump output and inspected for internal leakage,No replacement part,Functional test passed,12.7,7.33,67784.35,2026-02-28,Closed - Monitor,"Technician checked Bucket Cylinder, recorded the reported symptom, performed the required service action, and completed a post-service test."
SR-00098,MR-00098,EQ-0040,TECH-0436,2026-04-20,Preventive,Day,18269,Accumulator: Restricted flow; observed symptom: bucket will not open normally.,Pressure and flow measurement,low pilot supply pressure,replaced damaged seal kit and performed leak test,Cooler gasket set,Test passed; monitor during next shift,8.68,6.77,28476.58,2026-11-02,Closed,"Technician checked Accumulator, recorded the reported symptom, performed the required service action, and completed a post-service test."
SR-00099,MR-00099,EQ-0007,TECH-0944,2024-05-31,Corrective,Night,4111,Pilot Valve: Restricted flow; observed symptom: pilot pressure below expected range.,Pressure and flow measurement,restricted return filter,"drained contaminated oil, flushed circuit and refilled with filtered oil",Hydraulic filter,Operational test passed,11.89,8.29,51608.02,2024-10-16,Closed,"Technician checked Pilot Valve, recorded the reported symptom, performed the required service action, and completed a post-service test."
SR-00100,MR-00100,EQ-0183,TECH-0505,2026-05-17,Preventive,Day,18149,Pilot Valve: Internal leakage; observed symptom: arm movement slow after hydraulic oil warms.,Temperature and pressure checks,air entering suction line,"drained contaminated oil, flushed circuit and refilled with filtered oil",Valve O-rings,Operational test passed,11.9,6.63,38257.76,2026-07-21,Closed,"Technician checked Pilot Valve, recorded the reported symptom, performed the required service action, and completed a post-service test."
SR-00101,MR-00101,EQ-0159,TECH-0372,2022-04-20,Corrective,Night,8368,Travel Motor: Valve sticking; observed symptom: travel function loses power on incline.,Leak inspection and functional test,air entering suction line,"drained contaminated oil, flushed circuit and refilled with filtered oil",Return filter element,Operational test passed,8.44,7.61,16897.28,2022-06-01,Closed,"Technician checked Travel Motor, recorded the reported symptom, performed the required service action, and completed a post-service test."
SR-00102,MR-00102,EQ-0060,TECH-0947,2025-03-15,Corrective,Evening,17463,Engine Cooling System: External leakage; observed symptom: hydraulic response is jerky.,Temperature and pressure checks,air entering suction line,inspected hydraulic circuit and isolated the affected component,Valve O-rings,Operational test passed,6.0,8.24,29107.14,2025-04-14,Closed,"Technician checked Engine Cooling System, recorded the reported symptom, performed the required service action, and completed a post-service test."
SR-00103,MR-00103,EQ-0109,TECH-0692,2023-07-04,Condition-Based,Evening,6948,Hydraulic Filter: Pump wear; observed symptom: visible oil leak near hydraulic line.,Leak inspection and functional test,blocked cooler core,checked pressure and flow at operating temperature,Return filter element,Test passed; monitor during next shift,3.87,3.1,63649.22,2023-12-19,Closed,"Technician checked Hydraulic Filter, recorded the reported symptom, performed the required service action, and completed a post-service test."
SR-00104,MR-00104,EQ-0009,TECH-0932,2022-12-31,Preventive,Evening,14680,Boom Cylinder: Air ingress; observed symptom: pump noise increases during operation.,Pressure and flow measurement,damaged hydraulic hose,checked accumulator pre-charge and restored it to service specification,Hydraulic line fittings,Operational test passed,3.67,3.87,8264.25,2023-04-25,Closed - Monitor,"Technician checked Boom Cylinder, recorded the reported symptom, performed the required service action, and completed a post-service test."
SR-00105,MR-00105,EQ-0089,TECH-0110,2026-04-19,Preventive,Evening,15694,Boom Cylinder: Valve sticking; observed symptom: hydraulic response is jerky.,Operational test under load,air entering suction line,tested pilot pressure and inspected pilot circuit,Cylinder seal kit,Leak test passed,8.54,4.38,13128.29,2026-09-23,Closed - Monitor,"Technician checked Boom Cylinder, recorded the reported symptom, performed the required service action, and completed a post-service test."
SR-00106,MR-00106,EQ-0212,TECH-0740,2025-02-20,Corrective,Day,15225,Bucket Cylinder: Cooler restriction; observed symptom: pilot pressure below expected range.,Operational test under load,restricted hydraulic line,"drained contaminated oil, flushed circuit and refilled with filtered oil",Cylinder seal kit,Functional test passed,14.49,9.25,35973.09,2025-04-21,Closed,"Technician checked Bucket Cylinder, recorded the reported symptom, performed the required service action, and completed a post-service test."
SR-00107,MR-00107,EQ-0131,TECH-0335,2023-03-10,Corrective,Night,11426,Main Control Valve: External leakage; observed symptom: reduced digging force.,Filter inspection and fluid condition check,blocked cooler core,cleaned cooler and verified hydraulic oil temperature,Pilot filter,Pressure test passed,11.78,2.45,35133.78,2023-05-01,Closed,"Technician checked Main Control Valve, recorded the reported symptom, performed the required service action, and completed a post-service test."
SR-00108,MR-00108,EQ-0026,TECH-0596,2024-09-17,Corrective,Day,3707,Arm Cylinder: Oil contamination; observed symptom: hydraulic oil temperature rises during continuous operation.,Temperature and pressure checks,damaged cylinder seal,inspected suction line for air ingress and corrected the connection,Hydraulic oil,Operational test passed,7.58,6.18,10028.05,2025-01-03,Follow-up Required,"Technician checked Arm Cylinder, recorded the reported symptom, performed the required service action, and completed a post-service test."
SR-00109,MR-00109,EQ-0213,TECH-0796,2026-07-19,Inspection,Day,4955,Hydraulic Filter: Cooler restriction; observed symptom: visible oil leak near hydraulic line.,Filter inspection and fluid condition check,restricted return filter,checked pump output and inspected for internal leakage,Cooler gasket set,Operational test passed,11.62,4.73,54674.59,2026-10-21,Closed,"Technician checked Hydraulic Filter, recorded the reported symptom, performed the required service action, and completed a post-service test."
SR-00110,MR-00110,EQ-0071,TECH-0294,2023-07-22,Corrective,Evening,10600,Travel Motor: Cylinder seal wear; observed symptom: pump noise increases during operation.,Filter inspection and fluid condition check,high oil temperature,checked accumulator pre-charge and restored it to service specification,Hydraulic hose,Test passed; monitor during next shift,15.49,9.83,50770.69,2023-12-17,Closed,"Technician checked Travel Motor, recorded the reported symptom, performed the required service action, and completed a post-service test."
SR-00111,MR-00111,EQ-0043,TECH-0008,2023-04-22,Inspection,Night,15136,Bucket Cylinder: Internal leakage; observed symptom: hydraulic response is jerky.,Leak inspection and functional test,high oil temperature,tested pilot pressure and inspected pilot circuit,Cooler gasket set,Test passed; monitor during next shift,15.05,5.73,59452.35,2023-08-13,Closed,"Technician checked Bucket Cylinder, recorded the reported symptom, performed the required service action, and completed a post-service test."
SR-00112,MR-00112,EQ-0208,TECH-0128,2025-09-08,Condition-Based,Evening,6280,Hydraulic Filter: Cylinder seal wear; observed symptom: filter restriction indicator activated.,Temperature and pressure checks,sticking spool valve,checked pressure and flow at operating temperature,Hydraulic oil,Leak test passed,3.77,2.92,65776.38,2026-04-01,Closed - Monitor,"Technician checked Hydraulic Filter, recorded the reported symptom, performed the required service action, and completed a post-service test."
SR-00113,MR-00113,EQ-0115,TECH-0656,2022-03-22,Corrective,Day,10525,Hydraulic Hose: Cylinder seal wear; observed symptom: hydraulic oil temperature rises during continuous operation.,Pressure and flow measurement,internal cylinder leakage,replaced damaged seal kit and performed leak test,Cooler gasket set,Pressure test passed,6.25,0.96,56626.27,2022-05-18,Closed - Monitor,"Technician checked Hydraulic Hose, recorded the reported symptom, performed the required service action, and completed a post-service test."
SR-00114,MR-00114,EQ-0056,TECH-0457,2022-02-02,Corrective,Day,8089,Hydraulic Cooler: Internal leakage; observed symptom: reduced digging force.,Leak inspection and functional test,internal cylinder leakage,"drained contaminated oil, flushed circuit and refilled with filtered oil",Cylinder seal kit,Pressure test passed,13.53,3.96,17239.97,2022-07-21,Closed - Monitor,"Technician checked Hydraulic Cooler, recorded the reported symptom, performed the required service action, and completed a post-service test."
SR-00115,MR-00115,EQ-0216,TECH-0405,2022-03-26,Corrective,Night,1901,Hydraulic Pump: Line restriction; observed symptom: hydraulic oil appears contaminated.,Pressure and flow measurement,restricted hydraulic line,replaced damaged hose and pressure-tested the circuit,Pilot filter,Pressure test passed,1.03,2.96,11390.22,2022-06-25,Closed,"Technician checked Hydraulic Pump, recorded the reported symptom, performed the required service action, and completed a post-service test."
SR-00116,MR-00116,EQ-0137,TECH-0246,2024-06-17,Corrective,Night,1961,Engine Cooling System: Cooler restriction; observed symptom: travel function loses power on incline.,Pressure and flow measurement,sticking spool valve,replaced restricted hydraulic filter and checked contamination source,Hydraulic oil,Pressure test passed,14.91,2.68,43515.19,2024-10-26,Follow-up Required,"Technician checked Engine Cooling System, recorded the reported symptom, performed the required service action, and completed a post-service test."
SR-00117,MR-00117,EQ-0118,TECH-0416,2025-05-25,Preventive,Night,12522,Pilot Valve: Restricted flow; observed symptom: boom movement slow under load.,Visual inspection and pressure test,internal cylinder leakage,inspected hydraulic circuit and isolated the affected component,Hydraulic line fittings,Pressure test passed,1.33,2.18,61835.73,2025-11-17,Closed,"Technician checked Pilot Valve, recorded the reported symptom, performed the required service action, and completed a post-service test."
SR-00118,MR-00118,EQ-0228,TECH-0145,2023-06-19,Condition-Based,Evening,16164,Main Control Valve: External leakage; observed symptom: bucket cylinder leaking externally.,Pressure and flow measurement,restricted hydraulic line,inspected hydraulic circuit and isolated the affected component,Hydraulic oil,Operational test passed,9.15,0.25,50743.26,2023-11-30,Closed,"Technician checked Main Control Valve, recorded the reported symptom, performed the required service action, and completed a post-service test."
SR-00119,MR-00119,EQ-0054,TECH-0792,2026-03-05,Corrective,Evening,5871,Swing Motor: Restricted flow; observed symptom: hydraulic oil temperature rises during continuous operation.,Leak inspection and functional test,loss of accumulator pre-charge,checked accumulator pre-charge and restored it to service specification,Accumulator charging kit,Test passed; monitor during next shift,13.97,10.75,36635.08,2026-09-16,Closed - Monitor,"Technician checked Swing Motor, recorded the reported symptom, performed the required service action, and completed a post-service test."
SR-00120,MR-00120,EQ-0167,TECH-0351,2023-11-12,Condition-Based,Day,12402,Accumulator: Pump wear; observed symptom: pump noise increases during operation.,Pressure and flow measurement,degraded hydraulic fluid,"drained contaminated oil, flushed circuit and refilled with filtered oil",Pilot filter,Functional test passed,10.23,4.0,44972.37,2024-01-27,Closed - Monitor,"Technician checked Accumulator, recorded the reported symptom, performed the required service action, and completed a post-service test."
SR-00121,MR-00121,EQ-0141,TECH-0362,2024-09-17,Preventive,Day,16354,Hydraulic Cooler: Restricted flow; observed symptom: bucket will not open normally.,Leak inspection and functional test,damaged hydraulic hose,replaced damaged hose and pressure-tested the circuit,Valve O-rings,Functional test passed,7.71,8.48,57011.7,2025-02-12,Closed,"Technician checked Hydraulic Cooler, recorded the reported symptom, performed the required service action, and completed a post-service test."
SR-00122,MR-00122,EQ-0099,TECH-0762,2025-01-30,Corrective,Day,12718,Hydraulic Pump: Low pilot pressure; observed symptom: reduced digging force.,Filter inspection and fluid condition check,blocked cooler core,inspected suction line for air ingress and corrected the connection,Valve O-rings,Functional test passed,3.23,5.04,50205.19,2025-04-16,Closed,"Technician checked Hydraulic Pump, recorded the reported symptom, performed the required service action, and completed a post-service test."
SR-00123,MR-00123,EQ-0183,TECH-0572,2022-08-09,Condition-Based,Evening,13148,Hydraulic Filter: Pump wear; observed symptom: travel function loses power on incline.,Operational test under load,restricted return filter,checked accumulator pre-charge and restored it to service specification,Accumulator charging kit,Pressure test passed,5.98,5.77,25863.03,2023-02-04,Closed,"Technician checked Hydraulic Filter, recorded the reported symptom, performed the required service action, and completed a post-service test."
SR-00124,MR-00124,EQ-0123,TECH-0380,2024-03-24,Corrective,Evening,4823,Hydraulic Pump: Line restriction; observed symptom: visible oil leak near hydraulic line.,Operational test under load,damaged hydraulic hose,checked pressure and flow at operating temperature,Hydraulic filter,Pressure test passed,5.09,7.05,7078.15,2024-04-25,Closed,"Technician checked Hydraulic Pump, recorded the reported symptom, performed the required service action, and completed a post-service test."
SR-00125,MR-00125,EQ-0032,TECH-0248,2023-12-04,Condition-Based,Day,7541,Hydraulic Filter: Valve sticking; observed symptom: boom movement slow under load.,Pressure and flow measurement,loss of accumulator pre-charge,replaced restricted hydraulic filter and checked contamination source,Hydraulic oil,Pressure test passed,3.92,7.7,35114.32,2024-02-29,Follow-up Required,"Technician checked Hydraulic Filter, recorded the reported symptom, performed the required service action, and completed a post-service test."
SR-00126,MR-00126,EQ-0067,TECH-0344,2024-02-16,Preventive,Day,3214,Fuel System: Accumulator pressure loss; observed symptom: arm movement slow after hydraulic oil warms.,Visual inspection and pressure test,damaged hydraulic hose,replaced damaged hose and pressure-tested the circuit,Valve O-rings,Operational test passed,6.08,2.13,15087.77,2024-03-29,Closed,"Technician checked Fuel System, recorded the reported symptom, performed the required service action, and completed a post-service test."
SR-00127,MR-00127,EQ-0196,TECH-0777,2024-02-03,Inspection,Day,3928,Accumulator: Pump wear; observed symptom: bucket cylinder leaking externally.,Pressure and flow measurement,damaged cylinder seal,cleaned cooler and verified hydraulic oil temperature,Cooler gasket set,Functional test passed,12.66,4.79,14563.1,2024-06-14,Closed,"Technician checked Accumulator, recorded the reported symptom, performed the required service action, and completed a post-service test."
SR-00128,MR-00128,EQ-0003,TECH-0106,2023-09-02,Corrective,Day,5531,Swing Motor: Hose failure; observed symptom: pilot pressure below expected range.,Filter inspection and fluid condition check,contaminated hydraulic oil,checked pressure and flow at operating temperature,Valve O-rings,Functional test passed,3.95,10.53,33921.44,2024-01-08,Closed,"Technician checked Swing Motor, recorded the reported symptom, performed the required service action, and completed a post-service test."
SR-00129,MR-00129,EQ-0043,TECH-0351,2025-03-26,Preventive,Day,5057,Hydraulic Tank: Pump wear; observed symptom: pilot pressure below expected range.,Temperature and pressure checks,damaged cylinder seal,cleaned cooler and verified hydraulic oil temperature,Hydraulic line fittings,Pressure test passed,1.61,3.54,4140.24,2025-09-22,Closed,"Technician checked Hydraulic Tank, recorded the reported symptom, performed the required service action, and completed a post-service test."
SR-00130,MR-00130,EQ-0181,TECH-0442,2022-08-02,Corrective,Day,11668,Fuel System: Line restriction; observed symptom: pump noise increases during operation.,Visual inspection and pressure test,loss of accumulator pre-charge,cleaned cooler and verified hydraulic oil temperature,Cylinder seal kit,Operational test passed,8.08,3.92,24270.18,2022-11-08,Closed,"Technician checked Fuel System, recorded the reported symptom, performed the required service action, and completed a post-service test."
SR-00131,MR-00131,EQ-0098,TECH-0009,2025-03-30,Preventive,Day,16105,Hydraulic Line: Cylinder seal wear; observed symptom: filter restriction indicator activated.,Temperature and pressure checks,restricted return filter,checked pump output and inspected for internal leakage,Accumulator charging kit,Pressure test passed,12.63,7.34,56056.66,2025-06-05,Closed,"Technician checked Hydraulic Line, recorded the reported symptom, performed the required service action, and completed a post-service test."
SR-00132,MR-00132,EQ-0033,TECH-0203,2022-11-25,Preventive,Night,4345,Main Control Valve: Cooler restriction; observed symptom: bucket cylinder leaking externally.,Filter inspection and fluid condition check,restricted return filter,cleaned cooler and verified hydraulic oil temperature,Hydraulic hose,Functional test passed,6.83,3.02,59309.38,2023-04-23,Closed,"Technician checked Main Control Valve, recorded the reported symptom, performed the required service action, and completed a post-service test."
SR-00133,MR-00133,EQ-0065,TECH-0969,2022-09-17,Corrective,Day,16268,Hydraulic Hose: Pump wear; observed symptom: pilot pressure below expected range.,Temperature and pressure checks,air entering suction line,inspected hydraulic circuit and isolated the affected component,Accumulator charging kit,Functional test passed,4.37,0.25,14900.11,2023-01-11,Closed,"Technician checked Hydraulic Hose, recorded the reported symptom, performed the required service action, and completed a post-service test."
SR-00134,MR-00134,EQ-0056,TECH-0083,2026-02-14,Condition-Based,Day,11447,Accumulator: Valve sticking; observed symptom: reduced digging force.,Visual inspection and pressure test,high oil temperature,"drained contaminated oil, flushed circuit and refilled with filtered oil",Hydraulic line fittings,Functional test passed,9.79,2.24,44285.71,2026-06-24,Closed,"Technician checked Accumulator, recorded the reported symptom, performed the required service action, and completed a post-service test."
SR-00135,MR-00135,EQ-0178,TECH-0128,2023-03-23,Corrective,Evening,16503,Engine Cooling System: Low pilot pressure; observed symptom: hydraulic oil temperature rises during continuous operation.,Pressure and flow measurement,air entering suction line,replaced damaged seal kit and performed leak test,Pilot filter,Leak test passed,13.3,1.19,52422.7,2023-06-24,Closed - Monitor,"Technician checked Engine Cooling System, recorded the reported symptom, performed the required service action, and completed a post-service test."
SR-00136,MR-00136,EQ-0208,TECH-0215,2023-11-12,Preventive,Evening,11590,Swing Motor: Pump wear; observed symptom: hydraulic oil appears contaminated.,Filter inspection and fluid condition check,worn pump components,cleaned cooler and verified hydraulic oil temperature,Cylinder seal kit,Leak test passed,11.75,8.43,24156.58,2024-05-17,Closed,"Technician checked Swing Motor, recorded the reported symptom, performed the required service action, and completed a post-service test."
SR-00137,MR-00137,EQ-0138,TECH-0569,2024-08-31,Preventive,Night,4790,Travel Motor: Oil contamination; observed symptom: hydraulic oil temperature rises during continuous operation.,Temperature and pressure checks,damaged cylinder seal,inspected valve spool movement and cleaned the valve assembly,Cooler gasket set,Pressure test passed,2.85,5.15,41665.31,2025-01-31,Closed - Monitor,"Technician checked Travel Motor, recorded the reported symptom, performed the required service action, and completed a post-service test."
SR-00138,MR-00138,EQ-0142,TECH-0176,2022-08-19,Preventive,Evening,6759,Engine Cooling System: Filter blockage; observed symptom: hydraulic oil temperature rises during continuous operation.,Operational test under load,restricted return filter,checked pressure and flow at operating temperature,Hydraulic oil,Test passed; monitor during next shift,15.34,4.59,22483.4,2023-02-23,Closed,"Technician checked Engine Cooling System, recorded the reported symptom, performed the required service action, and completed a post-service test."
SR-00139,MR-00139,EQ-0006,TECH-0068,2025-07-22,Corrective,Evening,16408,Hydraulic Hose: Cooler restriction; observed symptom: hydraulic oil temperature rises during continuous operation.,Temperature and pressure checks,damaged cylinder seal,checked accumulator pre-charge and restored it to service specification,Pump seal kit,Operational test passed,1.0,3.78,2120.58,2025-08-29,Closed,"Technician checked Hydraulic Hose, recorded the reported symptom, performed the required service action, and completed a post-service test."
SR-00140,MR-00140,EQ-0042,TECH-0147,2022-02-11,Corrective,Night,6235,Hydraulic Line: Filter blockage; observed symptom: pump noise increases during operation.,Pressure and flow measurement,internal cylinder leakage,replaced damaged hose and pressure-tested the circuit,Cylinder seal kit,Pressure test passed,12.6,4.96,62388.62,2022-06-28,Closed,"Technician checked Hydraulic Line, recorded the reported symptom, performed the required service action, and completed a post-service test."
SR-00141,MR-00141,EQ-0126,TECH-0120,2023-12-14,Corrective,Day,14891,Hydraulic Tank: Low pilot pressure; observed symptom: hydraulic flow is low at operating temperature.,Leak inspection and functional test,sticking spool valve,inspected suction line for air ingress and corrected the connection,Hydraulic oil,Operational test passed,6.0,6.42,19816.58,2024-06-17,Closed,"Technician checked Hydraulic Tank, recorded the reported symptom, performed the required service action, and completed a post-service test."
SR-00142,MR-00142,EQ-0057,TECH-0268,2024-01-04,Corrective,Day,5085,Hydraulic Hose: Filter blockage; observed symptom: visible oil leak near hydraulic line.,Temperature and pressure checks,air entering suction line,cleaned cooler and verified hydraulic oil temperature,Hydraulic line fittings,Leak test passed,12.15,2.78,54092.56,2024-07-08,Closed,"Technician checked Hydraulic Hose, recorded the reported symptom, performed the required service action, and completed a post-service test."
SR-00143,MR-00143,EQ-0061,TECH-0749,2022-01-26,Preventive,Evening,17857,Hydraulic Line: Overheating; observed symptom: travel function loses power on incline.,Operational test under load,blocked cooler core,checked pump output and inspected for internal leakage,Pump seal kit,Operational test passed,13.1,8.43,20205.79,2022-04-20,Closed,"Technician checked Hydraulic Line, recorded the reported symptom, performed the required service action, and completed a post-service test."
SR-00144,MR-00144,EQ-0034,TECH-0305,2025-03-28,Corrective,Night,9123,Boom Cylinder: Low pilot pressure; observed symptom: swing movement is slow.,Temperature and pressure checks,high oil temperature,"drained contaminated oil, flushed circuit and refilled with filtered oil",Valve O-rings,Pressure test passed,5.25,4.52,27099.12,2025-05-25,Closed,"Technician checked Boom Cylinder, recorded the reported symptom, performed the required service action, and completed a post-service test."
SR-00145,MR-00145,EQ-0185,TECH-0651,2024-03-30,Corrective,Evening,7956,Hydraulic Tank: Internal leakage; observed symptom: visible oil leak near hydraulic line.,Operational test under load,restricted hydraulic line,cleaned cooler and verified hydraulic oil temperature,Hydraulic hose,Test passed; monitor during next shift,3.3,4.67,24202.02,2024-07-23,Closed - Monitor,"Technician checked Hydraulic Tank, recorded the reported symptom, performed the required service action, and completed a post-service test."
SR-00146,MR-00146,EQ-0094,TECH-0847,2022-02-23,Condition-Based,Evening,14809,Hydraulic Pump: External leakage; observed symptom: reduced digging force.,Filter inspection and fluid condition check,air entering suction line,inspected hydraulic circuit and isolated the affected component,Hydraulic filter,Pressure test passed,9.44,3.89,61638.2,2022-06-28,Follow-up Required,"Technician checked Hydraulic Pump, recorded the reported symptom, performed the required service action, and completed a post-service test."
SR-00147,MR-00147,EQ-0017,TECH-0032,2022-03-10,Corrective,Day,17387,Boom Cylinder: Oil contamination; observed symptom: bucket cylinder leaking externally.,Pressure and flow measurement,high oil temperature,checked accumulator pre-charge and restored it to service specification,Hydraulic hose,Functional test passed,13.5,9.56,74954.37,2022-05-04,Closed,"Technician checked Boom Cylinder, recorded the reported symptom, performed the required service action, and completed a post-service test."
SR-00148,MR-00148,EQ-0118,TECH-0662,2024-07-20,Preventive,Night,15982,Hydraulic Pump: Air ingress; observed symptom: filter restriction indicator activated.,Visual inspection and pressure test,internal cylinder leakage,checked pressure and flow at operating temperature,No replacement part,Pressure test passed,14.32,3.45,77629.06,2024-12-20,Closed,"Technician checked Hydraulic Pump, recorded the reported symptom, performed the required service action, and completed a post-service test."
SR-00149,MR-00149,EQ-0210,TECH-0817,2022-12-08,Corrective,Evening,14507,Hydraulic Hose: Filter blockage; observed symptom: bucket will not open normally.,Leak inspection and functional test,degraded hydraulic fluid,replaced damaged hose and pressure-tested the circuit,No replacement part,Functional test passed,13.36,3.98,14077.46,2023-03-31,Closed,"Technician checked Hydraulic Hose, recorded the reported symptom, performed the required service action, and completed a post-service test."
SR-00150,MR-00150,EQ-0214,TECH-0093,2023-09-05,Corrective,Day,13615,Main Control Valve: Hose failure; observed symptom: hydraulic oil appears contaminated.,Leak inspection and functional test,sticking spool valve,inspected valve spool movement and cleaned the valve assembly,No replacement part,Test passed; monitor during next shift,10.01,1.03,10486.78,2023-12-09,Closed,"Technician checked Main Control Valve, recorded the reported symptom, performed the required service action, and completed a post-service test."
SR-00151,MR-00151,EQ-0114,TECH-0090,2024-06-06,Inspection,Night,18415,Hydraulic Filter: Hose failure; observed symptom: boom movement slow under load.,Temperature and pressure checks,high oil temperature,inspected valve spool movement and cleaned the valve assembly,Hydraulic line fittings,Pressure test passed,1.26,8.91,57023.47,2024-08-07,Closed,"Technician checked Hydraulic Filter, recorded the reported symptom, performed the required service action, and completed a post-service test."
SR-00152,MR-00152,EQ-0047,TECH-0271,2023-08-14,Corrective,Night,3967,Pilot Valve: Filter blockage; observed symptom: hydraulic flow is low at operating temperature.,Operational test under load,loss of accumulator pre-charge,checked pump output and inspected for internal leakage,Cylinder seal kit,Pressure test passed,12.06,4.43,64025.02,2024-01-12,Closed,"Technician checked Pilot Valve, recorded the reported symptom, performed the required service action, and completed a post-service test."
SR-00153,MR-00153,EQ-0139,TECH-0361,2024-10-13,Corrective,Evening,10594,Travel Motor: External leakage; observed symptom: hydraulic oil appears contaminated.,Pressure and flow measurement,restricted return filter,checked accumulator pre-charge and restored it to service specification,Hydraulic filter,Test passed; monitor during next shift,7.22,3.0,39064.38,2024-11-27,Closed,"Technician checked Travel Motor, recorded the reported symptom, performed the required service action, and completed a post-service test."
SR-00154,MR-00154,EQ-0144,TECH-0117,2023-06-19,Corrective,Night,11380,Hydraulic Filter: Restricted flow; observed symptom: hydraulic flow is low at operating temperature.,Temperature and pressure checks,contaminated hydraulic oil,inspected suction line for air ingress and corrected the connection,Pump seal kit,Test passed; monitor during next shift,11.87,8.31,40791.17,2023-11-27,Closed,"Technician checked Hydraulic Filter, recorded the reported symptom, performed the required service action, and completed a post-service test."
SR-00155,MR-00155,EQ-0178,TECH-0498,2026-08-20,Corrective,Day,16015,Swing Motor: Cooler restriction; observed symptom: boom movement slow under load.,Operational test under load,damaged hydraulic hose,cleaned cooler and verified hydraulic oil temperature,No replacement part,Operational test passed,10.04,6.84,63484.78,2026-12-13,Closed,"Technician checked Swing Motor, recorded the reported symptom, performed the required service action, and completed a post-service test."
SR-00156,MR-00156,EQ-0062,TECH-0395,2025-06-02,Corrective,Day,8663,Main Control Valve: Low pilot pressure; observed symptom: visible oil leak near hydraulic line.,Visual inspection and pressure test,worn pump components,checked pressure and flow at operating temperature,Hydraulic filter,Test passed; monitor during next shift,8.31,4.5,25045.57,2025-11-04,Closed,"Technician checked Main Control Valve, recorded the reported symptom, performed the required service action, and completed a post-service test."
SR-00157,MR-00157,EQ-0013,TECH-0676,2023-01-05,Corrective,Day,7571,Hydraulic Hose: Internal leakage; observed symptom: pump noise increases during operation.,Leak inspection and functional test,air entering suction line,tested pilot pressure and inspected pilot circuit,Hydraulic hose,Functional test passed,6.09,4.28,67803.91,2023-06-18,Closed,"Technician checked Hydraulic Hose, recorded the reported symptom, performed the required service action, and completed a post-service test."
SR-00158,MR-00158,EQ-0026,TECH-0210,2025-02-27,Preventive,Evening,17446,Hydraulic Filter: Internal leakage; observed symptom: reduced digging force.,Leak inspection and functional test,high oil temperature,checked accumulator pre-charge and restored it to service specification,Hydraulic filter,Functional test passed,2.65,2.68,21189.93,2025-07-17,Closed,"Technician checked Hydraulic Filter, recorded the reported symptom, performed the required service action, and completed a post-service test."
SR-00159,MR-00159,EQ-0097,TECH-0903,2024-02-12,Inspection,Day,3467,Engine Cooling System: Overheating; observed symptom: arm movement slow after hydraulic oil warms.,Filter inspection and fluid condition check,damaged hydraulic hose,inspected hydraulic circuit and isolated the affected component,Valve O-rings,Pressure test passed,6.86,0.51,56465.48,2024-07-30,Closed,"Technician checked Engine Cooling System, recorded the reported symptom, performed the required service action, and completed a post-service test."
SR-00160,MR-00160,EQ-0182,TECH-0614,2023-03-16,Corrective,Night,6478,Hydraulic Cooler: External leakage; observed symptom: reduced digging force.,Pressure and flow measurement,degraded hydraulic fluid,inspected valve spool movement and cleaned the valve assembly,Cooler gasket set,Pressure test passed,5.23,0.25,16189.32,2023-05-29,Closed,"Technician checked Hydraulic Cooler, recorded the reported symptom, performed the required service action, and completed a post-service test."
SR-00161,MR-00161,EQ-0187,TECH-0844,2025-08-10,Preventive,Night,4052,Engine Cooling System: Cylinder seal wear; observed symptom: hydraulic oil appears contaminated.,Temperature and pressure checks,blocked cooler core,replaced restricted hydraulic filter and checked contamination source,Hydraulic hose,Operational test passed,2.42,4.8,50989.83,2025-09-11,Follow-up Required,"Technician checked Engine Cooling System, recorded the reported symptom, performed the required service action, and completed a post-service test."
SR-00162,MR-00162,EQ-0039,TECH-0883,2022-03-25,Inspection,Day,14951,Pilot Valve: External leakage; observed symptom: hydraulic oil temperature rises during continuous operation.,Temperature and pressure checks,worn pump components,checked pump output and inspected for internal leakage,Pump seal kit,Functional test passed,6.7,2.62,57139.0,2022-09-11,Closed,"Technician checked Pilot Valve, recorded the reported symptom, performed the required service action, and completed a post-service test."
SR-00163,MR-00163,EQ-0083,TECH-0361,2024-08-11,Corrective,Evening,6024,Bucket Cylinder: Pump wear; observed symptom: arm movement slow after hydraulic oil warms.,Temperature and pressure checks,internal cylinder leakage,replaced damaged hose and pressure-tested the circuit,Return filter element,Pressure test passed,6.45,8.78,35035.52,2024-10-10,Closed,"Technician checked Bucket Cylinder, recorded the reported symptom, performed the required service action, and completed a post-service test."
SR-00164,MR-00164,EQ-0059,TECH-0583,2022-12-22,Corrective,Evening,11903,Hydraulic Line: Line restriction; observed symptom: swing movement is slow.,Pressure and flow measurement,sticking spool valve,"drained contaminated oil, flushed circuit and refilled with filtered oil",Hydraulic hose,Operational test passed,15.77,5.76,61675.44,2023-04-08,Closed,"Technician checked Hydraulic Line, recorded the reported symptom, performed the required service action, and completed a post-service test."
SR-00165,MR-00165,EQ-0177,TECH-0853,2022-06-23,Inspection,Evening,11834,Hydraulic Cooler: Line restriction; observed symptom: reduced digging force.,Operational test under load,high oil temperature,replaced restricted hydraulic filter and checked contamination source,Hydraulic filter,Pressure test passed,1.44,7.65,3957.67,2022-10-31,Closed,"Technician checked Hydraulic Cooler, recorded the reported symptom, performed the required service action, and completed a post-service test."
SR-00166,MR-00166,EQ-0239,TECH-0051,2026-01-23,Preventive,Night,17436,Arm Cylinder: Restricted flow; observed symptom: pilot pressure below expected range.,Temperature and pressure checks,restricted return filter,checked pressure and flow at operating temperature,Cooler gasket set,Functional test passed,13.96,2.45,13092.61,2026-05-05,Closed - Monitor,"Technician checked Arm Cylinder, recorded the reported symptom, performed the required service action, and completed a post-service test."
SR-00167,MR-00167,EQ-0032,TECH-0653,2024-01-02,Corrective,Evening,9572,Hydraulic Hose: External leakage; observed symptom: reduced digging force.,Filter inspection and fluid condition check,internal cylinder leakage,checked accumulator pre-charge and restored it to service specification,Pump seal kit,Functional test passed,13.62,2.85,34082.55,2024-05-31,Closed,"Technician checked Hydraulic Hose, recorded the reported symptom, performed the required service action, and completed a post-service test."
SR-00168,MR-00168,EQ-0061,TECH-0775,2023-07-27,Inspection,Evening,4191,Arm Cylinder: Low pilot pressure; observed symptom: pump noise increases during operation.,Operational test under load,blocked cooler core,checked accumulator pre-charge and restored it to service specification,Hydraulic line fittings,Functional test passed,2.82,6.13,32778.19,2023-10-15,Closed,"Technician checked Arm Cylinder, recorded the reported symptom, performed the required service action, and completed a post-service test."
SR-00169,MR-00169,EQ-0211,TECH-0602,2022-10-04,Preventive,Night,8826,Hydraulic Pump: Cylinder seal wear; observed symptom: hydraulic response is jerky.,Operational test under load,worn pump components,inspected suction line for air ingress and corrected the connection,Pump seal kit,Pressure test passed,9.11,1.41,24701.17,2023-02-16,Closed,"Technician checked Hydraulic Pump, recorded the reported symptom, performed the required service action, and completed a post-service test."
SR-00170,MR-00170,EQ-0049,TECH-0015,2025-04-02,Corrective,Night,13356,Hydraulic Tank: Internal leakage; observed symptom: hydraulic oil temperature rises during continuous operation.,Filter inspection and fluid condition check,sticking spool valve,checked accumulator pre-charge and restored it to service specification,Return filter element,Operational test passed,11.83,6.06,33070.82,2025-07-03,Closed,"Technician checked Hydraulic Tank, recorded the reported symptom, performed the required service action, and completed a post-service test."
SR-00171,MR-00171,EQ-0178,TECH-0280,2023-11-05,Inspection,Day,15437,Arm Cylinder: Valve sticking; observed symptom: boom movement slow under load.,Operational test under load,restricted hydraulic line,inspected valve spool movement and cleaned the valve assembly,Pilot filter,Leak test passed,12.42,5.1,64021.53,2023-12-30,Closed,"Technician checked Arm Cylinder, recorded the reported symptom, performed the required service action, and completed a post-service test."
SR-00172,MR-00172,EQ-0138,TECH-0556,2022-10-20,Corrective,Evening,9631,Engine Cooling System: Internal leakage; observed symptom: bucket cylinder leaking externally.,Operational test under load,restricted return filter,cleaned cooler and verified hydraulic oil temperature,Cylinder seal kit,Functional test passed,8.04,4.08,65525.94,2023-05-05,Closed,"Technician checked Engine Cooling System, recorded the reported symptom, performed the required service action, and completed a post-service test."
SR-00173,MR-00173,EQ-0100,TECH-0845,2026-01-25,Preventive,Night,14896,Main Control Valve: Hose failure; observed symptom: arm movement slow after hydraulic oil warms.,Temperature and pressure checks,restricted return filter,replaced damaged seal kit and performed leak test,Accumulator charging kit,Pressure test passed,10.94,6.2,51700.62,2026-07-13,Closed,"Technician checked Main Control Valve, recorded the reported symptom, performed the required service action, and completed a post-service test."
SR-00174,MR-00174,EQ-0147,TECH-0716,2023-08-05,Corrective,Day,10079,Arm Cylinder: Oil contamination; observed symptom: filter restriction indicator activated.,Visual inspection and pressure test,high oil temperature,replaced damaged hose and pressure-tested the circuit,Cooler gasket set,Functional test passed,9.31,5.27,55276.69,2024-02-05,Closed,"Technician checked Arm Cylinder, recorded the reported symptom, performed the required service action, and completed a post-service test."
SR-00175,MR-00175,EQ-0082,TECH-0569,2023-02-24,Corrective,Night,15725,Hydraulic Filter: Low pilot pressure; observed symptom: reduced digging force.,Filter inspection and fluid condition check,restricted hydraulic line,inspected suction line for air ingress and corrected the connection,Hydraulic line fittings,Test passed; monitor during next shift,8.32,10.78,44278.98,2023-04-29,Closed,"Technician checked Hydraulic Filter, recorded the reported symptom, performed the required service action, and completed a post-service test."
SR-00176,MR-00176,EQ-0068,TECH-0274,2026-06-01,Preventive,Night,8439,Hydraulic Hose: Hose failure; observed symptom: bucket cylinder leaking externally.,Pressure and flow measurement,restricted return filter,inspected valve spool movement and cleaned the valve assembly,Hydraulic hose,Pressure test passed,9.03,4.86,22185.8,2026-08-20,Closed - Monitor,"Technician checked Hydraulic Hose, recorded the reported symptom, performed the required service action, and completed a post-service test."
SR-00177,MR-00177,EQ-0112,TECH-0668,2023-10-12,Corrective,Day,16449,Boom Cylinder: Cooler restriction; observed symptom: boom movement slow under load.,Pressure and flow measurement,damaged cylinder seal,replaced damaged hose and pressure-tested the circuit,Hydraulic hose,Test passed; monitor during next shift,1.14,3.8,11457.71,2024-05-08,Closed,"Technician checked Boom Cylinder, recorded the reported symptom, performed the required service action, and completed a post-service test."
SR-00178,MR-00178,EQ-0150,TECH-0594,2022-02-02,Corrective,Day,13830,Bucket Cylinder: Hose failure; observed symptom: filter restriction indicator activated.,Operational test under load,degraded hydraulic fluid,checked pressure and flow at operating temperature,Cylinder seal kit,Test passed; monitor during next shift,12.26,8.75,59973.54,2022-06-10,Closed,"Technician checked Bucket Cylinder, recorded the reported symptom, performed the required service action, and completed a post-service test."
SR-00179,MR-00179,EQ-0145,TECH-0749,2024-10-21,Condition-Based,Evening,17612,Engine Cooling System: Low pilot pressure; observed symptom: pump noise increases during operation.,Visual inspection and pressure test,loss of accumulator pre-charge,inspected hydraulic circuit and isolated the affected component,Pilot filter,Operational test passed,14.24,1.61,13233.93,2025-03-09,Closed,"Technician checked Engine Cooling System, recorded the reported symptom, performed the required service action, and completed a post-service test."
SR-00180,MR-00180,EQ-0235,TECH-0445,2022-12-18,Preventive,Evening,13351,Hydraulic Line: Pump wear; observed symptom: visible oil leak near hydraulic line.,Visual inspection and pressure test,restricted hydraulic line,replaced damaged hose and pressure-tested the circuit,Hydraulic hose,Test passed; monitor during next shift,11.78,0.25,47069.44,2023-02-19,Closed,"Technician checked Hydraulic Line, recorded the reported symptom, performed the required service action, and completed a post-service test."
SR-00181,MR-00181,EQ-0127,TECH-0933,2025-12-05,Corrective,Night,2330,Travel Motor: Line restriction; observed symptom: hydraulic response is jerky.,Temperature and pressure checks,blocked cooler core,replaced restricted hydraulic filter and checked contamination source,Hydraulic oil,Functional test passed,8.54,3.26,43962.04,2026-04-09,Closed,"Technician checked Travel Motor, recorded the reported symptom, performed the required service action, and completed a post-service test."
SR-00182,MR-00182,EQ-0063,TECH-0001,2026-04-09,Corrective,Day,5840,Accumulator: Cooler restriction; observed symptom: pump noise increases during operation.,Visual inspection and pressure test,sticking spool valve,tested pilot pressure and inspected pilot circuit,Hydraulic filter,Leak test passed,2.1,11.01,63554.49,2026-09-13,Closed,"Technician checked Accumulator, recorded the reported symptom, performed the required service action, and completed a post-service test."
SR-00183,MR-00183,EQ-0071,TECH-0675,2022-10-08,Condition-Based,Evening,3521,Fuel System: Pump wear; observed symptom: hydraulic response is jerky.,Temperature and pressure checks,low pilot supply pressure,inspected valve spool movement and cleaned the valve assembly,Cylinder seal kit,Operational test passed,2.98,5.41,26198.54,2023-02-02,Closed,"Technician checked Fuel System, recorded the reported symptom, performed the required service action, and completed a post-service test."
SR-00184,MR-00184,EQ-0163,TECH-0534,2024-08-04,Corrective,Day,1975,Hydraulic Pump: Valve sticking; observed symptom: visible oil leak near hydraulic line.,Visual inspection and pressure test,internal cylinder leakage,replaced damaged hose and pressure-tested the circuit,Return filter element,Leak test passed,2.59,3.19,29526.61,2024-12-25,Closed,"Technician checked Hydraulic Pump, recorded the reported symptom, performed the required service action, and completed a post-service test."
SR-00185,MR-00185,EQ-0038,TECH-0683,2024-05-25,Corrective,Evening,15321,Hydraulic Cooler: External leakage; observed symptom: visible oil leak near hydraulic line.,Temperature and pressure checks,damaged cylinder seal,replaced damaged seal kit and performed leak test,Accumulator charging kit,Leak test passed,13.78,6.72,47450.99,2024-11-06,Closed - Monitor,"Technician checked Hydraulic Cooler, recorded the reported symptom, performed the required service action, and completed a post-service test."
SR-00186,MR-00186,EQ-0024,TECH-0296,2022-11-05,Corrective,Day,4814,Accumulator: Overheating; observed symptom: pilot pressure below expected range.,Leak inspection and functional test,restricted return filter,tested pilot pressure and inspected pilot circuit,Hydraulic hose,Leak test passed,3.73,6.66,27603.79,2023-03-10,Closed,"Technician checked Accumulator, recorded the reported symptom, performed the required service action, and completed a post-service test."
SR-00187,MR-00187,EQ-0141,TECH-0982,2023-05-05,Preventive,Day,9110,Bucket Cylinder: Oil contamination; observed symptom: visible oil leak near hydraulic line.,Temperature and pressure checks,degraded hydraulic fluid,replaced damaged seal kit and performed leak test,Accumulator charging kit,Pressure test passed,0.91,9.37,39534.27,2023-10-15,Closed,"Technician checked Bucket Cylinder, recorded the reported symptom, performed the required service action, and completed a post-service test."
SR-00188,MR-00188,EQ-0228,TECH-0749,2023-09-06,Condition-Based,Evening,14309,Swing Motor: Restricted flow; observed symptom: filter restriction indicator activated.,Temperature and pressure checks,degraded hydraulic fluid,replaced damaged seal kit and performed leak test,Hydraulic filter,Test passed; monitor during next shift,4.28,1.5,43905.87,2024-03-28,Closed,"Technician checked Swing Motor, recorded the reported symptom, performed the required service action, and completed a post-service test."
SR-00189,MR-00189,EQ-0191,TECH-0296,2025-07-28,Corrective,Day,8958,Travel Motor: Pump wear; observed symptom: bucket cylinder leaking externally.,Visual inspection and pressure test,restricted return filter,checked accumulator pre-charge and restored it to service specification,No replacement part,Leak test passed,8.39,1.02,38159.01,2025-10-20,Closed - Monitor,"Technician checked Travel Motor, recorded the reported symptom, performed the required service action, and completed a post-service test."
SR-00190,MR-00190,EQ-0162,TECH-0439,2026-05-02,Corrective,Day,11668,Travel Motor: External leakage; observed symptom: hydraulic response is jerky.,Leak inspection and functional test,damaged hydraulic hose,inspected hydraulic circuit and isolated the affected component,Accumulator charging kit,Test passed; monitor during next shift,13.48,1.07,62674.48,2026-07-18,Closed - Monitor,"Technician checked Travel Motor, recorded the reported symptom, performed the required service action, and completed a post-service test."
SR-00191,MR-00191,EQ-0132,TECH-0279,2022-10-03,Corrective,Evening,13499,Bucket Cylinder: Overheating; observed symptom: pilot pressure below expected range.,Pressure and flow measurement,high oil temperature,inspected valve spool movement and cleaned the valve assembly,Pilot filter,Operational test passed,6.91,3.23,40499.53,2023-04-13,Closed,"Technician checked Bucket Cylinder, recorded the reported symptom, performed the required service action, and completed a post-service test."
SR-00192,MR-00192,EQ-0034,TECH-0471,2022-09-16,Corrective,Night,13059,Travel Motor: Pump wear; observed symptom: travel function loses power on incline.,Pressure and flow measurement,damaged hydraulic hose,checked pressure and flow at operating temperature,Hydraulic filter,Pressure test passed,9.13,5.01,36850.74,2022-10-26,Closed,"Technician checked Travel Motor, recorded the reported symptom, performed the required service action, and completed a post-service test."
SR-00193,MR-00193,EQ-0147,TECH-0116,2024-09-26,Corrective,Night,14988,Bucket Cylinder: Overheating; observed symptom: boom movement slow under load.,Visual inspection and pressure test,contaminated hydraulic oil,inspected valve spool movement and cleaned the valve assembly,Hydraulic oil,Operational test passed,10.09,1.62,36452.48,2025-02-25,Closed,"Technician checked Bucket Cylinder, recorded the reported symptom, performed the required service action, and completed a post-service test."
SR-00194,MR-00194,EQ-0118,TECH-0638,2025-05-26,Condition-Based,Evening,6942,Boom Cylinder: Cylinder seal wear; observed symptom: travel function loses power on incline.,Temperature and pressure checks,damaged cylinder seal,inspected hydraulic circuit and isolated the affected component,Hydraulic filter,Pressure test passed,13.02,9.98,27293.14,2025-10-12,Closed,"Technician checked Boom Cylinder, recorded the reported symptom, performed the required service action, and completed a post-service test."
SR-00195,MR-00195,EQ-0192,TECH-0994,2023-07-27,Corrective,Evening,12813,Hydraulic Filter: Restricted flow; observed symptom: boom movement slow under load.,Temperature and pressure checks,damaged cylinder seal,replaced damaged hose and pressure-tested the circuit,Cooler gasket set,Pressure test passed,8.53,4.8,44858.59,2023-09-01,Closed - Monitor,"Technician checked Hydraulic Filter, recorded the reported symptom, performed the required service action, and completed a post-service test."
SR-00196,MR-00196,EQ-0160,TECH-0415,2026-02-24,Corrective,Day,12366,Travel Motor: Cylinder seal wear; observed symptom: arm movement slow after hydraulic oil warms.,Leak inspection and functional test,contaminated hydraulic oil,inspected suction line for air ingress and corrected the connection,No replacement part,Functional test passed,12.18,3.84,12390.07,2026-06-12,Closed,"Technician checked Travel Motor, recorded the reported symptom, performed the required service action, and completed a post-service test."
SR-00197,MR-00197,EQ-0224,TECH-0292,2023-11-13,Preventive,Evening,8044,Fuel System: Valve sticking; observed symptom: boom movement slow under load.,Visual inspection and pressure test,low pilot supply pressure,inspected suction line for air ingress and corrected the connection,Hydraulic oil,Pressure test passed,12.1,2.05,46960.63,2024-02-24,Closed,"Technician checked Fuel System, recorded the reported symptom, performed the required service action, and completed a post-service test."
SR-00198,MR-00198,EQ-0158,TECH-0318,2025-01-28,Corrective,Evening,9144,Travel Motor: Valve sticking; observed symptom: bucket cylinder leaking externally.,Pressure and flow measurement,air entering suction line,inspected valve spool movement and cleaned the valve assembly,Pump seal kit,Functional test passed,6.48,0.74,62604.69,2025-04-06,Closed,"Technician checked Travel Motor, recorded the reported symptom, performed the required service action, and completed a post-service test."
SR-00199,MR-00199,EQ-0132,TECH-0192,2023-07-08,Corrective,Evening,11945,Bucket Cylinder: Cylinder seal wear; observed symptom: travel function loses power on incline.,Visual inspection and pressure test,worn pump components,checked pressure and flow at operating temperature,Hydraulic oil,Functional test passed,11.25,8.51,25995.73,2023-09-12,Closed,"Technician checked Bucket Cylinder, recorded the reported symptom, performed the required service action, and completed a post-service test."
SR-00200,MR-00200,EQ-0106,TECH-0789,2022-04-05,Condition-Based,Day,14839,Main Control Valve: Valve sticking; observed symptom: hydraulic oil temperature rises during continuous operation.,Temperature and pressure checks,loss of accumulator pre-charge,replaced damaged hose and pressure-tested the circuit,Cooler gasket set,Leak test passed,6.84,4.25,60417.5,2022-05-05,Closed,"Technician checked Main Control Valve, recorded the reported symptom, performed the required service action, and completed a post-service test."
SR-00201,MR-00201,EQ-0113,TECH-0047,2022-11-24,Corrective,Night,13655,Travel Motor: Line restriction; observed symptom: hydraulic response is jerky.,Operational test under load,damaged hydraulic hose,checked accumulator pre-charge and restored it to service specification,Valve O-rings,Leak test passed,11.59,9.21,7063.6,2023-01-06,Closed,"Technician checked Travel Motor, recorded the reported symptom, performed the required service action, and completed a post-service test."
SR-00202,MR-00202,EQ-0232,TECH-0813,2022-12-24,Preventive,Evening,8264,Bucket Cylinder: Line restriction; observed symptom: bucket cylinder leaking externally.,Leak inspection and functional test,degraded hydraulic fluid,replaced damaged hose and pressure-tested the circuit,Pilot filter,Functional test passed,1.3,4.21,46271.97,2023-04-01,Closed,"Technician checked Bucket Cylinder, recorded the reported symptom, performed the required service action, and completed a post-service test."
SR-00203,MR-00203,EQ-0226,TECH-0660,2023-05-15,Corrective,Day,17261,Bucket Cylinder: Cylinder seal wear; observed symptom: hydraulic oil temperature rises during continuous operation.,Operational test under load,low pilot supply pressure,replaced damaged seal kit and performed leak test,Pilot filter,Test passed; monitor during next shift,1.63,6.09,1603.55,2023-06-30,Closed - Monitor,"Technician checked Bucket Cylinder, recorded the reported symptom, performed the required service action, and completed a post-service test."
SR-00204,MR-00204,EQ-0011,TECH-0360,2023-09-01,Inspection,Day,6467,Accumulator: Low pilot pressure; observed symptom: bucket will not open normally.,Filter inspection and fluid condition check,air entering suction line,replaced damaged seal kit and performed leak test,Pump seal kit,Operational test passed,4.37,6.71,19076.33,2023-12-03,Closed,"Technician checked Accumulator, recorded the reported symptom, performed the required service action, and completed a post-service test."
SR-00205,MR-00205,EQ-0006,TECH-0916,2026-05-07,Condition-Based,Evening,12747,Arm Cylinder: Hose failure; observed symptom: swing movement is slow.,Temperature and pressure checks,low pilot supply pressure,inspected hydraulic circuit and isolated the affected component,Hydraulic filter,Test passed; monitor during next shift,12.9,7.36,67558.33,2026-09-21,Closed,"Technician checked Arm Cylinder, recorded the reported symptom, performed the required service action, and completed a post-service test."
SR-00206,MR-00206,EQ-0121,TECH-0004,2023-06-27,Condition-Based,Day,17398,Hydraulic Line: Internal leakage; observed symptom: hydraulic flow is low at operating temperature.,Leak inspection and functional test,degraded hydraulic fluid,"drained contaminated oil, flushed circuit and refilled with filtered oil",Pilot filter,Functional test passed,4.6,7.93,23610.87,2024-01-03,Closed - Monitor,"Technician checked Hydraulic Line, recorded the reported symptom, performed the required service action, and completed a post-service test."
SR-00207,MR-00207,EQ-0119,TECH-0205,2025-05-26,Corrective,Day,2360,Accumulator: Hose failure; observed symptom: hydraulic flow is low at operating temperature.,Pressure and flow measurement,restricted hydraulic line,checked pump output and inspected for internal leakage,Hydraulic filter,Pressure test passed,12.86,4.32,16365.38,2025-07-08,Closed,"Technician checked Accumulator, recorded the reported symptom, performed the required service action, and completed a post-service test."
SR-00208,MR-00208,EQ-0211,TECH-0132,2025-04-15,Condition-Based,Day,6904,Main Control Valve: Internal leakage; observed symptom: reduced digging force.,Pressure and flow measurement,air entering suction line,"drained contaminated oil, flushed circuit and refilled with filtered oil",Pump seal kit,Leak test passed,5.46,6.44,56544.15,2025-08-26,Closed,"Technician checked Main Control Valve, recorded the reported symptom, performed the required service action, and completed a post-service test."
SR-00209,MR-00209,EQ-0139,TECH-0995,2022-12-26,Corrective,Night,9254,Pilot Valve: Accumulator pressure loss; observed symptom: travel function loses power on incline.,Visual inspection and pressure test,damaged hydraulic hose,replaced restricted hydraulic filter and checked contamination source,Accumulator charging kit,Leak test passed,5.87,11.51,32468.19,2023-05-16,Closed,"Technician checked Pilot Valve, recorded the reported symptom, performed the required service action, and completed a post-service test."
SR-00210,MR-00210,EQ-0003,TECH-0657,2025-05-13,Corrective,Evening,12864,Hydraulic Tank: Air ingress; observed symptom: bucket cylinder leaking externally.,Leak inspection and functional test,restricted return filter,inspected valve spool movement and cleaned the valve assembly,No replacement part,Pressure test passed,2.44,7.21,55894.64,2025-10-05,Closed,"Technician checked Hydraulic Tank, recorded the reported symptom, performed the required service action, and completed a post-service test."
SR-00211,MR-00211,EQ-0086,TECH-0987,2024-12-27,Inspection,Night,7392,Pilot Valve: Hose failure; observed symptom: pump noise increases during operation.,Leak inspection and functional test,restricted hydraulic line,"drained contaminated oil, flushed circuit and refilled with filtered oil",Return filter element,Functional test passed,5.2,7.6,26831.28,2025-07-17,Closed,"Technician checked Pilot Valve, recorded the reported symptom, performed the required service action, and completed a post-service test."
SR-00212,MR-00212,EQ-0075,TECH-0163,2025-04-24,Corrective,Night,8204,Pilot Valve: Oil contamination; observed symptom: pilot pressure below expected range.,Visual inspection and pressure test,worn pump components,checked pump output and inspected for internal leakage,Hydraulic hose,Leak test passed,6.79,1.06,16232.49,2025-06-21,Closed,"Technician checked Pilot Valve, recorded the reported symptom, performed the required service action, and completed a post-service test."
SR-00213,MR-00213,EQ-0023,TECH-0162,2024-06-19,Inspection,Evening,4637,Pilot Valve: Overheating; observed symptom: hydraulic oil appears contaminated.,Operational test under load,damaged cylinder seal,inspected suction line for air ingress and corrected the connection,Cooler gasket set,Functional test passed,5.09,6.71,67768.68,2024-08-18,Closed - Monitor,"Technician checked Pilot Valve, recorded the reported symptom, performed the required service action, and completed a post-service test."
SR-00214,MR-00214,EQ-0039,TECH-0209,2025-05-19,Corrective,Day,7617,Accumulator: Hose failure; observed symptom: hydraulic flow is low at operating temperature.,Leak inspection and functional test,sticking spool valve,"drained contaminated oil, flushed circuit and refilled with filtered oil",No replacement part,Operational test passed,10.24,3.35,39565.53,2025-11-26,Closed,"Technician checked Accumulator, recorded the reported symptom, performed the required service action, and completed a post-service test."
SR-00215,MR-00215,EQ-0026,TECH-0333,2024-04-14,Condition-Based,Night,2188,Hydraulic Line: Cooler restriction; observed symptom: filter restriction indicator activated.,Leak inspection and functional test,restricted hydraulic line,replaced restricted hydraulic filter and checked contamination source,Valve O-rings,Operational test passed,11.28,3.18,60910.16,2024-10-21,Follow-up Required,"Technician checked Hydraulic Line, recorded the reported symptom, performed the required service action, and completed a post-service test."
SR-00216,MR-00216,EQ-0177,TECH-0797,2022-04-30,Preventive,Day,6343,Fuel System: External leakage; observed symptom: pilot pressure below expected range.,Leak inspection and functional test,degraded hydraulic fluid,"drained contaminated oil, flushed circuit and refilled with filtered oil",Valve O-rings,Test passed; monitor during next shift,4.12,2.54,38393.16,2022-11-18,Closed,"Technician checked Fuel System, recorded the reported symptom, performed the required service action, and completed a post-service test."
SR-00217,MR-00217,EQ-0166,TECH-0746,2026-07-27,Preventive,Day,4009,Bucket Cylinder: Hose failure; observed symptom: hydraulic flow is low at operating temperature.,Visual inspection and pressure test,restricted return filter,inspected hydraulic circuit and isolated the affected component,Accumulator charging kit,Functional test passed,15.35,3.55,66462.22,2027-01-02,Closed,"Technician checked Bucket Cylinder, recorded the reported symptom, performed the required service action, and completed a post-service test."
SR-00218,MR-00218,EQ-0120,TECH-0787,2026-01-16,Preventive,Night,17809,Boom Cylinder: Restricted flow; observed symptom: bucket cylinder leaking externally.,Temperature and pressure checks,low pilot supply pressure,replaced damaged hose and pressure-tested the circuit,Cylinder seal kit,Operational test passed,4.3,8.33,54669.87,2026-03-12,Closed,"Technician checked Boom Cylinder, recorded the reported symptom, performed the required service action, and completed a post-service test."
SR-00219,MR-00219,EQ-0185,TECH-0327,2025-10-16,Corrective,Night,16173,Arm Cylinder: Overheating; observed symptom: pilot pressure below expected range.,Pressure and flow measurement,high oil temperature,replaced restricted hydraulic filter and checked contamination source,Pump seal kit,Functional test passed,0.91,2.58,62015.05,2026-02-02,Closed,"Technician checked Arm Cylinder, recorded the reported symptom, performed the required service action, and completed a post-service test."
SR-00220,MR-00220,EQ-0018,TECH-0328,2023-05-29,Corrective,Day,6537,Boom Cylinder: Internal leakage; observed symptom: arm movement slow after hydraulic oil warms.,Pressure and flow measurement,blocked cooler core,checked pressure and flow at operating temperature,Hydraulic hose,Pressure test passed,14.16,9.08,45581.67,2023-09-04,Closed,"Technician checked Boom Cylinder, recorded the reported symptom, performed the required service action, and completed a post-service test."
SR-00221,MR-00221,EQ-0106,TECH-0682,2026-02-14,Inspection,Evening,10459,Hydraulic Line: Oil contamination; observed symptom: pump noise increases during operation.,Leak inspection and functional test,worn pump components,checked accumulator pre-charge and restored it to service specification,Hydraulic filter,Operational test passed,14.79,5.24,14314.09,2026-03-18,Closed,"Technician checked Hydraulic Line, recorded the reported symptom, performed the required service action, and completed a post-service test."
SR-00222,MR-00222,EQ-0216,TECH-0153,2024-04-09,Inspection,Night,4085,Pilot Valve: Valve sticking; observed symptom: hydraulic oil temperature rises during continuous operation.,Operational test under load,damaged cylinder seal,cleaned cooler and verified hydraulic oil temperature,Hydraulic oil,Test passed; monitor during next shift,9.3,4.5,39885.05,2024-06-04,Closed - Monitor,"Technician checked Pilot Valve, recorded the reported symptom, performed the required service action, and completed a post-service test."
SR-00223,MR-00223,EQ-0212,TECH-0893,2023-02-16,Condition-Based,Night,13268,Arm Cylinder: Restricted flow; observed symptom: hydraulic response is jerky.,Filter inspection and fluid condition check,low pilot supply pressure,inspected suction line for air ingress and corrected the connection,Hydraulic oil,Test passed; monitor during next shift,2.11,1.43,19284.24,2023-05-13,Closed,"Technician checked Arm Cylinder, recorded the reported symptom, performed the required service action, and completed a post-service test."
SR-00224,MR-00224,EQ-0052,TECH-0375,2023-08-15,Corrective,Day,13142,Hydraulic Pump: Air ingress; observed symptom: arm movement slow after hydraulic oil warms.,Leak inspection and functional test,loss of accumulator pre-charge,inspected valve spool movement and cleaned the valve assembly,Return filter element,Operational test passed,5.4,0.25,5691.77,2023-10-05,Closed,"Technician checked Hydraulic Pump, recorded the reported symptom, performed the required service action, and completed a post-service test."
SR-00225,MR-00225,EQ-0013,TECH-0810,2022-06-26,Corrective,Night,10342,Swing Motor: Cylinder seal wear; observed symptom: hydraulic oil appears contaminated.,Visual inspection and pressure test,air entering suction line,replaced damaged seal kit and performed leak test,Valve O-rings,Functional test passed,3.88,4.06,25071.74,2022-12-28,Closed,"Technician checked Swing Motor, recorded the reported symptom, performed the required service action, and completed a post-service test."
SR-00226,MR-00226,EQ-0136,TECH-0279,2022-04-12,Preventive,Evening,12072,Hydraulic Hose: Internal leakage; observed symptom: filter restriction indicator activated.,Leak inspection and functional test,low pilot supply pressure,inspected hydraulic circuit and isolated the affected component,Hydraulic oil,Functional test passed,11.54,5.78,57813.34,2022-09-08,Closed,"Technician checked Hydraulic Hose, recorded the reported symptom, performed the required service action, and completed a post-service test."
SR-00227,MR-00227,EQ-0112,TECH-0528,2024-11-22,Inspection,Night,4758,Fuel System: Air ingress; observed symptom: hydraulic response is jerky.,Leak inspection and functional test,sticking spool valve,checked pump output and inspected for internal leakage,Hydraulic oil,Pressure test passed,6.23,3.64,22285.27,2025-05-08,Closed - Monitor,"Technician checked Fuel System, recorded the reported symptom, performed the required service action, and completed a post-service test."
SR-00228,MR-00228,EQ-0076,TECH-0979,2026-05-02,Inspection,Day,16791,Hydraulic Pump: Accumulator pressure loss; observed symptom: hydraulic oil temperature rises during continuous operation.,Temperature and pressure checks,internal cylinder leakage,inspected hydraulic circuit and isolated the affected component,Cooler gasket set,Test passed; monitor during next shift,11.3,3.91,65835.71,2026-07-27,Closed - Monitor,"Technician checked Hydraulic Pump, recorded the reported symptom, performed the required service action, and completed a post-service test."
SR-00229,MR-00229,EQ-0027,TECH-0967,2023-01-30,Corrective,Day,15000,Boom Cylinder: Internal leakage; observed symptom: boom movement slow under load.,Pressure and flow measurement,contaminated hydraulic oil,checked accumulator pre-charge and restored it to service specification,Hydraulic oil,Pressure test passed,4.15,2.26,58860.92,2023-05-19,Closed,"Technician checked Boom Cylinder, recorded the reported symptom, performed the required service action, and completed a post-service test."
SR-00230,MR-00230,EQ-0033,TECH-0129,2025-02-15,Inspection,Day,11867,Hydraulic Cooler: Valve sticking; observed symptom: boom movement slow under load.,Pressure and flow measurement,internal cylinder leakage,inspected suction line for air ingress and corrected the connection,Cooler gasket set,Pressure test passed,3.57,4.19,60726.08,2025-04-21,Closed,"Technician checked Hydraulic Cooler, recorded the reported symptom, performed the required service action, and completed a post-service test."
SR-00231,MR-00231,EQ-0132,TECH-0846,2023-04-12,Preventive,Day,18289,Travel Motor: Oil contamination; observed symptom: travel function loses power on incline.,Filter inspection and fluid condition check,worn pump components,tested pilot pressure and inspected pilot circuit,Cooler gasket set,Functional test passed,4.49,0.36,43335.5,2023-07-30,Closed,"Technician checked Travel Motor, recorded the reported symptom, performed the required service action, and completed a post-service test."
SR-00232,MR-00232,EQ-0122,TECH-0212,2024-04-10,Preventive,Night,3129,Hydraulic Line: Restricted flow; observed symptom: arm movement slow after hydraulic oil warms.,Temperature and pressure checks,worn pump components,inspected hydraulic circuit and isolated the affected component,Valve O-rings,Leak test passed,6.03,4.91,67676.93,2024-10-09,Closed,"Technician checked Hydraulic Line, recorded the reported symptom, performed the required service action, and completed a post-service test."
SR-00233,MR-00233,EQ-0195,TECH-0581,2022-11-16,Corrective,Day,8277,Pilot Valve: Low pilot pressure; observed symptom: pilot pressure below expected range.,Filter inspection and fluid condition check,worn pump components,checked pump output and inspected for internal leakage,Hydraulic hose,Operational test passed,13.64,6.83,8306.3,2023-03-21,Closed,"Technician checked Pilot Valve, recorded the reported symptom, performed the required service action, and completed a post-service test."
SR-00234,MR-00234,EQ-0224,TECH-0269,2022-01-31,Condition-Based,Evening,9620,Hydraulic Line: Valve sticking; observed symptom: swing movement is slow.,Pressure and flow measurement,damaged hydraulic hose,inspected suction line for air ingress and corrected the connection,Hydraulic line fittings,Leak test passed,9.36,11.41,59668.98,2022-06-08,Closed,"Technician checked Hydraulic Line, recorded the reported symptom, performed the required service action, and completed a post-service test."
SR-00235,MR-00235,EQ-0056,TECH-0472,2024-01-08,Preventive,Day,10830,Hydraulic Hose: Pump wear; observed symptom: swing movement is slow.,Leak inspection and functional test,damaged hydraulic hose,replaced restricted hydraulic filter and checked contamination source,Cooler gasket set,Functional test passed,3.7,6.9,7204.27,2024-04-12,Follow-up Required,"Technician checked Hydraulic Hose, recorded the reported symptom, performed the required service action, and completed a post-service test."
SR-00236,MR-00236,EQ-0120,TECH-0641,2023-02-20,Preventive,Day,7998,Bucket Cylinder: Accumulator pressure loss; observed symptom: boom movement slow under load.,Operational test under load,low pilot supply pressure,checked pressure and flow at operating temperature,Hydraulic filter,Test passed; monitor during next shift,8.71,5.24,51714.41,2023-05-06,Closed,"Technician checked Bucket Cylinder, recorded the reported symptom, performed the required service action, and completed a post-service test."
SR-00237,MR-00237,EQ-0016,TECH-0309,2025-12-27,Corrective,Day,11423,Boom Cylinder: Cylinder seal wear; observed symptom: travel function loses power on incline.,Operational test under load,restricted hydraulic line,checked pump output and inspected for internal leakage,Cylinder seal kit,Operational test passed,9.41,5.14,33203.43,2026-05-15,Closed - Monitor,"Technician checked Boom Cylinder, recorded the reported symptom, performed the required service action, and completed a post-service test."
SR-00238,MR-00238,EQ-0194,TECH-0940,2022-12-23,Corrective,Day,18498,Arm Cylinder: Cylinder seal wear; observed symptom: pilot pressure below expected range.,Pressure and flow measurement,degraded hydraulic fluid,replaced damaged hose and pressure-tested the circuit,Hydraulic filter,Pressure test passed,4.82,4.62,4075.67,2023-05-18,Follow-up Required,"Technician checked Arm Cylinder, recorded the reported symptom, performed the required service action, and completed a post-service test."
SR-00239,MR-00239,EQ-0239,TECH-0472,2022-03-27,Corrective,Day,6209,Accumulator: External leakage; observed symptom: pump noise increases during operation.,Filter inspection and fluid condition check,worn pump components,cleaned cooler and verified hydraulic oil temperature,Accumulator charging kit,Pressure test passed,10.15,5.5,16989.12,2022-10-06,Closed,"Technician checked Accumulator, recorded the reported symptom, performed the required service action, and completed a post-service test."
SR-00240,MR-00240,EQ-0001,TECH-0627,2026-08-21,Corrective,Night,17627,Main Control Valve: Restricted flow; observed symptom: pilot pressure below expected range.,Temperature and pressure checks,air entering suction line,replaced restricted hydraulic filter and checked contamination source,Pilot filter,Functional test passed,5.39,4.34,68900.49,2026-12-04,Closed - Monitor,"Technician checked Main Control Valve, recorded the reported symptom, performed the required service action, and completed a post-service test."
SR-00241,MR-00241,EQ-0221,TECH-0084,2023-05-10,Condition-Based,Day,8013,Bucket Cylinder: Internal leakage; observed symptom: hydraulic oil appears contaminated.,Operational test under load,contaminated hydraulic oil,inspected valve spool movement and cleaned the valve assembly,Valve O-rings,Operational test passed,12.65,5.59,20291.04,2023-11-23,Closed,"Technician checked Bucket Cylinder, recorded the reported symptom, performed the required service action, and completed a post-service test."
SR-00242,MR-00242,EQ-0159,TECH-0547,2023-10-15,Corrective,Evening,15031,Hydraulic Line: Air ingress; observed symptom: bucket will not open normally.,Leak inspection and functional test,low pilot supply pressure,checked accumulator pre-charge and restored it to service specification,Cylinder seal kit,Leak test passed,9.49,5.29,60995.56,2023-12-26,Closed,"Technician checked Hydraulic Line, recorded the reported symptom, performed the required service action, and completed a post-service test."
SR-00243,MR-00243,EQ-0180,TECH-0197,2025-10-11,Inspection,Day,12407,Fuel System: Line restriction; observed symptom: bucket cylinder leaking externally.,Leak inspection and functional test,degraded hydraulic fluid,replaced restricted hydraulic filter and checked contamination source,Hydraulic filter,Pressure test passed,2.71,8.0,66917.26,2026-03-15,Closed,"Technician checked Fuel System, recorded the reported symptom, performed the required service action, and completed a post-service test."
SR-00244,MR-00244,EQ-0229,TECH-0813,2025-03-29,Preventive,Evening,13607,Fuel System: Air ingress; observed symptom: hydraulic oil appears contaminated.,Operational test under load,sticking spool valve,cleaned cooler and verified hydraulic oil temperature,Hydraulic hose,Functional test passed,3.36,0.3,53544.72,2025-05-07,Closed,"Technician checked Fuel System, recorded the reported symptom, performed the required service action, and completed a post-service test."
SR-00245,MR-00245,EQ-0129,TECH-0783,2024-03-02,Corrective,Night,2827,Hydraulic Pump: Hose failure; observed symptom: hydraulic response is jerky.,Visual inspection and pressure test,air entering suction line,replaced damaged seal kit and performed leak test,Cylinder seal kit,Operational test passed,10.72,8.62,73022.25,2024-05-01,Closed - Monitor,"Technician checked Hydraulic Pump, recorded the reported symptom, performed the required service action, and completed a post-service test."
SR-00246,MR-00246,EQ-0116,TECH-0327,2022-07-06,Corrective,Night,15588,Hydraulic Filter: Pump wear; observed symptom: pump noise increases during operation.,Visual inspection and pressure test,high oil temperature,replaced damaged hose and pressure-tested the circuit,Cylinder seal kit,Leak test passed,11.69,6.18,33144.87,2022-10-06,Follow-up Required,"Technician checked Hydraulic Filter, recorded the reported symptom, performed the required service action, and completed a post-service test."
SR-00247,MR-00247,EQ-0126,TECH-0926,2023-05-13,Corrective,Evening,8381,Bucket Cylinder: Cooler restriction; observed symptom: travel function loses power on incline.,Visual inspection and pressure test,restricted return filter,inspected suction line for air ingress and corrected the connection,Hydraulic line fittings,Functional test passed,9.23,6.88,65547.2,2023-06-28,Closed - Monitor,"Technician checked Bucket Cylinder, recorded the reported symptom, performed the required service action, and completed a post-service test."
SR-00248,MR-00248,EQ-0185,TECH-0205,2025-12-03,Corrective,Day,13752,Hydraulic Filter: Hose failure; observed symptom: arm movement slow after hydraulic oil warms.,Pressure and flow measurement,high oil temperature,"drained contaminated oil, flushed circuit and refilled with filtered oil",Cylinder seal kit,Test passed; monitor during next shift,10.34,3.46,21578.13,2026-02-05,Closed,"Technician checked Hydraulic Filter, recorded the reported symptom, performed the required service action, and completed a post-service test."
SR-00249,MR-00249,EQ-0124,TECH-0515,2023-11-01,Preventive,Evening,6166,Hydraulic Tank: Valve sticking; observed symptom: hydraulic oil temperature rises during continuous operation.,Leak inspection and functional test,blocked cooler core,replaced damaged hose and pressure-tested the circuit,Hydraulic line fittings,Pressure test passed,2.07,2.38,28609.63,2024-01-01,Closed,"Technician checked Hydraulic Tank, recorded the reported symptom, performed the required service action, and completed a post-service test."
SR-00250,MR-00250,EQ-0165,TECH-0130,2022-04-18,Inspection,Night,8161,Engine Cooling System: Cylinder seal wear; observed symptom: bucket cylinder leaking externally.,Pressure and flow measurement,degraded hydraulic fluid,inspected valve spool movement and cleaned the valve assembly,Cooler gasket set,Operational test passed,7.69,0.25,34527.1,2022-10-09,Closed,"Technician checked Engine Cooling System, recorded the reported symptom, performed the required service action, and completed a post-service test."
SR-00251,MR-00251,EQ-0080,TECH-0875,2025-08-24,Corrective,Night,14623,Pilot Valve: Air ingress; observed symptom: travel function loses power on incline.,Leak inspection and functional test,damaged hydraulic hose,checked pump output and inspected for internal leakage,Cylinder seal kit,Pressure test passed,3.87,9.55,59283.64,2025-10-01,Closed,"Technician checked Pilot Valve, recorded the reported symptom, performed the required service action, and completed a post-service test."
SR-00252,MR-00252,EQ-0073,TECH-0473,2024-01-20,Condition-Based,Day,4692,Engine Cooling System: Internal leakage; observed symptom: swing movement is slow.,Operational test under load,high oil temperature,tested pilot pressure and inspected pilot circuit,Accumulator charging kit,Pressure test passed,4.37,2.82,59273.67,2024-06-20,Follow-up Required,"Technician checked Engine Cooling System, recorded the reported symptom, performed the required service action, and completed a post-service test."
SR-00253,MR-00253,EQ-0058,TECH-0635,2026-03-13,Condition-Based,Night,13457,Hydraulic Pump: Cylinder seal wear; observed symptom: hydraulic response is jerky.,Leak inspection and functional test,damaged cylinder seal,checked pump output and inspected for internal leakage,Return filter element,Leak test passed,13.46,5.88,75136.93,2026-09-21,Closed,"Technician checked Hydraulic Pump, recorded the reported symptom, performed the required service action, and completed a post-service test."
SR-00254,MR-00254,EQ-0196,TECH-0009,2025-10-20,Corrective,Day,16241,Bucket Cylinder: Cooler restriction; observed symptom: filter restriction indicator activated.,Filter inspection and fluid condition check,sticking spool valve,tested pilot pressure and inspected pilot circuit,Hydraulic hose,Test passed; monitor during next shift,12.33,6.69,37678.58,2026-03-24,Closed,"Technician checked Bucket Cylinder, recorded the reported symptom, performed the required service action, and completed a post-service test."
SR-00255,MR-00255,EQ-0103,TECH-0224,2025-09-17,Corrective,Night,15086,Engine Cooling System: Cylinder seal wear; observed symptom: hydraulic flow is low at operating temperature.,Temperature and pressure checks,sticking spool valve,checked accumulator pre-charge and restored it to service specification,Hydraulic filter,Operational test passed,5.22,4.84,65973.58,2025-10-17,Closed,"Technician checked Engine Cooling System, recorded the reported symptom, performed the required service action, and completed a post-service test."
SR-00256,MR-00256,EQ-0024,TECH-0674,2025-12-13,Preventive,Evening,13377,Hydraulic Cooler: Valve sticking; observed symptom: travel function loses power on incline.,Temperature and pressure checks,low pilot supply pressure,"drained contaminated oil, flushed circuit and refilled with filtered oil",No replacement part,Pressure test passed,8.08,0.64,63180.17,2026-06-18,Closed,"Technician checked Hydraulic Cooler, recorded the reported symptom, performed the required service action, and completed a post-service test."
SR-00257,MR-00257,EQ-0149,TECH-0112,2025-08-23,Inspection,Night,4175,Hydraulic Cooler: Cooler restriction; observed symptom: boom movement slow under load.,Filter inspection and fluid condition check,restricted hydraulic line,cleaned cooler and verified hydraulic oil temperature,No replacement part,Leak test passed,10.96,7.27,48403.79,2026-01-06,Closed - Monitor,"Technician checked Hydraulic Cooler, recorded the reported symptom, performed the required service action, and completed a post-service test."
SR-00258,MR-00258,EQ-0163,TECH-0862,2024-11-10,Corrective,Night,1849,Hydraulic Filter: Valve sticking; observed symptom: pilot pressure below expected range.,Leak inspection and functional test,internal cylinder leakage,replaced damaged seal kit and performed leak test,Pump seal kit,Test passed; monitor during next shift,9.35,7.96,22578.39,2024-12-13,Follow-up Required,"Technician checked Hydraulic Filter, recorded the reported symptom, performed the required service action, and completed a post-service test."
SR-00259,MR-00259,EQ-0005,TECH-0720,2023-06-12,Corrective,Night,18242,Boom Cylinder: Cylinder seal wear; observed symptom: reduced digging force.,Leak inspection and functional test,air entering suction line,checked pressure and flow at operating temperature,No replacement part,Operational test passed,4.69,7.88,26783.68,2023-11-08,Closed - Monitor,"Technician checked Boom Cylinder, recorded the reported symptom, performed the required service action, and completed a post-service test."
SR-00260,MR-00260,EQ-0226,TECH-0584,2024-05-28,Corrective,Day,8283,Hydraulic Pump: Cooler restriction; observed symptom: travel function loses power on incline.,Filter inspection and fluid condition check,internal cylinder leakage,"drained contaminated oil, flushed circuit and refilled with filtered oil",Return filter element,Leak test passed,5.52,3.67,47394.64,2024-07-25,Closed - Monitor,"Technician checked Hydraulic Pump, recorded the reported symptom, performed the required service action, and completed a post-service test."
SR-00261,MR-00261,EQ-0173,TECH-0485,2026-04-06,Preventive,Night,12416,Accumulator: Line restriction; observed symptom: reduced digging force.,Visual inspection and pressure test,high oil temperature,replaced damaged hose and pressure-tested the circuit,Hydraulic hose,Leak test passed,5.24,0.95,33007.81,2026-06-15,Closed,"Technician checked Accumulator, recorded the reported symptom, performed the required service action, and completed a post-service test."
SR-00262,MR-00262,EQ-0073,TECH-0869,2026-02-14,Corrective,Night,15991,Hydraulic Tank: Pump wear; observed symptom: bucket cylinder leaking externally.,Temperature and pressure checks,damaged cylinder seal,cleaned cooler and verified hydraulic oil temperature,Hydraulic line fittings,Operational test passed,10.23,4.9,27419.35,2026-06-07,Closed,"Technician checked Hydraulic Tank, recorded the reported symptom, performed the required service action, and completed a post-service test."
SR-00263,MR-00263,EQ-0017,TECH-0031,2022-09-03,Corrective,Day,11137,Travel Motor: Restricted flow; observed symptom: boom movement slow under load.,Pressure and flow measurement,degraded hydraulic fluid,replaced restricted hydraulic filter and checked contamination source,Hydraulic line fittings,Functional test passed,3.54,6.69,64699.69,2023-02-24,Closed,"Technician checked Travel Motor, recorded the reported symptom, performed the required service action, and completed a post-service test."
SR-00264,MR-00264,EQ-0143,TECH-0407,2023-05-14,Corrective,Night,9059,Hydraulic Hose: Cooler restriction; observed symptom: hydraulic flow is low at operating temperature.,Visual inspection and pressure test,worn pump components,replaced restricted hydraulic filter and checked contamination source,Pump seal kit,Operational test passed,5.35,7.53,9250.31,2023-09-26,Closed,"Technician checked Hydraulic Hose, recorded the reported symptom, performed the required service action, and completed a post-service test."
SR-00265,MR-00265,EQ-0170,TECH-0356,2022-12-06,Corrective,Night,13333,Engine Cooling System: Overheating; observed symptom: pump noise increases during operation.,Pressure and flow measurement,damaged cylinder seal,replaced damaged seal kit and performed leak test,Hydraulic hose,Functional test passed,8.78,8.33,36462.88,2023-01-29,Closed,"Technician checked Engine Cooling System, recorded the reported symptom, performed the required service action, and completed a post-service test."
SR-00266,MR-00266,EQ-0165,TECH-0085,2022-07-27,Preventive,Evening,3919,Boom Cylinder: Overheating; observed symptom: hydraulic oil temperature rises during continuous operation.,Temperature and pressure checks,damaged cylinder seal,checked pump output and inspected for internal leakage,No replacement part,Operational test passed,13.03,8.36,70726.8,2022-10-08,Closed,"Technician checked Boom Cylinder, recorded the reported symptom, performed the required service action, and completed a post-service test."
SR-00267,MR-00267,EQ-0057,TECH-0453,2023-02-18,Condition-Based,Day,13261,Bucket Cylinder: Valve sticking; observed symptom: bucket cylinder leaking externally.,Pressure and flow measurement,restricted hydraulic line,replaced damaged seal kit and performed leak test,Accumulator charging kit,Leak test passed,11.04,8.7,35855.3,2023-05-18,Closed,"Technician checked Bucket Cylinder, recorded the reported symptom, performed the required service action, and completed a post-service test."
SR-00268,MR-00268,EQ-0131,TECH-0217,2026-07-13,Corrective,Evening,10192,Hydraulic Pump: External leakage; observed symptom: boom movement slow under load.,Visual inspection and pressure test,restricted return filter,checked pump output and inspected for internal leakage,Hydraulic line fittings,Operational test passed,15.93,7.3,27425.5,2026-09-28,Closed,"Technician checked Hydraulic Pump, recorded the reported symptom, performed the required service action, and completed a post-service test."
SR-00269,MR-00269,EQ-0058,TECH-0858,2025-07-13,Corrective,Night,8102,Fuel System: Air ingress; observed symptom: filter restriction indicator activated.,Temperature and pressure checks,high oil temperature,cleaned cooler and verified hydraulic oil temperature,No replacement part,Operational test passed,1.67,1.47,17420.77,2025-09-17,Closed,"Technician checked Fuel System, recorded the reported symptom, performed the required service action, and completed a post-service test."
SR-00270,MR-00270,EQ-0231,TECH-0310,2022-10-03,Corrective,Night,18013,Swing Motor: Valve sticking; observed symptom: boom movement slow under load.,Pressure and flow measurement,degraded hydraulic fluid,checked pressure and flow at operating temperature,Return filter element,Operational test passed,1.76,3.38,3256.02,2022-12-16,Closed,"Technician checked Swing Motor, recorded the reported symptom, performed the required service action, and completed a post-service test."
SR-00271,MR-00271,EQ-0080,TECH-0658,2025-08-29,Corrective,Evening,1817,Engine Cooling System: Cylinder seal wear; observed symptom: hydraulic oil appears contaminated.,Pressure and flow measurement,degraded hydraulic fluid,checked pressure and flow at operating temperature,Return filter element,Pressure test passed,8.79,3.14,52680.93,2026-01-17,Closed - Monitor,"Technician checked Engine Cooling System, recorded the reported symptom, performed the required service action, and completed a post-service test."
SR-00272,MR-00272,EQ-0134,TECH-0291,2025-09-02,Preventive,Day,16811,Fuel System: Accumulator pressure loss; observed symptom: hydraulic oil temperature rises during continuous operation.,Pressure and flow measurement,damaged cylinder seal,replaced restricted hydraulic filter and checked contamination source,Cooler gasket set,Test passed; monitor during next shift,12.72,10.46,37817.85,2025-10-24,Closed,"Technician checked Fuel System, recorded the reported symptom, performed the required service action, and completed a post-service test."
SR-00273,MR-00273,EQ-0128,TECH-0455,2023-03-14,Inspection,Night,8203,Hydraulic Filter: Overheating; observed symptom: reduced digging force.,Operational test under load,degraded hydraulic fluid,replaced damaged hose and pressure-tested the circuit,Return filter element,Operational test passed,15.06,6.09,64998.92,2023-04-29,Closed,"Technician checked Hydraulic Filter, recorded the reported symptom, performed the required service action, and completed a post-service test."
SR-00274,MR-00274,EQ-0134,TECH-0364,2026-06-26,Preventive,Evening,10417,Engine Cooling System: Oil contamination; observed symptom: bucket will not open normally.,Temperature and pressure checks,degraded hydraulic fluid,replaced damaged seal kit and performed leak test,No replacement part,Test passed; monitor during next shift,15.15,7.54,38545.35,2026-10-26,Closed,"Technician checked Engine Cooling System, recorded the reported symptom, performed the required service action, and completed a post-service test."
SR-00275,MR-00275,EQ-0103,TECH-0609,2022-04-28,Corrective,Day,6344,Hydraulic Filter: Filter blockage; observed symptom: filter restriction indicator activated.,Operational test under load,damaged hydraulic hose,inspected suction line for air ingress and corrected the connection,Hydraulic hose,Pressure test passed,3.05,4.13,48056.87,2022-08-14,Closed - Monitor,"Technician checked Hydraulic Filter, recorded the reported symptom, performed the required service action, and completed a post-service test."
SR-00276,MR-00276,EQ-0063,TECH-0548,2022-11-04,Inspection,Evening,3704,Hydraulic Tank: Air ingress; observed symptom: filter restriction indicator activated.,Pressure and flow measurement,restricted hydraulic line,inspected valve spool movement and cleaned the valve assembly,Pilot filter,Test passed; monitor during next shift,9.03,5.26,56487.7,2023-04-20,Closed,"Technician checked Hydraulic Tank, recorded the reported symptom, performed the required service action, and completed a post-service test."
SR-00277,MR-00277,EQ-0081,TECH-0120,2024-09-01,Condition-Based,Day,12990,Hydraulic Filter: Accumulator pressure loss; observed symptom: hydraulic flow is low at operating temperature.,Visual inspection and pressure test,loss of accumulator pre-charge,"drained contaminated oil, flushed circuit and refilled with filtered oil",Pump seal kit,Test passed; monitor during next shift,5.15,7.77,41162.7,2024-11-09,Closed,"Technician checked Hydraulic Filter, recorded the reported symptom, performed the required service action, and completed a post-service test."
SR-00278,MR-00278,EQ-0165,TECH-0410,2023-02-17,Preventive,Night,7681,Fuel System: Pump wear; observed symptom: pump noise increases during operation.,Visual inspection and pressure test,internal cylinder leakage,"drained contaminated oil, flushed circuit and refilled with filtered oil",Pilot filter,Test passed; monitor during next shift,15.04,4.4,33601.95,2023-06-15,Closed - Monitor,"Technician checked Fuel System, recorded the reported symptom, performed the required service action, and completed a post-service test."
SR-00279,MR-00279,EQ-0095,TECH-0519,2022-03-04,Condition-Based,Evening,6565,Hydraulic Filter: Valve sticking; observed symptom: bucket cylinder leaking externally.,Pressure and flow measurement,low pilot supply pressure,cleaned cooler and verified hydraulic oil temperature,No replacement part,Operational test passed,10.07,3.52,65090.18,2022-08-07,Closed,"Technician checked Hydraulic Filter, recorded the reported symptom, performed the required service action, and completed a post-service test."
SR-00280,MR-00280,EQ-0033,TECH-0230,2025-06-10,Corrective,Day,9843,Travel Motor: Oil contamination; observed symptom: hydraulic response is jerky.,Visual inspection and pressure test,blocked cooler core,replaced restricted hydraulic filter and checked contamination source,Return filter element,Pressure test passed,7.07,3.08,19439.84,2025-07-24,Closed - Monitor,"Technician checked Travel Motor, recorded the reported symptom, performed the required service action, and completed a post-service test."
SR-00281,MR-00281,EQ-0215,TECH-0432,2023-12-09,Corrective,Evening,17773,Main Control Valve: Valve sticking; observed symptom: visible oil leak near hydraulic line.,Filter inspection and fluid condition check,blocked cooler core,"drained contaminated oil, flushed circuit and refilled with filtered oil",Return filter element,Test passed; monitor during next shift,5.56,3.3,37128.23,2024-02-12,Closed,"Technician checked Main Control Valve, recorded the reported symptom, performed the required service action, and completed a post-service test."
SR-00282,MR-00282,EQ-0165,TECH-0638,2025-05-29,Preventive,Evening,12976,Hydraulic Line: External leakage; observed symptom: reduced digging force.,Pressure and flow measurement,high oil temperature,inspected suction line for air ingress and corrected the connection,Hydraulic hose,Functional test passed,4.37,3.8,26440.77,2025-10-05,Closed,"Technician checked Hydraulic Line, recorded the reported symptom, performed the required service action, and completed a post-service test."
SR-00283,MR-00283,EQ-0127,TECH-0157,2026-03-23,Preventive,Evening,4684,Fuel System: Valve sticking; observed symptom: filter restriction indicator activated.,Filter inspection and fluid condition check,high oil temperature,inspected valve spool movement and cleaned the valve assembly,Cylinder seal kit,Operational test passed,12.95,8.35,36734.67,2026-09-01,Closed,"Technician checked Fuel System, recorded the reported symptom, performed the required service action, and completed a post-service test."
SR-00284,MR-00284,EQ-0026,TECH-0287,2023-09-10,Corrective,Evening,3201,Accumulator: Restricted flow; observed symptom: pilot pressure below expected range.,Visual inspection and pressure test,blocked cooler core,checked pressure and flow at operating temperature,Return filter element,Pressure test passed,11.06,10.65,69283.4,2024-01-17,Closed,"Technician checked Accumulator, recorded the reported symptom, performed the required service action, and completed a post-service test."
SR-00285,MR-00285,EQ-0233,TECH-0791,2023-01-25,Condition-Based,Day,16190,Engine Cooling System: Low pilot pressure; observed symptom: reduced digging force.,Temperature and pressure checks,contaminated hydraulic oil,inspected valve spool movement and cleaned the valve assembly,Hydraulic hose,Functional test passed,14.57,0.97,20737.41,2023-04-28,Closed,"Technician checked Engine Cooling System, recorded the reported symptom, performed the required service action, and completed a post-service test."
SR-00286,MR-00286,EQ-0007,TECH-0420,2022-07-05,Preventive,Night,7523,Accumulator: Cooler restriction; observed symptom: arm movement slow after hydraulic oil warms.,Filter inspection and fluid condition check,air entering suction line,inspected hydraulic circuit and isolated the affected component,Hydraulic hose,Functional test passed,12.2,7.78,14972.9,2022-09-14,Closed,"Technician checked Accumulator, recorded the reported symptom, performed the required service action, and completed a post-service test."
SR-00287,MR-00287,EQ-0184,TECH-0189,2025-11-11,Inspection,Day,16557,Arm Cylinder: Pump wear; observed symptom: reduced digging force.,Operational test under load,contaminated hydraulic oil,"drained contaminated oil, flushed circuit and refilled with filtered oil",Return filter element,Test passed; monitor during next shift,11.85,3.38,15458.82,2026-05-20,Closed,"Technician checked Arm Cylinder, recorded the reported symptom, performed the required service action, and completed a post-service test."
SR-00288,MR-00288,EQ-0140,TECH-0796,2024-10-16,Corrective,Day,5682,Hydraulic Filter: Accumulator pressure loss; observed symptom: filter restriction indicator activated.,Filter inspection and fluid condition check,restricted return filter,inspected suction line for air ingress and corrected the connection,No replacement part,Pressure test passed,1.76,5.52,62468.97,2025-04-19,Closed,"Technician checked Hydraulic Filter, recorded the reported symptom, performed the required service action, and completed a post-service test."
SR-00289,MR-00289,EQ-0141,TECH-0118,2023-03-09,Preventive,Evening,4565,Swing Motor: Cylinder seal wear; observed symptom: reduced digging force.,Visual inspection and pressure test,restricted hydraulic line,replaced restricted hydraulic filter and checked contamination source,Cooler gasket set,Leak test passed,2.24,0.25,9789.81,2023-06-11,Closed,"Technician checked Swing Motor, recorded the reported symptom, performed the required service action, and completed a post-service test."
SR-00290,MR-00290,EQ-0040,TECH-0980,2024-11-13,Inspection,Day,7042,Accumulator: Air ingress; observed symptom: travel function loses power on incline.,Filter inspection and fluid condition check,degraded hydraulic fluid,checked pressure and flow at operating temperature,Hydraulic oil,Pressure test passed,2.15,4.64,26184.49,2025-01-10,Closed,"Technician checked Accumulator, recorded the reported symptom, performed the required service action, and completed a post-service test."
SR-00291,MR-00291,EQ-0201,TECH-0077,2022-12-22,Corrective,Day,14276,Swing Motor: Cooler restriction; observed symptom: bucket cylinder leaking externally.,Filter inspection and fluid condition check,damaged cylinder seal,cleaned cooler and verified hydraulic oil temperature,Hydraulic hose,Test passed; monitor during next shift,1.69,0.25,5204.88,2023-02-23,Closed,"Technician checked Swing Motor, recorded the reported symptom, performed the required service action, and completed a post-service test."
SR-00292,MR-00292,EQ-0106,TECH-0731,2022-05-14,Corrective,Day,4356,Hydraulic Line: Cylinder seal wear; observed symptom: bucket cylinder leaking externally.,Visual inspection and pressure test,damaged cylinder seal,"drained contaminated oil, flushed circuit and refilled with filtered oil",No replacement part,Operational test passed,4.36,10.12,19723.94,2022-09-04,Closed,"Technician checked Hydraulic Line, recorded the reported symptom, performed the required service action, and completed a post-service test."
SR-00293,MR-00293,EQ-0188,TECH-0200,2022-04-04,Corrective,Evening,11162,Accumulator: Cooler restriction; observed symptom: swing movement is slow.,Filter inspection and fluid condition check,worn pump components,"drained contaminated oil, flushed circuit and refilled with filtered oil",Hydraulic hose,Operational test passed,14.15,2.6,25582.14,2022-10-05,Closed,"Technician checked Accumulator, recorded the reported symptom, performed the required service action, and completed a post-service test."
SR-00294,MR-00294,EQ-0165,TECH-0398,2026-06-18,Corrective,Evening,14863,Arm Cylinder: Filter blockage; observed symptom: reduced digging force.,Leak inspection and functional test,air entering suction line,replaced restricted hydraulic filter and checked contamination source,Cylinder seal kit,Leak test passed,2.68,3.97,21281.21,2026-08-11,Closed,"Technician checked Arm Cylinder, recorded the reported symptom, performed the required service action, and completed a post-service test."
SR-00295,MR-00295,EQ-0167,TECH-0863,2023-05-16,Corrective,Day,7833,Swing Motor: Filter blockage; observed symptom: hydraulic oil temperature rises during continuous operation.,Operational test under load,degraded hydraulic fluid,"drained contaminated oil, flushed circuit and refilled with filtered oil",Return filter element,Test passed; monitor during next shift,3.24,6.85,35059.3,2023-10-18,Closed,"Technician checked Swing Motor, recorded the reported symptom, performed the required service action, and completed a post-service test."
SR-00296,MR-00296,EQ-0177,TECH-0237,2025-12-14,Inspection,Night,18247,Hydraulic Hose: Valve sticking; observed symptom: pump noise increases during operation.,Leak inspection and functional test,low pilot supply pressure,inspected suction line for air ingress and corrected the connection,Hydraulic line fittings,Functional test passed,0.91,7.83,26998.82,2026-06-19,Closed,"Technician checked Hydraulic Hose, recorded the reported symptom, performed the required service action, and completed a post-service test."
SR-00297,MR-00297,EQ-0225,TECH-0223,2024-01-07,Corrective,Day,10347,Arm Cylinder: Oil contamination; observed symptom: boom movement slow under load.,Temperature and pressure checks,worn pump components,replaced damaged seal kit and performed leak test,Accumulator charging kit,Test passed; monitor during next shift,13.86,5.41,34618.75,2024-04-18,Closed,"Technician checked Arm Cylinder, recorded the reported symptom, performed the required service action, and completed a post-service test."
SR-00298,MR-00298,EQ-0231,TECH-0928,2022-06-30,Corrective,Night,10337,Engine Cooling System: Cylinder seal wear; observed symptom: hydraulic response is jerky.,Pressure and flow measurement,degraded hydraulic fluid,cleaned cooler and verified hydraulic oil temperature,Cylinder seal kit,Operational test passed,4.07,7.76,14472.87,2022-10-29,Closed,"Technician checked Engine Cooling System, recorded the reported symptom, performed the required service action, and completed a post-service test."
SR-00299,MR-00299,EQ-0016,TECH-0737,2025-09-24,Corrective,Day,4249,Arm Cylinder: Internal leakage; observed symptom: hydraulic flow is low at operating temperature.,Visual inspection and pressure test,blocked cooler core,replaced restricted hydraulic filter and checked contamination source,Return filter element,Test passed; monitor during next shift,7.8,2.88,41907.35,2026-03-14,Closed,"Technician checked Arm Cylinder, recorded the reported symptom, performed the required service action, and completed a post-service test."
SR-00300,MR-00300,EQ-0199,TECH-0623,2026-04-19,Corrective,Evening,11199,Fuel System: External leakage; observed symptom: reduced digging force.,Temperature and pressure checks,damaged hydraulic hose,replaced damaged hose and pressure-tested the circuit,Accumulator charging kit,Functional test passed,3.35,7.14,11972.5,2026-10-12,Closed - Monitor,"Technician checked Fuel System, recorded the reported symptom, performed the required service action, and completed a post-service test."
SR-00301,MR-00301,EQ-0031,TECH-0301,2023-08-25,Corrective,Evening,7371,Arm Cylinder: Hose failure; observed symptom: boom movement slow under load.,Leak inspection and functional test,sticking spool valve,replaced restricted hydraulic filter and checked contamination source,Cooler gasket set,Leak test passed,4.59,5.68,48466.95,2024-02-08,Closed,"Technician checked Arm Cylinder, recorded the reported symptom, performed the required service action, and completed a post-service test."
SR-00302,MR-00302,EQ-0110,TECH-0820,2025-11-26,Preventive,Day,17796,Hydraulic Filter: Accumulator pressure loss; observed symptom: hydraulic oil appears contaminated.,Leak inspection and functional test,low pilot supply pressure,checked pump output and inspected for internal leakage,No replacement part,Operational test passed,9.48,4.03,19275.75,2026-05-16,Closed,"Technician checked Hydraulic Filter, recorded the reported symptom, performed the required service action, and completed a post-service test."
SR-00303,MR-00303,EQ-0077,TECH-0513,2022-06-17,Inspection,Evening,14316,Boom Cylinder: Restricted flow; observed symptom: boom movement slow under load.,Visual inspection and pressure test,restricted return filter,replaced damaged seal kit and performed leak test,Hydraulic filter,Leak test passed,12.47,4.89,66251.91,2022-12-31,Closed,"Technician checked Boom Cylinder, recorded the reported symptom, performed the required service action, and completed a post-service test."
SR-00304,MR-00304,EQ-0157,TECH-0807,2022-09-28,Corrective,Night,4701,Boom Cylinder: Oil contamination; observed symptom: filter restriction indicator activated.,Leak inspection and functional test,sticking spool valve,checked accumulator pre-charge and restored it to service specification,Return filter element,Pressure test passed,11.75,2.8,42851.95,2022-11-03,Closed,"Technician checked Boom Cylinder, recorded the reported symptom, performed the required service action, and completed a post-service test."
SR-00305,MR-00305,EQ-0212,TECH-0850,2024-04-20,Corrective,Day,14966,Pilot Valve: Filter blockage; observed symptom: boom movement slow under load.,Leak inspection and functional test,contaminated hydraulic oil,replaced damaged hose and pressure-tested the circuit,Hydraulic oil,Pressure test passed,4.65,6.15,39930.98,2024-10-07,Closed,"Technician checked Pilot Valve, recorded the reported symptom, performed the required service action, and completed a post-service test."
SR-00306,MR-00306,EQ-0022,TECH-0355,2026-03-07,Corrective,Day,16374,Hydraulic Pump: Accumulator pressure loss; observed symptom: bucket will not open normally.,Pressure and flow measurement,restricted hydraulic line,inspected hydraulic circuit and isolated the affected component,Hydraulic filter,Pressure test passed,5.17,3.21,28340.0,2026-08-01,Closed,"Technician checked Hydraulic Pump, recorded the reported symptom, performed the required service action, and completed a post-service test."
SR-00307,MR-00307,EQ-0194,TECH-0039,2025-03-26,Corrective,Evening,15921,Hydraulic Pump: External leakage; observed symptom: bucket will not open normally.,Filter inspection and fluid condition check,worn pump components,cleaned cooler and verified hydraulic oil temperature,Hydraulic filter,Functional test passed,10.26,9.77,17333.96,2025-09-10,Closed - Monitor,"Technician checked Hydraulic Pump, recorded the reported symptom, performed the required service action, and completed a post-service test."
SR-00308,MR-00308,EQ-0230,TECH-0475,2022-02-15,Corrective,Night,15932,Bucket Cylinder: Internal leakage; observed symptom: swing movement is slow.,Temperature and pressure checks,high oil temperature,checked pressure and flow at operating temperature,Accumulator charging kit,Leak test passed,0.99,0.25,35368.56,2022-05-21,Closed,"Technician checked Bucket Cylinder, recorded the reported symptom, performed the required service action, and completed a post-service test."
SR-00309,MR-00309,EQ-0192,TECH-0613,2024-10-18,Corrective,Evening,6330,Swing Motor: Line restriction; observed symptom: bucket will not open normally.,Operational test under load,sticking spool valve,replaced restricted hydraulic filter and checked contamination source,Valve O-rings,Leak test passed,15.96,6.55,17934.37,2025-02-14,Closed,"Technician checked Swing Motor, recorded the reported symptom, performed the required service action, and completed a post-service test."
SR-00310,MR-00310,EQ-0104,TECH-0557,2026-01-03,Corrective,Evening,15817,Hydraulic Tank: External leakage; observed symptom: hydraulic response is jerky.,Pressure and flow measurement,loss of accumulator pre-charge,inspected hydraulic circuit and isolated the affected component,Return filter element,Functional test passed,11.79,5.18,48882.44,2026-02-15,Closed,"Technician checked Hydraulic Tank, recorded the reported symptom, performed the required service action, and completed a post-service test."
SR-00311,MR-00311,EQ-0013,TECH-0106,2026-04-03,Inspection,Day,2627,Main Control Valve: Low pilot pressure; observed symptom: pilot pressure below expected range.,Leak inspection and functional test,damaged hydraulic hose,cleaned cooler and verified hydraulic oil temperature,Cylinder seal kit,Pressure test passed,7.28,8.83,30177.88,2026-08-27,Closed,"Technician checked Main Control Valve, recorded the reported symptom, performed the required service action, and completed a post-service test."
SR-00312,MR-00312,EQ-0067,TECH-0384,2022-07-09,Preventive,Evening,6845,Arm Cylinder: Internal leakage; observed symptom: travel function loses power on incline.,Leak inspection and functional test,damaged hydraulic hose,inspected valve spool movement and cleaned the valve assembly,No replacement part,Functional test passed,11.72,0.25,64593.57,2023-01-27,Closed,"Technician checked Arm Cylinder, recorded the reported symptom, performed the required service action, and completed a post-service test."
SR-00313,MR-00313,EQ-0167,TECH-0432,2022-12-06,Preventive,Evening,7186,Hydraulic Line: Valve sticking; observed symptom: filter restriction indicator activated.,Filter inspection and fluid condition check,air entering suction line,checked pressure and flow at operating temperature,Valve O-rings,Leak test passed,14.5,3.39,14094.88,2023-01-11,Closed,"Technician checked Hydraulic Line, recorded the reported symptom, performed the required service action, and completed a post-service test."
SR-00314,MR-00314,EQ-0134,TECH-0965,2026-01-11,Condition-Based,Night,18245,Swing Motor: Overheating; observed symptom: reduced digging force.,Filter inspection and fluid condition check,high oil temperature,cleaned cooler and verified hydraulic oil temperature,Return filter element,Leak test passed,3.94,5.15,19465.88,2026-03-02,Closed,"Technician checked Swing Motor, recorded the reported symptom, performed the required service action, and completed a post-service test."
SR-00315,MR-00315,EQ-0227,TECH-0381,2026-03-18,Inspection,Day,18392,Pilot Valve: Cooler restriction; observed symptom: swing movement is slow.,Visual inspection and pressure test,loss of accumulator pre-charge,"drained contaminated oil, flushed circuit and refilled with filtered oil",Cylinder seal kit,Operational test passed,3.65,8.1,44071.54,2026-06-22,Closed,"Technician checked Pilot Valve, recorded the reported symptom, performed the required service action, and completed a post-service test."
SR-00316,MR-00316,EQ-0019,TECH-0215,2022-09-04,Corrective,Evening,11692,Bucket Cylinder: Accumulator pressure loss; observed symptom: swing movement is slow.,Pressure and flow measurement,damaged cylinder seal,checked accumulator pre-charge and restored it to service specification,Valve O-rings,Pressure test passed,12.75,7.74,43534.12,2022-11-16,Closed,"Technician checked Bucket Cylinder, recorded the reported symptom, performed the required service action, and completed a post-service test."
SR-00317,MR-00317,EQ-0227,TECH-0979,2025-08-09,Corrective,Day,9933,Arm Cylinder: Filter blockage; observed symptom: hydraulic oil temperature rises during continuous operation.,Temperature and pressure checks,loss of accumulator pre-charge,replaced damaged hose and pressure-tested the circuit,Accumulator charging kit,Leak test passed,8.54,3.0,55044.91,2025-11-14,Closed,"Technician checked Arm Cylinder, recorded the reported symptom, performed the required service action, and completed a post-service test."
SR-00318,MR-00318,EQ-0019,TECH-0194,2024-09-18,Corrective,Evening,11452,Hydraulic Tank: Restricted flow; observed symptom: hydraulic flow is low at operating temperature.,Operational test under load,restricted return filter,replaced damaged seal kit and performed leak test,Pump seal kit,Pressure test passed,8.79,0.38,41767.96,2025-01-01,Closed,"Technician checked Hydraulic Tank, recorded the reported symptom, performed the required service action, and completed a post-service test."
SR-00319,MR-00319,EQ-0160,TECH-0146,2022-10-14,Corrective,Night,12745,Hydraulic Filter: Overheating; observed symptom: hydraulic oil appears contaminated.,Filter inspection and fluid condition check,air entering suction line,inspected hydraulic circuit and isolated the affected component,Valve O-rings,Functional test passed,11.46,5.05,39803.45,2022-12-12,Closed,"Technician checked Hydraulic Filter, recorded the reported symptom, performed the required service action, and completed a post-service test."
SR-00320,MR-00320,EQ-0114,TECH-0477,2026-05-27,Corrective,Night,17611,Hydraulic Pump: Cooler restriction; observed symptom: bucket will not open normally.,Leak inspection and functional test,blocked cooler core,replaced restricted hydraulic filter and checked contamination source,Cylinder seal kit,Pressure test passed,13.98,1.07,68809.84,2026-09-15,Closed,"Technician checked Hydraulic Pump, recorded the reported symptom, performed the required service action, and completed a post-service test."
SR-00321,MR-00321,EQ-0099,TECH-0657,2024-06-07,Corrective,Evening,14025,Accumulator: Low pilot pressure; observed symptom: boom movement slow under load.,Pressure and flow measurement,air entering suction line,replaced damaged seal kit and performed leak test,Hydraulic hose,Test passed; monitor during next shift,8.84,6.59,59058.32,2024-11-25,Closed,"Technician checked Accumulator, recorded the reported symptom, performed the required service action, and completed a post-service test."
SR-00322,MR-00322,EQ-0121,TECH-0728,2024-02-26,Preventive,Night,18276,Hydraulic Filter: External leakage; observed symptom: pilot pressure below expected range.,Pressure and flow measurement,restricted hydraulic line,inspected hydraulic circuit and isolated the affected component,Pump seal kit,Leak test passed,6.11,7.15,60513.27,2024-04-13,Follow-up Required,"Technician checked Hydraulic Filter, recorded the reported symptom, performed the required service action, and completed a post-service test."
SR-00323,MR-00323,EQ-0012,TECH-0095,2025-02-07,Corrective,Evening,13364,Hydraulic Pump: Hose failure; observed symptom: hydraulic flow is low at operating temperature.,Visual inspection and pressure test,restricted hydraulic line,replaced damaged seal kit and performed leak test,Hydraulic oil,Pressure test passed,11.43,0.83,63713.82,2025-06-18,Closed - Monitor,"Technician checked Hydraulic Pump, recorded the reported symptom, performed the required service action, and completed a post-service test."
SR-00324,MR-00324,EQ-0201,TECH-0007,2025-04-27,Preventive,Day,8516,Travel Motor: External leakage; observed symptom: travel function loses power on incline.,Filter inspection and fluid condition check,high oil temperature,cleaned cooler and verified hydraulic oil temperature,Hydraulic hose,Operational test passed,7.05,6.03,22657.7,2025-07-18,Closed - Monitor,"Technician checked Travel Motor, recorded the reported symptom, performed the required service action, and completed a post-service test."
SR-00325,MR-00325,EQ-0007,TECH-0115,2023-05-28,Preventive,Night,6806,Hydraulic Line: Cylinder seal wear; observed symptom: pump noise increases during operation.,Operational test under load,low pilot supply pressure,tested pilot pressure and inspected pilot circuit,Accumulator charging kit,Leak test passed,9.61,6.01,35551.27,2023-07-26,Closed,"Technician checked Hydraulic Line, recorded the reported symptom, performed the required service action, and completed a post-service test."
SR-00326,MR-00326,EQ-0017,TECH-0011,2023-10-04,Corrective,Evening,9939,Swing Motor: Pump wear; observed symptom: boom movement slow under load.,Temperature and pressure checks,restricted hydraulic line,replaced damaged seal kit and performed leak test,Accumulator charging kit,Functional test passed,1.14,4.38,23239.27,2023-12-13,Closed,"Technician checked Swing Motor, recorded the reported symptom, performed the required service action, and completed a post-service test."
SR-00327,MR-00327,EQ-0230,TECH-0578,2022-05-20,Preventive,Night,4945,Hydraulic Pump: Pump wear; observed symptom: hydraulic response is jerky.,Temperature and pressure checks,restricted hydraulic line,cleaned cooler and verified hydraulic oil temperature,Hydraulic filter,Pressure test passed,11.67,4.47,48985.06,2022-12-11,Closed,"Technician checked Hydraulic Pump, recorded the reported symptom, performed the required service action, and completed a post-service test."
SR-00328,MR-00328,EQ-0118,TECH-0683,2023-11-27,Preventive,Evening,7104,Arm Cylinder: Cooler restriction; observed symptom: reduced digging force.,Operational test under load,damaged hydraulic hose,"drained contaminated oil, flushed circuit and refilled with filtered oil",No replacement part,Leak test passed,10.06,4.79,22896.17,2024-04-26,Closed - Monitor,"Technician checked Arm Cylinder, recorded the reported symptom, performed the required service action, and completed a post-service test."
SR-00329,MR-00329,EQ-0026,TECH-0998,2026-06-24,Corrective,Evening,14946,Hydraulic Pump: Cooler restriction; observed symptom: pump noise increases during operation.,Leak inspection and functional test,air entering suction line,replaced restricted hydraulic filter and checked contamination source,Cooler gasket set,Operational test passed,5.71,3.88,47713.11,2026-12-29,Closed,"Technician checked Hydraulic Pump, recorded the reported symptom, performed the required service action, and completed a post-service test."
SR-00330,MR-00330,EQ-0044,TECH-0627,2024-09-13,Corrective,Night,16558,Boom Cylinder: Internal leakage; observed symptom: arm movement slow after hydraulic oil warms.,Operational test under load,degraded hydraulic fluid,replaced damaged seal kit and performed leak test,No replacement part,Operational test passed,14.83,5.07,16505.14,2025-01-15,Closed,"Technician checked Boom Cylinder, recorded the reported symptom, performed the required service action, and completed a post-service test."
SR-00331,MR-00331,EQ-0099,TECH-0453,2025-12-23,Corrective,Day,5999,Hydraulic Hose: Cooler restriction; observed symptom: travel function loses power on incline.,Filter inspection and fluid condition check,air entering suction line,cleaned cooler and verified hydraulic oil temperature,Pilot filter,Pressure test passed,6.36,5.82,19723.89,2026-04-04,Closed,"Technician checked Hydraulic Hose, recorded the reported symptom, performed the required service action, and completed a post-service test."
SR-00332,MR-00332,EQ-0149,TECH-0457,2025-10-01,Corrective,Day,14201,Engine Cooling System: Overheating; observed symptom: pump noise increases during operation.,Leak inspection and functional test,worn pump components,checked accumulator pre-charge and restored it to service specification,No replacement part,Functional test passed,3.37,1.2,5365.49,2026-03-21,Closed,"Technician checked Engine Cooling System, recorded the reported symptom, performed the required service action, and completed a post-service test."
SR-00333,MR-00333,EQ-0123,TECH-0377,2025-10-06,Preventive,Night,11690,Fuel System: Air ingress; observed symptom: bucket cylinder leaking externally.,Temperature and pressure checks,worn pump components,replaced damaged seal kit and performed leak test,Hydraulic filter,Functional test passed,15.23,0.62,42396.88,2025-12-12,Closed,"Technician checked Fuel System, recorded the reported symptom, performed the required service action, and completed a post-service test."
SR-00334,MR-00334,EQ-0003,TECH-0129,2022-02-26,Corrective,Day,16739,Arm Cylinder: Oil contamination; observed symptom: hydraulic flow is low at operating temperature.,Operational test under load,low pilot supply pressure,"drained contaminated oil, flushed circuit and refilled with filtered oil",Return filter element,Pressure test passed,15.27,8.23,38921.7,2022-06-04,Closed,"Technician checked Arm Cylinder, recorded the reported symptom, performed the required service action, and completed a post-service test."
SR-00335,MR-00335,EQ-0054,TECH-0618,2023-08-05,Condition-Based,Evening,6291,Fuel System: Accumulator pressure loss; observed symptom: boom movement slow under load.,Leak inspection and functional test,blocked cooler core,inspected hydraulic circuit and isolated the affected component,Cooler gasket set,Operational test passed,15.78,6.65,65610.86,2023-12-16,Closed,"Technician checked Fuel System, recorded the reported symptom, performed the required service action, and completed a post-service test."
SR-00336,MR-00336,EQ-0178,TECH-0955,2023-08-17,Corrective,Night,3119,Hydraulic Line: Overheating; observed symptom: swing movement is slow.,Leak inspection and functional test,high oil temperature,replaced damaged seal kit and performed leak test,Return filter element,Operational test passed,12.77,2.23,20117.75,2024-02-13,Closed - Monitor,"Technician checked Hydraulic Line, recorded the reported symptom, performed the required service action, and completed a post-service test."
SR-00337,MR-00337,EQ-0209,TECH-1000,2023-12-01,Corrective,Night,4889,Hydraulic Cooler: Oil contamination; observed symptom: swing movement is slow.,Operational test under load,air entering suction line,replaced damaged seal kit and performed leak test,Pilot filter,Test passed; monitor during next shift,10.38,3.59,36242.05,2024-05-15,Closed,"Technician checked Hydraulic Cooler, recorded the reported symptom, performed the required service action, and completed a post-service test."
SR-00338,MR-00338,EQ-0107,TECH-0443,2025-07-09,Corrective,Evening,2549,Engine Cooling System: Low pilot pressure; observed symptom: travel function loses power on incline.,Operational test under load,air entering suction line,replaced damaged hose and pressure-tested the circuit,Pilot filter,Operational test passed,3.46,4.37,18112.17,2025-11-04,Closed,"Technician checked Engine Cooling System, recorded the reported symptom, performed the required service action, and completed a post-service test."
SR-00339,MR-00339,EQ-0210,TECH-0519,2022-05-17,Condition-Based,Evening,5813,Bucket Cylinder: Filter blockage; observed symptom: travel function loses power on incline.,Pressure and flow measurement,air entering suction line,checked pump output and inspected for internal leakage,Hydraulic hose,Leak test passed,1.88,6.51,18195.08,2022-07-23,Closed,"Technician checked Bucket Cylinder, recorded the reported symptom, performed the required service action, and completed a post-service test."
SR-00340,MR-00340,EQ-0109,TECH-0433,2022-11-17,Condition-Based,Day,13185,Arm Cylinder: Hose failure; observed symptom: reduced digging force.,Operational test under load,sticking spool valve,checked pressure and flow at operating temperature,Pilot filter,Leak test passed,13.82,11.48,22820.35,2023-02-01,Closed - Monitor,"Technician checked Arm Cylinder, recorded the reported symptom, performed the required service action, and completed a post-service test."
SR-00341,MR-00341,EQ-0091,TECH-0618,2023-12-05,Condition-Based,Evening,5739,Fuel System: Cooler restriction; observed symptom: visible oil leak near hydraulic line.,Operational test under load,sticking spool valve,checked accumulator pre-charge and restored it to service specification,Hydraulic filter,Leak test passed,14.6,4.23,45363.4,2024-05-18,Closed,"Technician checked Fuel System, recorded the reported symptom, performed the required service action, and completed a post-service test."
SR-00342,MR-00342,EQ-0015,TECH-0452,2024-09-21,Corrective,Night,11845,Hydraulic Pump: Filter blockage; observed symptom: pump noise increases during operation.,Filter inspection and fluid condition check,worn pump components,checked accumulator pre-charge and restored it to service specification,Pilot filter,Pressure test passed,1.08,5.55,40993.64,2024-12-18,Closed,"Technician checked Hydraulic Pump, recorded the reported symptom, performed the required service action, and completed a post-service test."
SR-00343,MR-00343,EQ-0143,TECH-0195,2024-03-13,Corrective,Day,10681,Hydraulic Filter: Cylinder seal wear; observed symptom: hydraulic response is jerky.,Visual inspection and pressure test,air entering suction line,checked pressure and flow at operating temperature,Cylinder seal kit,Operational test passed,11.77,3.97,15969.89,2024-06-08,Closed,"Technician checked Hydraulic Filter, recorded the reported symptom, performed the required service action, and completed a post-service test."
SR-00344,MR-00344,EQ-0030,TECH-0435,2025-04-10,Corrective,Evening,5107,Hydraulic Tank: Air ingress; observed symptom: hydraulic oil temperature rises during continuous operation.,Leak inspection and functional test,restricted hydraulic line,inspected valve spool movement and cleaned the valve assembly,Pilot filter,Leak test passed,14.82,1.96,38706.87,2025-07-27,Closed,"Technician checked Hydraulic Tank, recorded the reported symptom, performed the required service action, and completed a post-service test."
SR-00345,MR-00345,EQ-0011,TECH-0738,2025-02-07,Corrective,Day,3237,Bucket Cylinder: Pump wear; observed symptom: hydraulic oil temperature rises during continuous operation.,Filter inspection and fluid condition check,internal cylinder leakage,checked pressure and flow at operating temperature,Hydraulic oil,Test passed; monitor during next shift,10.65,1.9,17574.32,2025-03-12,Closed,"Technician checked Bucket Cylinder, recorded the reported symptom, performed the required service action, and completed a post-service test."
SR-00346,MR-00346,EQ-0239,TECH-0273,2026-03-14,Condition-Based,Evening,16136,Engine Cooling System: Restricted flow; observed symptom: arm movement slow after hydraulic oil warms.,Visual inspection and pressure test,low pilot supply pressure,cleaned cooler and verified hydraulic oil temperature,Valve O-rings,Leak test passed,12.44,4.53,16105.71,2026-09-19,Closed,"Technician checked Engine Cooling System, recorded the reported symptom, performed the required service action, and completed a post-service test."
SR-00347,MR-00347,EQ-0146,TECH-0293,2022-08-23,Corrective,Evening,11972,Main Control Valve: Oil contamination; observed symptom: hydraulic oil temperature rises during continuous operation.,Filter inspection and fluid condition check,damaged hydraulic hose,replaced damaged seal kit and performed leak test,Pump seal kit,Functional test passed,2.98,3.08,29590.93,2023-03-17,Closed,"Technician checked Main Control Valve, recorded the reported symptom, performed the required service action, and completed a post-service test."
SR-00348,MR-00348,EQ-0168,TECH-0285,2024-01-01,Preventive,Day,18215,Main Control Valve: Internal leakage; observed symptom: boom movement slow under load.,Filter inspection and fluid condition check,internal cylinder leakage,tested pilot pressure and inspected pilot circuit,Hydraulic hose,Operational test passed,6.57,0.25,9070.97,2024-03-26,Closed,"Technician checked Main Control Valve, recorded the reported symptom, performed the required service action, and completed a post-service test."
SR-00349,MR-00349,EQ-0170,TECH-0948,2024-12-25,Preventive,Day,10417,Hydraulic Cooler: Overheating; observed symptom: bucket cylinder leaking externally.,Leak inspection and functional test,internal cylinder leakage,inspected suction line for air ingress and corrected the connection,Hydraulic oil,Leak test passed,3.44,8.1,55542.11,2025-06-03,Closed - Monitor,"Technician checked Hydraulic Cooler, recorded the reported symptom, performed the required service action, and completed a post-service test."
SR-00350,MR-00350,EQ-0181,TECH-0690,2025-12-28,Corrective,Evening,3547,Swing Motor: Valve sticking; observed symptom: hydraulic oil temperature rises during continuous operation.,Visual inspection and pressure test,restricted hydraulic line,replaced damaged hose and pressure-tested the circuit,Return filter element,Test passed; monitor during next shift,12.53,7.6,41159.13,2026-04-10,Closed,"Technician checked Swing Motor, recorded the reported symptom, performed the required service action, and completed a post-service test."
SR-00351,MR-00351,EQ-0154,TECH-0706,2022-02-22,Corrective,Day,12296,Accumulator: External leakage; observed symptom: reduced digging force.,Operational test under load,internal cylinder leakage,inspected hydraulic circuit and isolated the affected component,Accumulator charging kit,Operational test passed,3.37,0.25,6270.56,2022-08-17,Closed,"Technician checked Accumulator, recorded the reported symptom, performed the required service action, and completed a post-service test."
SR-00352,MR-00352,EQ-0067,TECH-0174,2024-08-01,Condition-Based,Day,2511,Hydraulic Hose: Air ingress; observed symptom: travel function loses power on incline.,Visual inspection and pressure test,worn pump components,replaced restricted hydraulic filter and checked contamination source,Hydraulic oil,Operational test passed,5.82,4.71,25449.18,2025-02-06,Closed,"Technician checked Hydraulic Hose, recorded the reported symptom, performed the required service action, and completed a post-service test."
SR-00353,MR-00353,EQ-0238,TECH-0391,2023-05-07,Corrective,Day,3230,Arm Cylinder: Internal leakage; observed symptom: pilot pressure below expected range.,Filter inspection and fluid condition check,restricted return filter,checked pressure and flow at operating temperature,Cylinder seal kit,Operational test passed,6.58,0.25,13066.93,2023-09-15,Closed - Monitor,"Technician checked Arm Cylinder, recorded the reported symptom, performed the required service action, and completed a post-service test."
SR-00354,MR-00354,EQ-0182,TECH-0260,2024-06-02,Preventive,Evening,9883,Swing Motor: Oil contamination; observed symptom: visible oil leak near hydraulic line.,Leak inspection and functional test,damaged hydraulic hose,checked accumulator pre-charge and restored it to service specification,Hydraulic oil,Leak test passed,3.01,3.66,6273.45,2024-08-30,Closed,"Technician checked Swing Motor, recorded the reported symptom, performed the required service action, and completed a post-service test."
SR-00355,MR-00355,EQ-0184,TECH-0429,2022-09-04,Preventive,Evening,13866,Hydraulic Cooler: Oil contamination; observed symptom: reduced digging force.,Filter inspection and fluid condition check,degraded hydraulic fluid,"drained contaminated oil, flushed circuit and refilled with filtered oil",Accumulator charging kit,Functional test passed,1.76,10.15,2218.11,2023-01-28,Closed - Monitor,"Technician checked Hydraulic Cooler, recorded the reported symptom, performed the required service action, and completed a post-service test."
SR-00356,MR-00356,EQ-0121,TECH-0605,2026-03-15,Preventive,Night,3642,Arm Cylinder: Pump wear; observed symptom: arm movement slow after hydraulic oil warms.,Leak inspection and functional test,sticking spool valve,inspected suction line for air ingress and corrected the connection,Hydraulic line fittings,Leak test passed,11.03,13.09,44211.76,2026-08-29,Closed,"Technician checked Arm Cylinder, recorded the reported symptom, performed the required service action, and completed a post-service test."
SR-00357,MR-00357,EQ-0128,TECH-0698,2026-05-31,Corrective,Night,2673,Hydraulic Cooler: Cooler restriction; observed symptom: visible oil leak near hydraulic line.,Leak inspection and functional test,blocked cooler core,inspected valve spool movement and cleaned the valve assembly,Cylinder seal kit,Operational test passed,14.55,7.78,9772.48,2026-10-31,Closed,"Technician checked Hydraulic Cooler, recorded the reported symptom, performed the required service action, and completed a post-service test."
SR-00358,MR-00358,EQ-0113,TECH-0395,2024-05-12,Corrective,Day,13977,Bucket Cylinder: Oil contamination; observed symptom: filter restriction indicator activated.,Leak inspection and functional test,high oil temperature,checked pressure and flow at operating temperature,Hydraulic hose,Test passed; monitor during next shift,3.44,3.6,12168.84,2024-11-14,Closed,"Technician checked Bucket Cylinder, recorded the reported symptom, performed the required service action, and completed a post-service test."
SR-00359,MR-00359,EQ-0106,TECH-0532,2024-10-27,Condition-Based,Evening,5171,Fuel System: Cylinder seal wear; observed symptom: travel function loses power on incline.,Temperature and pressure checks,worn pump components,checked accumulator pre-charge and restored it to service specification,Return filter element,Leak test passed,9.1,5.05,67189.88,2024-12-11,Closed,"Technician checked Fuel System, recorded the reported symptom, performed the required service action, and completed a post-service test."
SR-00360,MR-00360,EQ-0054,TECH-0164,2022-03-10,Corrective,Night,12206,Accumulator: Valve sticking; observed symptom: swing movement is slow.,Visual inspection and pressure test,damaged hydraulic hose,inspected suction line for air ingress and corrected the connection,Return filter element,Test passed; monitor during next shift,14.15,1.13,53281.58,2022-06-29,Closed,"Technician checked Accumulator, recorded the reported symptom, performed the required service action, and completed a post-service test."
SR-00361,MR-00361,EQ-0153,TECH-0351,2025-09-30,Corrective,Day,15891,Pilot Valve: Line restriction; observed symptom: travel function loses power on incline.,Visual inspection and pressure test,damaged hydraulic hose,replaced restricted hydraulic filter and checked contamination source,Hydraulic hose,Operational test passed,8.88,6.53,62484.2,2025-11-01,Closed,"Technician checked Pilot Valve, recorded the reported symptom, performed the required service action, and completed a post-service test."
SR-00362,MR-00362,EQ-0087,TECH-0997,2023-01-16,Preventive,Night,7693,Arm Cylinder: Restricted flow; observed symptom: hydraulic flow is low at operating temperature.,Visual inspection and pressure test,internal cylinder leakage,checked pressure and flow at operating temperature,Pilot filter,Operational test passed,5.34,4.95,10229.78,2023-06-19,Closed,"Technician checked Arm Cylinder, recorded the reported symptom, performed the required service action, and completed a post-service test."
SR-00363,MR-00363,EQ-0207,TECH-0946,2024-01-31,Corrective,Day,17194,Hydraulic Hose: External leakage; observed symptom: visible oil leak near hydraulic line.,Pressure and flow measurement,high oil temperature,inspected valve spool movement and cleaned the valve assembly,Hydraulic line fittings,Operational test passed,4.31,8.07,35947.24,2024-05-09,Closed - Monitor,"Technician checked Hydraulic Hose, recorded the reported symptom, performed the required service action, and completed a post-service test."
SR-00364,MR-00364,EQ-0103,TECH-0010,2022-03-30,Corrective,Evening,11908,Bucket Cylinder: Line restriction; observed symptom: hydraulic oil appears contaminated.,Pressure and flow measurement,sticking spool valve,inspected suction line for air ingress and corrected the connection,Hydraulic hose,Test passed; monitor during next shift,14.43,1.83,25447.93,2022-10-24,Closed,"Technician checked Bucket Cylinder, recorded the reported symptom, performed the required service action, and completed a post-service test."
SR-00365,MR-00365,EQ-0175,TECH-0154,2023-05-28,Corrective,Night,6049,Hydraulic Cooler: Internal leakage; observed symptom: visible oil leak near hydraulic line.,Leak inspection and functional test,restricted return filter,replaced damaged seal kit and performed leak test,Hydraulic hose,Pressure test passed,12.69,3.1,58783.65,2023-09-25,Closed,"Technician checked Hydraulic Cooler, recorded the reported symptom, performed the required service action, and completed a post-service test."
SR-00366,MR-00366,EQ-0046,TECH-0735,2024-05-31,Inspection,Evening,4999,Swing Motor: Cooler restriction; observed symptom: swing movement is slow.,Pressure and flow measurement,restricted hydraulic line,cleaned cooler and verified hydraulic oil temperature,Pump seal kit,Operational test passed,4.16,10.73,42168.91,2024-09-05,Closed,"Technician checked Swing Motor, recorded the reported symptom, performed the required service action, and completed a post-service test."
SR-00367,MR-00367,EQ-0169,TECH-0935,2025-10-13,Preventive,Night,14844,Fuel System: Pump wear; observed symptom: hydraulic flow is low at operating temperature.,Visual inspection and pressure test,low pilot supply pressure,inspected suction line for air ingress and corrected the connection,Hydraulic hose,Test passed; monitor during next shift,14.7,3.68,56806.77,2026-04-19,Closed,"Technician checked Fuel System, recorded the reported symptom, performed the required service action, and completed a post-service test."
SR-00368,MR-00368,EQ-0154,TECH-0919,2022-01-19,Corrective,Night,5553,Main Control Valve: Valve sticking; observed symptom: reduced digging force.,Visual inspection and pressure test,degraded hydraulic fluid,tested pilot pressure and inspected pilot circuit,Cylinder seal kit,Test passed; monitor during next shift,15.97,6.27,32951.31,2022-07-28,Closed,"Technician checked Main Control Valve, recorded the reported symptom, performed the required service action, and completed a post-service test."
SR-00369,MR-00369,EQ-0018,TECH-0504,2023-07-07,Corrective,Day,9012,Engine Cooling System: External leakage; observed symptom: swing movement is slow.,Temperature and pressure checks,worn pump components,"drained contaminated oil, flushed circuit and refilled with filtered oil",Pilot filter,Test passed; monitor during next shift,4.2,8.32,14305.57,2023-11-09,Closed,"Technician checked Engine Cooling System, recorded the reported symptom, performed the required service action, and completed a post-service test."
SR-00370,MR-00370,EQ-0108,TECH-0444,2024-06-16,Condition-Based,Day,6983,Travel Motor: Cooler restriction; observed symptom: filter restriction indicator activated.,Filter inspection and fluid condition check,blocked cooler core,checked pump output and inspected for internal leakage,Accumulator charging kit,Test passed; monitor during next shift,2.78,7.17,24396.48,2024-12-06,Closed,"Technician checked Travel Motor, recorded the reported symptom, performed the required service action, and completed a post-service test."
SR-00371,MR-00371,EQ-0083,TECH-0289,2025-04-15,Preventive,Evening,2338,Main Control Valve: External leakage; observed symptom: reduced digging force.,Leak inspection and functional test,contaminated hydraulic oil,"drained contaminated oil, flushed circuit and refilled with filtered oil",Hydraulic hose,Leak test passed,9.85,6.35,50549.84,2025-07-18,Closed,"Technician checked Main Control Valve, recorded the reported symptom, performed the required service action, and completed a post-service test."
SR-00372,MR-00372,EQ-0207,TECH-0823,2025-01-15,Corrective,Day,15894,Boom Cylinder: Air ingress; observed symptom: travel function loses power on incline.,Visual inspection and pressure test,air entering suction line,replaced damaged hose and pressure-tested the circuit,No replacement part,Test passed; monitor during next shift,0.75,4.63,32428.13,2025-03-24,Closed,"Technician checked Boom Cylinder, recorded the reported symptom, performed the required service action, and completed a post-service test."
SR-00373,MR-00373,EQ-0092,TECH-0391,2023-11-22,Corrective,Day,11434,Engine Cooling System: Low pilot pressure; observed symptom: hydraulic flow is low at operating temperature.,Visual inspection and pressure test,contaminated hydraulic oil,checked accumulator pre-charge and restored it to service specification,Accumulator charging kit,Test passed; monitor during next shift,1.46,3.14,34402.29,2024-06-08,Closed,"Technician checked Engine Cooling System, recorded the reported symptom, performed the required service action, and completed a post-service test."
SR-00374,MR-00374,EQ-0050,TECH-0145,2024-05-21,Corrective,Evening,18048,Hydraulic Line: Cooler restriction; observed symptom: pilot pressure below expected range.,Visual inspection and pressure test,damaged hydraulic hose,checked pump output and inspected for internal leakage,Return filter element,Operational test passed,9.16,7.78,23669.68,2024-08-31,Closed,"Technician checked Hydraulic Line, recorded the reported symptom, performed the required service action, and completed a post-service test."
SR-00375,MR-00375,EQ-0178,TECH-0656,2025-02-25,Corrective,Day,17722,Hydraulic Line: Restricted flow; observed symptom: hydraulic oil appears contaminated.,Filter inspection and fluid condition check,restricted return filter,inspected valve spool movement and cleaned the valve assembly,Pilot filter,Functional test passed,5.18,7.35,60100.41,2025-04-26,Closed,"Technician checked Hydraulic Line, recorded the reported symptom, performed the required service action, and completed a post-service test."
SR-00376,MR-00376,EQ-0020,TECH-0330,2022-12-06,Corrective,Night,3171,Hydraulic Filter: Valve sticking; observed symptom: swing movement is slow.,Pressure and flow measurement,damaged hydraulic hose,checked accumulator pre-charge and restored it to service specification,Hydraulic hose,Pressure test passed,10.34,4.0,68285.21,2023-03-13,Closed,"Technician checked Hydraulic Filter, recorded the reported symptom, performed the required service action, and completed a post-service test."
SR-00377,MR-00377,EQ-0114,TECH-0257,2024-06-20,Condition-Based,Day,8824,Hydraulic Hose: Filter blockage; observed symptom: pilot pressure below expected range.,Filter inspection and fluid condition check,sticking spool valve,checked accumulator pre-charge and restored it to service specification,Accumulator charging kit,Functional test passed,6.12,8.44,35607.63,2025-01-06,Closed,"Technician checked Hydraulic Hose, recorded the reported symptom, performed the required service action, and completed a post-service test."
SR-00378,MR-00378,EQ-0060,TECH-0436,2023-04-19,Corrective,Day,3370,Hydraulic Filter: Pump wear; observed symptom: hydraulic response is jerky.,Leak inspection and functional test,restricted return filter,inspected suction line for air ingress and corrected the connection,Pump seal kit,Leak test passed,12.2,4.86,27366.23,2023-09-04,Closed,"Technician checked Hydraulic Filter, recorded the reported symptom, performed the required service action, and completed a post-service test."
SR-00379,MR-00379,EQ-0004,TECH-0641,2025-08-21,Preventive,Day,8853,Fuel System: Line restriction; observed symptom: reduced digging force.,Visual inspection and pressure test,air entering suction line,"drained contaminated oil, flushed circuit and refilled with filtered oil",Pump seal kit,Functional test passed,10.64,4.92,59054.17,2026-02-09,Closed,"Technician checked Fuel System, recorded the reported symptom, performed the required service action, and completed a post-service test."
SR-00380,MR-00380,EQ-0049,TECH-0576,2025-12-12,Preventive,Night,14396,Accumulator: Valve sticking; observed symptom: hydraulic oil appears contaminated.,Filter inspection and fluid condition check,restricted return filter,replaced restricted hydraulic filter and checked contamination source,Hydraulic hose,Test passed; monitor during next shift,3.17,2.03,38620.26,2026-05-17,Closed,"Technician checked Accumulator, recorded the reported symptom, performed the required service action, and completed a post-service test."
SR-00381,MR-00381,EQ-0188,TECH-0779,2025-08-18,Preventive,Evening,6504,Hydraulic Filter: Air ingress; observed symptom: reduced digging force.,Visual inspection and pressure test,restricted hydraulic line,replaced restricted hydraulic filter and checked contamination source,Return filter element,Leak test passed,11.99,2.3,60186.62,2025-10-28,Closed,"Technician checked Hydraulic Filter, recorded the reported symptom, performed the required service action, and completed a post-service test."
SR-00382,MR-00382,EQ-0160,TECH-0702,2024-08-26,Corrective,Night,10007,Swing Motor: Pump wear; observed symptom: pilot pressure below expected range.,Pressure and flow measurement,worn pump components,tested pilot pressure and inspected pilot circuit,Cooler gasket set,Functional test passed,14.4,4.97,29389.63,2024-12-08,Closed,"Technician checked Swing Motor, recorded the reported symptom, performed the required service action, and completed a post-service test."
SR-00383,MR-00383,EQ-0085,TECH-0104,2024-04-12,Corrective,Day,5503,Pilot Valve: Cylinder seal wear; observed symptom: arm movement slow after hydraulic oil warms.,Leak inspection and functional test,contaminated hydraulic oil,inspected hydraulic circuit and isolated the affected component,Valve O-rings,Pressure test passed,15.29,1.71,50113.32,2024-09-17,Closed,"Technician checked Pilot Valve, recorded the reported symptom, performed the required service action, and completed a post-service test."
SR-00384,MR-00384,EQ-0017,TECH-0204,2026-04-20,Corrective,Day,2778,Hydraulic Filter: Oil contamination; observed symptom: hydraulic oil appears contaminated.,Operational test under load,internal cylinder leakage,replaced restricted hydraulic filter and checked contamination source,Pilot filter,Pressure test passed,2.18,5.69,16948.6,2026-06-21,Closed,"Technician checked Hydraulic Filter, recorded the reported symptom, performed the required service action, and completed a post-service test."
SR-00385,MR-00385,EQ-0231,TECH-0143,2025-06-22,Corrective,Day,6829,Boom Cylinder: External leakage; observed symptom: arm movement slow after hydraulic oil warms.,Temperature and pressure checks,damaged hydraulic hose,replaced damaged hose and pressure-tested the circuit,Accumulator charging kit,Pressure test passed,9.52,0.25,26392.85,2025-09-01,Closed,"Technician checked Boom Cylinder, recorded the reported symptom, performed the required service action, and completed a post-service test."
SR-00386,MR-00386,EQ-0181,TECH-0922,2025-04-01,Preventive,Evening,2946,Hydraulic Hose: Internal leakage; observed symptom: hydraulic flow is low at operating temperature.,Operational test under load,damaged hydraulic hose,checked pump output and inspected for internal leakage,Hydraulic hose,Operational test passed,3.12,8.85,19247.96,2025-06-12,Closed,"Technician checked Hydraulic Hose, recorded the reported symptom, performed the required service action, and completed a post-service test."
SR-00387,MR-00387,EQ-0158,TECH-0153,2025-10-26,Corrective,Night,3388,Swing Motor: Low pilot pressure; observed symptom: boom movement slow under load.,Filter inspection and fluid condition check,low pilot supply pressure,checked accumulator pre-charge and restored it to service specification,Accumulator charging kit,Pressure test passed,1.13,7.06,6866.88,2025-12-20,Closed,"Technician checked Swing Motor, recorded the reported symptom, performed the required service action, and completed a post-service test."
SR-00388,MR-00388,EQ-0105,TECH-0320,2026-01-02,Inspection,Evening,4226,Fuel System: Hose failure; observed symptom: arm movement slow after hydraulic oil warms.,Filter inspection and fluid condition check,blocked cooler core,replaced damaged seal kit and performed leak test,Cooler gasket set,Leak test passed,5.99,2.25,60738.73,2026-07-21,Closed - Monitor,"Technician checked Fuel System, recorded the reported symptom, performed the required service action, and completed a post-service test."
SR-00389,MR-00389,EQ-0196,TECH-0079,2022-10-26,Corrective,Evening,11390,Hydraulic Line: Accumulator pressure loss; observed symptom: pump noise increases during operation.,Leak inspection and functional test,sticking spool valve,"drained contaminated oil, flushed circuit and refilled with filtered oil",Pump seal kit,Operational test passed,3.01,2.13,53677.51,2023-02-27,Closed - Monitor,"Technician checked Hydraulic Line, recorded the reported symptom, performed the required service action, and completed a post-service test."
SR-00390,MR-00390,EQ-0098,TECH-0555,2024-02-18,Corrective,Day,6624,Hydraulic Tank: Accumulator pressure loss; observed symptom: hydraulic response is jerky.,Pressure and flow measurement,internal cylinder leakage,checked pump output and inspected for internal leakage,No replacement part,Leak test passed,2.81,1.64,20059.3,2024-07-05,Closed,"Technician checked Hydraulic Tank, recorded the reported symptom, performed the required service action, and completed a post-service test."
SR-00391,MR-00391,EQ-0212,TECH-0331,2024-12-23,Corrective,Evening,10226,Pilot Valve: Internal leakage; observed symptom: reduced digging force.,Pressure and flow measurement,damaged hydraulic hose,replaced damaged hose and pressure-tested the circuit,Hydraulic line fittings,Pressure test passed,9.89,2.48,55634.65,2025-01-27,Closed,"Technician checked Pilot Valve, recorded the reported symptom, performed the required service action, and completed a post-service test."
SR-00392,MR-00392,EQ-0157,TECH-0193,2024-12-09,Condition-Based,Night,6156,Hydraulic Cooler: Overheating; observed symptom: boom movement slow under load.,Visual inspection and pressure test,high oil temperature,replaced damaged seal kit and performed leak test,Hydraulic oil,Pressure test passed,14.97,3.04,14861.52,2025-05-02,Closed - Monitor,"Technician checked Hydraulic Cooler, recorded the reported symptom, performed the required service action, and completed a post-service test."
SR-00393,MR-00393,EQ-0054,TECH-0921,2026-01-13,Preventive,Day,5253,Hydraulic Hose: Overheating; observed symptom: travel function loses power on incline.,Pressure and flow measurement,sticking spool valve,inspected valve spool movement and cleaned the valve assembly,Accumulator charging kit,Operational test passed,6.4,9.31,59064.76,2026-04-14,Closed,"Technician checked Hydraulic Hose, recorded the reported symptom, performed the required service action, and completed a post-service test."
SR-00394,MR-00394,EQ-0067,TECH-0635,2026-01-21,Corrective,Night,9690,Accumulator: Cooler restriction; observed symptom: visible oil leak near hydraulic line.,Leak inspection and functional test,degraded hydraulic fluid,checked accumulator pre-charge and restored it to service specification,Valve O-rings,Test passed; monitor during next shift,8.61,2.85,15581.44,2026-04-28,Closed,"Technician checked Accumulator, recorded the reported symptom, performed the required service action, and completed a post-service test."
SR-00395,MR-00395,EQ-0180,TECH-0502,2024-05-17,Condition-Based,Night,10740,Bucket Cylinder: Overheating; observed symptom: pump noise increases during operation.,Operational test under load,low pilot supply pressure,inspected hydraulic circuit and isolated the affected component,Pump seal kit,Test passed; monitor during next shift,7.27,2.45,8921.21,2024-07-17,Closed,"Technician checked Bucket Cylinder, recorded the reported symptom, performed the required service action, and completed a post-service test."
SR-00396,MR-00396,EQ-0035,TECH-0967,2022-05-12,Inspection,Day,16762,Fuel System: Low pilot pressure; observed symptom: visible oil leak near hydraulic line.,Temperature and pressure checks,contaminated hydraulic oil,inspected hydraulic circuit and isolated the affected component,Hydraulic hose,Operational test passed,4.43,3.61,44431.83,2022-11-16,Closed,"Technician checked Fuel System, recorded the reported symptom, performed the required service action, and completed a post-service test."
SR-00397,MR-00397,EQ-0117,TECH-0172,2023-10-20,Inspection,Evening,15157,Hydraulic Hose: Line restriction; observed symptom: bucket cylinder leaking externally.,Pressure and flow measurement,damaged cylinder seal,checked pump output and inspected for internal leakage,Hydraulic filter,Leak test passed,3.49,3.91,22186.37,2024-01-12,Closed - Monitor,"Technician checked Hydraulic Hose, recorded the reported symptom, performed the required service action, and completed a post-service test."
SR-00398,MR-00398,EQ-0208,TECH-0062,2026-02-26,Corrective,Evening,5022,Travel Motor: Internal leakage; observed symptom: reduced digging force.,Visual inspection and pressure test,blocked cooler core,replaced damaged seal kit and performed leak test,Return filter element,Pressure test passed,2.57,3.97,40482.73,2026-05-16,Closed,"Technician checked Travel Motor, recorded the reported symptom, performed the required service action, and completed a post-service test."
SR-00399,MR-00399,EQ-0118,TECH-0786,2023-03-30,Inspection,Evening,2170,Hydraulic Tank: Overheating; observed symptom: swing movement is slow.,Operational test under load,restricted return filter,checked pressure and flow at operating temperature,No replacement part,Functional test passed,8.49,2.37,27775.28,2023-06-05,Closed - Monitor,"Technician checked Hydraulic Tank, recorded the reported symptom, performed the required service action, and completed a post-service test."
SR-00400,MR-00400,EQ-0121,TECH-0896,2026-04-21,Corrective,Evening,9170,Main Control Valve: Cooler restriction; observed symptom: visible oil leak near hydraulic line.,Leak inspection and functional test,degraded hydraulic fluid,inspected valve spool movement and cleaned the valve assembly,Cylinder seal kit,Leak test passed,10.43,6.16,13746.27,2026-06-07,Closed,"Technician checked Main Control Valve, recorded the reported symptom, performed the required service action, and completed a post-service test."
SR-00401,MR-00401,EQ-0163,TECH-0743,2025-11-07,Corrective,Day,13101,Arm Cylinder: Overheating; observed symptom: arm movement slow after hydraulic oil warms.,Pressure and flow measurement,contaminated hydraulic oil,cleaned cooler and verified hydraulic oil temperature,Hydraulic oil,Operational test passed,7.55,1.28,59806.24,2026-02-25,Closed,"Technician checked Arm Cylinder, recorded the reported symptom, performed the required service action, and completed a post-service test."
SR-00402,MR-00402,EQ-0124,TECH-0439,2023-02-12,Corrective,Day,3806,Travel Motor: Overheating; observed symptom: hydraulic oil temperature rises during continuous operation.,Pressure and flow measurement,blocked cooler core,checked pressure and flow at operating temperature,Pilot filter,Operational test passed,6.95,1.56,58742.9,2023-04-30,Closed,"Technician checked Travel Motor, recorded the reported symptom, performed the required service action, and completed a post-service test."
SR-00403,MR-00403,EQ-0212,TECH-0489,2025-04-24,Corrective,Day,8396,Accumulator: Pump wear; observed symptom: hydraulic oil appears contaminated.,Leak inspection and functional test,restricted hydraulic line,replaced restricted hydraulic filter and checked contamination source,Hydraulic hose,Functional test passed,13.39,12.31,8845.5,2025-10-18,Closed - Monitor,"Technician checked Accumulator, recorded the reported symptom, performed the required service action, and completed a post-service test."
SR-00404,MR-00404,EQ-0036,TECH-0534,2024-10-30,Corrective,Day,14828,Bucket Cylinder: External leakage; observed symptom: arm movement slow after hydraulic oil warms.,Visual inspection and pressure test,contaminated hydraulic oil,checked pump output and inspected for internal leakage,No replacement part,Functional test passed,10.32,8.39,38307.02,2024-12-05,Closed - Monitor,"Technician checked Bucket Cylinder, recorded the reported symptom, performed the required service action, and completed a post-service test."
SR-00405,MR-00405,EQ-0102,TECH-0380,2022-02-19,Corrective,Evening,14937,Travel Motor: Line restriction; observed symptom: bucket will not open normally.,Temperature and pressure checks,sticking spool valve,cleaned cooler and verified hydraulic oil temperature,No replacement part,Operational test passed,8.11,3.39,44266.42,2022-05-14,Closed,"Technician checked Travel Motor, recorded the reported symptom, performed the required service action, and completed a post-service test."
SR-00406,MR-00406,EQ-0096,TECH-0954,2023-01-30,Corrective,Evening,12442,Hydraulic Tank: Line restriction; observed symptom: pump noise increases during operation.,Filter inspection and fluid condition check,sticking spool valve,replaced restricted hydraulic filter and checked contamination source,No replacement part,Functional test passed,3.86,3.66,32067.95,2023-05-09,Closed,"Technician checked Hydraulic Tank, recorded the reported symptom, performed the required service action, and completed a post-service test."
SR-00407,MR-00407,EQ-0124,TECH-0368,2025-05-07,Corrective,Day,3944,Arm Cylinder: Cooler restriction; observed symptom: bucket will not open normally.,Operational test under load,contaminated hydraulic oil,checked accumulator pre-charge and restored it to service specification,Pump seal kit,Pressure test passed,0.82,2.75,61233.73,2025-09-30,Closed,"Technician checked Arm Cylinder, recorded the reported symptom, performed the required service action, and completed a post-service test."
SR-00408,MR-00408,EQ-0235,TECH-0301,2025-08-16,Preventive,Evening,7580,Boom Cylinder: Line restriction; observed symptom: filter restriction indicator activated.,Leak inspection and functional test,blocked cooler core,inspected suction line for air ingress and corrected the connection,Hydraulic hose,Pressure test passed,3.03,1.78,11550.75,2025-09-28,Closed,"Technician checked Boom Cylinder, recorded the reported symptom, performed the required service action, and completed a post-service test."
SR-00409,MR-00409,EQ-0049,TECH-0567,2024-07-08,Condition-Based,Day,7645,Travel Motor: Valve sticking; observed symptom: arm movement slow after hydraulic oil warms.,Filter inspection and fluid condition check,low pilot supply pressure,replaced restricted hydraulic filter and checked contamination source,Hydraulic oil,Test passed; monitor during next shift,0.78,5.23,54160.39,2024-08-08,Closed,"Technician checked Travel Motor, recorded the reported symptom, performed the required service action, and completed a post-service test."
SR-00410,MR-00410,EQ-0035,TECH-0945,2024-04-15,Inspection,Day,17289,Bucket Cylinder: Low pilot pressure; observed symptom: boom movement slow under load.,Leak inspection and functional test,loss of accumulator pre-charge,checked accumulator pre-charge and restored it to service specification,Hydraulic filter,Pressure test passed,7.27,2.72,46203.19,2024-08-01,Closed,"Technician checked Bucket Cylinder, recorded the reported symptom, performed the required service action, and completed a post-service test."
SR-00411,MR-00411,EQ-0184,TECH-0863,2024-06-11,Corrective,Day,10745,Main Control Valve: Accumulator pressure loss; observed symptom: hydraulic flow is low at operating temperature.,Pressure and flow measurement,sticking spool valve,tested pilot pressure and inspected pilot circuit,Accumulator charging kit,Test passed; monitor during next shift,1.63,2.14,51952.53,2024-11-24,Closed,"Technician checked Main Control Valve, recorded the reported symptom, performed the required service action, and completed a post-service test."
SR-00412,MR-00412,EQ-0099,TECH-0148,2023-08-03,Inspection,Day,7625,Pilot Valve: Cooler restriction; observed symptom: swing movement is slow.,Visual inspection and pressure test,blocked cooler core,checked accumulator pre-charge and restored it to service specification,Valve O-rings,Test passed; monitor during next shift,1.55,8.48,8348.37,2023-09-19,Closed,"Technician checked Pilot Valve, recorded the reported symptom, performed the required service action, and completed a post-service test."
SR-00413,MR-00413,EQ-0216,TECH-0629,2026-08-25,Condition-Based,Evening,12156,Hydraulic Line: Restricted flow; observed symptom: hydraulic response is jerky.,Leak inspection and functional test,low pilot supply pressure,replaced damaged seal kit and performed leak test,Pump seal kit,Test passed; monitor during next shift,10.48,6.95,17252.58,2026-10-16,Closed,"Technician checked Hydraulic Line, recorded the reported symptom, performed the required service action, and completed a post-service test."
SR-00414,MR-00414,EQ-0124,TECH-0594,2023-05-23,Inspection,Day,16042,Fuel System: Internal leakage; observed symptom: arm movement slow after hydraulic oil warms.,Temperature and pressure checks,blocked cooler core,replaced damaged seal kit and performed leak test,Cylinder seal kit,Leak test passed,12.19,2.8,14826.98,2023-07-25,Closed,"Technician checked Fuel System, recorded the reported symptom, performed the required service action, and completed a post-service test."
SR-00415,MR-00415,EQ-0042,TECH-0738,2024-03-09,Condition-Based,Day,9172,Pilot Valve: Air ingress; observed symptom: hydraulic response is jerky.,Visual inspection and pressure test,blocked cooler core,replaced damaged seal kit and performed leak test,Cooler gasket set,Functional test passed,14.27,6.02,9813.1,2024-05-01,Closed,"Technician checked Pilot Valve, recorded the reported symptom, performed the required service action, and completed a post-service test."
SR-00416,MR-00416,EQ-0069,TECH-0737,2023-01-23,Condition-Based,Day,4173,Arm Cylinder: Cooler restriction; observed symptom: reduced digging force.,Operational test under load,damaged cylinder seal,tested pilot pressure and inspected pilot circuit,Accumulator charging kit,Test passed; monitor during next shift,2.72,0.25,34368.26,2023-05-17,Closed,"Technician checked Arm Cylinder, recorded the reported symptom, performed the required service action, and completed a post-service test."
SR-00417,MR-00417,EQ-0039,TECH-0929,2025-07-14,Corrective,Night,3073,Hydraulic Pump: Restricted flow; observed symptom: filter restriction indicator activated.,Leak inspection and functional test,restricted return filter,checked pressure and flow at operating temperature,Cooler gasket set,Test passed; monitor during next shift,12.24,5.89,70562.15,2025-12-10,Closed - Monitor,"Technician checked Hydraulic Pump, recorded the reported symptom, performed the required service action, and completed a post-service test."
SR-00418,MR-00418,EQ-0121,TECH-0472,2025-11-08,Corrective,Day,15363,Travel Motor: Valve sticking; observed symptom: boom movement slow under load.,Visual inspection and pressure test,sticking spool valve,cleaned cooler and verified hydraulic oil temperature,Return filter element,Operational test passed,7.16,3.93,63695.46,2026-02-20,Closed,"Technician checked Travel Motor, recorded the reported symptom, performed the required service action, and completed a post-service test."
SR-00419,MR-00419,EQ-0180,TECH-0494,2023-09-06,Condition-Based,Night,10430,Accumulator: Oil contamination; observed symptom: bucket cylinder leaking externally.,Leak inspection and functional test,internal cylinder leakage,replaced damaged seal kit and performed leak test,Hydraulic hose,Test passed; monitor during next shift,9.21,2.75,48003.78,2023-10-15,Closed,"Technician checked Accumulator, recorded the reported symptom, performed the required service action, and completed a post-service test."
SR-00420,MR-00420,EQ-0153,TECH-0043,2024-07-26,Preventive,Day,17058,Arm Cylinder: External leakage; observed symptom: swing movement is slow.,Pressure and flow measurement,air entering suction line,tested pilot pressure and inspected pilot circuit,Accumulator charging kit,Pressure test passed,2.43,6.35,16613.54,2024-10-01,Follow-up Required,"Technician checked Arm Cylinder, recorded the reported symptom, performed the required service action, and completed a post-service test."
SR-00421,MR-00421,EQ-0020,TECH-0158,2024-07-30,Corrective,Night,14517,Hydraulic Line: Filter blockage; observed symptom: visible oil leak near hydraulic line.,Leak inspection and functional test,high oil temperature,checked pressure and flow at operating temperature,Return filter element,Leak test passed,0.95,2.52,16939.01,2024-10-30,Closed,"Technician checked Hydraulic Line, recorded the reported symptom, performed the required service action, and completed a post-service test."
SR-00422,MR-00422,EQ-0168,TECH-0673,2023-01-19,Corrective,Night,16249,Fuel System: Restricted flow; observed symptom: hydraulic oil temperature rises during continuous operation.,Filter inspection and fluid condition check,restricted hydraulic line,checked pressure and flow at operating temperature,No replacement part,Test passed; monitor during next shift,7.36,2.5,55562.53,2023-06-11,Closed,"Technician checked Fuel System, recorded the reported symptom, performed the required service action, and completed a post-service test."
SR-00423,MR-00423,EQ-0054,TECH-0620,2023-05-17,Corrective,Night,1862,Travel Motor: Overheating; observed symptom: visible oil leak near hydraulic line.,Operational test under load,low pilot supply pressure,"drained contaminated oil, flushed circuit and refilled with filtered oil",Return filter element,Test passed; monitor during next shift,15.96,0.25,77208.19,2023-07-21,Follow-up Required,"Technician checked Travel Motor, recorded the reported symptom, performed the required service action, and completed a post-service test."
SR-00424,MR-00424,EQ-0137,TECH-0581,2022-11-27,Corrective,Day,7468,Swing Motor: Hose failure; observed symptom: pilot pressure below expected range.,Visual inspection and pressure test,sticking spool valve,replaced damaged hose and pressure-tested the circuit,Hydraulic oil,Test passed; monitor during next shift,8.59,3.38,51482.43,2023-02-06,Closed,"Technician checked Swing Motor, recorded the reported symptom, performed the required service action, and completed a post-service test."
SR-00425,MR-00425,EQ-0158,TECH-0206,2024-04-26,Corrective,Night,2021,Hydraulic Pump: Overheating; observed symptom: hydraulic oil appears contaminated.,Temperature and pressure checks,restricted return filter,replaced damaged hose and pressure-tested the circuit,Cylinder seal kit,Operational test passed,12.61,2.81,27586.0,2024-08-10,Closed,"Technician checked Hydraulic Pump, recorded the reported symptom, performed the required service action, and completed a post-service test."
SR-00426,MR-00426,EQ-0010,TECH-0872,2025-01-26,Preventive,Evening,18241,Hydraulic Pump: External leakage; observed symptom: swing movement is slow.,Visual inspection and pressure test,restricted hydraulic line,inspected suction line for air ingress and corrected the connection,Hydraulic hose,Leak test passed,8.53,4.7,35688.75,2025-03-08,Closed,"Technician checked Hydraulic Pump, recorded the reported symptom, performed the required service action, and completed a post-service test."
SR-00427,MR-00427,EQ-0237,TECH-0114,2022-08-30,Corrective,Evening,2786,Fuel System: Line restriction; observed symptom: boom movement slow under load.,Temperature and pressure checks,loss of accumulator pre-charge,replaced damaged seal kit and performed leak test,Hydraulic filter,Pressure test passed,3.15,6.46,56856.15,2023-03-13,Closed - Monitor,"Technician checked Fuel System, recorded the reported symptom, performed the required service action, and completed a post-service test."
SR-00428,MR-00428,EQ-0178,TECH-0740,2024-08-03,Corrective,Day,8537,Hydraulic Line: Air ingress; observed symptom: swing movement is slow.,Operational test under load,damaged cylinder seal,"drained contaminated oil, flushed circuit and refilled with filtered oil",Hydraulic hose,Pressure test passed,3.33,4.17,23111.47,2024-09-18,Closed,"Technician checked Hydraulic Line, recorded the reported symptom, performed the required service action, and completed a post-service test."
SR-00429,MR-00429,EQ-0076,TECH-0302,2025-07-17,Corrective,Night,17427,Hydraulic Pump: Pump wear; observed symptom: hydraulic flow is low at operating temperature.,Pressure and flow measurement,restricted hydraulic line,replaced damaged hose and pressure-tested the circuit,Hydraulic filter,Pressure test passed,14.59,3.05,62358.47,2025-09-16,Closed,"Technician checked Hydraulic Pump, recorded the reported symptom, performed the required service action, and completed a post-service test."
SR-00430,MR-00430,EQ-0109,TECH-0706,2023-02-26,Inspection,Day,13965,Hydraulic Pump: Filter blockage; observed symptom: visible oil leak near hydraulic line.,Visual inspection and pressure test,contaminated hydraulic oil,tested pilot pressure and inspected pilot circuit,Cooler gasket set,Functional test passed,14.01,5.0,13781.81,2023-08-17,Closed,"Technician checked Hydraulic Pump, recorded the reported symptom, performed the required service action, and completed a post-service test."
SR-00431,MR-00431,EQ-0025,TECH-0610,2024-03-08,Corrective,Night,9962,Fuel System: Low pilot pressure; observed symptom: boom movement slow under load.,Pressure and flow measurement,contaminated hydraulic oil,replaced damaged seal kit and performed leak test,Valve O-rings,Functional test passed,3.41,6.08,9526.41,2024-06-02,Closed,"Technician checked Fuel System, recorded the reported symptom, performed the required service action, and completed a post-service test."
SR-00432,MR-00432,EQ-0177,TECH-0640,2023-11-07,Corrective,Night,15153,Bucket Cylinder: Line restriction; observed symptom: reduced digging force.,Visual inspection and pressure test,damaged cylinder seal,checked accumulator pre-charge and restored it to service specification,Return filter element,Leak test passed,15.85,5.06,40030.3,2024-04-27,Closed,"Technician checked Bucket Cylinder, recorded the reported symptom, performed the required service action, and completed a post-service test."
SR-00433,MR-00433,EQ-0094,TECH-0970,2022-10-04,Preventive,Day,7324,Hydraulic Cooler: Overheating; observed symptom: travel function loses power on incline.,Leak inspection and functional test,damaged hydraulic hose,checked accumulator pre-charge and restored it to service specification,Pump seal kit,Functional test passed,5.35,5.74,12787.29,2022-12-20,Closed,"Technician checked Hydraulic Cooler, recorded the reported symptom, performed the required service action, and completed a post-service test."
SR-00434,MR-00434,EQ-0201,TECH-0203,2026-02-13,Corrective,Night,4358,Main Control Valve: Internal leakage; observed symptom: pump noise increases during operation.,Operational test under load,degraded hydraulic fluid,checked pressure and flow at operating temperature,Hydraulic hose,Leak test passed,8.9,0.25,41770.66,2026-05-20,Closed,"Technician checked Main Control Valve, recorded the reported symptom, performed the required service action, and completed a post-service test."
SR-00435,MR-00435,EQ-0068,TECH-0055,2025-12-22,Preventive,Day,14117,Arm Cylinder: Cooler restriction; observed symptom: hydraulic response is jerky.,Visual inspection and pressure test,low pilot supply pressure,checked pump output and inspected for internal leakage,Hydraulic oil,Pressure test passed,3.0,9.66,45076.84,2026-07-08,Closed,"Technician checked Arm Cylinder, recorded the reported symptom, performed the required service action, and completed a post-service test."
SR-00436,MR-00436,EQ-0108,TECH-0053,2026-06-03,Corrective,Evening,17288,Hydraulic Cooler: Oil contamination; observed symptom: visible oil leak near hydraulic line.,Visual inspection and pressure test,low pilot supply pressure,"drained contaminated oil, flushed circuit and refilled with filtered oil",Cylinder seal kit,Test passed; monitor during next shift,6.76,2.14,26254.82,2026-07-29,Closed,"Technician checked Hydraulic Cooler, recorded the reported symptom, performed the required service action, and completed a post-service test."
SR-00437,MR-00437,EQ-0042,TECH-0778,2024-06-05,Corrective,Day,3391,Hydraulic Hose: Accumulator pressure loss; observed symptom: pump noise increases during operation.,Visual inspection and pressure test,blocked cooler core,replaced restricted hydraulic filter and checked contamination source,Cooler gasket set,Functional test passed,11.53,2.15,29414.96,2024-07-09,Closed,"Technician checked Hydraulic Hose, recorded the reported symptom, performed the required service action, and completed a post-service test."
SR-00438,MR-00438,EQ-0160,TECH-0398,2023-09-19,Corrective,Evening,12899,Swing Motor: Valve sticking; observed symptom: reduced digging force.,Filter inspection and fluid condition check,contaminated hydraulic oil,"drained contaminated oil, flushed circuit and refilled with filtered oil",Valve O-rings,Operational test passed,13.72,0.25,16564.39,2023-11-24,Closed - Monitor,"Technician checked Swing Motor, recorded the reported symptom, performed the required service action, and completed a post-service test."
SR-00439,MR-00439,EQ-0006,TECH-0542,2022-07-30,Preventive,Evening,11769,Hydraulic Hose: Low pilot pressure; observed symptom: pump noise increases during operation.,Leak inspection and functional test,contaminated hydraulic oil,checked accumulator pre-charge and restored it to service specification,Cylinder seal kit,Functional test passed,12.73,3.14,26443.91,2022-08-30,Closed - Monitor,"Technician checked Hydraulic Hose, recorded the reported symptom, performed the required service action, and completed a post-service test."
SR-00440,MR-00440,EQ-0180,TECH-0232,2026-07-21,Corrective,Evening,12512,Main Control Valve: Line restriction; observed symptom: hydraulic oil appears contaminated.,Pressure and flow measurement,damaged cylinder seal,checked pressure and flow at operating temperature,No replacement part,Operational test passed,15.76,7.52,31114.65,2027-01-11,Closed,"Technician checked Main Control Valve, recorded the reported symptom, performed the required service action, and completed a post-service test."
SR-00441,MR-00441,EQ-0073,TECH-0968,2023-03-16,Condition-Based,Evening,2175,Travel Motor: Line restriction; observed symptom: travel function loses power on incline.,Leak inspection and functional test,damaged cylinder seal,cleaned cooler and verified hydraulic oil temperature,Pilot filter,Functional test passed,1.79,2.31,26052.14,2023-06-18,Closed,"Technician checked Travel Motor, recorded the reported symptom, performed the required service action, and completed a post-service test."
SR-00442,MR-00442,EQ-0035,TECH-0991,2026-06-19,Preventive,Day,15631,Travel Motor: External leakage; observed symptom: reduced digging force.,Operational test under load,worn pump components,inspected hydraulic circuit and isolated the affected component,Pump seal kit,Operational test passed,15.77,8.41,29135.34,2026-10-01,Closed,"Technician checked Travel Motor, recorded the reported symptom, performed the required service action, and completed a post-service test."
SR-00443,MR-00443,EQ-0170,TECH-0523,2025-09-12,Preventive,Evening,12780,Engine Cooling System: Overheating; observed symptom: hydraulic response is jerky.,Filter inspection and fluid condition check,damaged hydraulic hose,replaced damaged seal kit and performed leak test,Hydraulic line fittings,Test passed; monitor during next shift,10.55,12.12,31467.29,2026-01-20,Closed,"Technician checked Engine Cooling System, recorded the reported symptom, performed the required service action, and completed a post-service test."
SR-00444,MR-00444,EQ-0149,TECH-0968,2025-01-18,Corrective,Evening,11824,Hydraulic Filter: Low pilot pressure; observed symptom: bucket will not open normally.,Pressure and flow measurement,damaged cylinder seal,replaced damaged seal kit and performed leak test,Hydraulic line fittings,Functional test passed,14.78,6.99,53267.18,2025-04-11,Closed,"Technician checked Hydraulic Filter, recorded the reported symptom, performed the required service action, and completed a post-service test."
SR-00445,MR-00445,EQ-0097,TECH-0994,2023-03-17,Preventive,Evening,2582,Hydraulic Cooler: Internal leakage; observed symptom: pump noise increases during operation.,Visual inspection and pressure test,loss of accumulator pre-charge,replaced restricted hydraulic filter and checked contamination source,Cooler gasket set,Pressure test passed,10.12,6.75,30313.29,2023-10-09,Closed - Monitor,"Technician checked Hydraulic Cooler, recorded the reported symptom, performed the required service action, and completed a post-service test."
SR-00446,MR-00446,EQ-0206,TECH-0858,2022-01-12,Corrective,Night,3190,Boom Cylinder: Valve sticking; observed symptom: swing movement is slow.,Operational test under load,damaged hydraulic hose,replaced damaged seal kit and performed leak test,Hydraulic filter,Operational test passed,12.02,3.5,16857.58,2022-03-06,Closed,"Technician checked Boom Cylinder, recorded the reported symptom, performed the required service action, and completed a post-service test."
SR-00447,MR-00447,EQ-0211,TECH-0098,2025-08-17,Corrective,Night,4897,Engine Cooling System: Valve sticking; observed symptom: hydraulic flow is low at operating temperature.,Filter inspection and fluid condition check,internal cylinder leakage,tested pilot pressure and inspected pilot circuit,Hydraulic oil,Test passed; monitor during next shift,15.3,9.68,47614.37,2025-09-26,Closed,"Technician checked Engine Cooling System, recorded the reported symptom, performed the required service action, and completed a post-service test."
SR-00448,MR-00448,EQ-0224,TECH-0987,2026-04-25,Preventive,Night,7359,Swing Motor: Hose failure; observed symptom: reduced digging force.,Filter inspection and fluid condition check,air entering suction line,inspected valve spool movement and cleaned the valve assembly,Pilot filter,Pressure test passed,3.93,7.36,40092.5,2026-11-07,Closed,"Technician checked Swing Motor, recorded the reported symptom, performed the required service action, and completed a post-service test."
SR-00449,MR-00449,EQ-0199,TECH-0065,2026-07-13,Preventive,Day,10354,Boom Cylinder: Restricted flow; observed symptom: bucket will not open normally.,Visual inspection and pressure test,restricted return filter,checked pressure and flow at operating temperature,Hydraulic filter,Leak test passed,5.68,4.79,23080.28,2026-09-06,Closed,"Technician checked Boom Cylinder, recorded the reported symptom, performed the required service action, and completed a post-service test."
SR-00450,MR-00450,EQ-0053,TECH-0131,2023-02-18,Corrective,Evening,11473,Pilot Valve: Filter blockage; observed symptom: bucket cylinder leaking externally.,Operational test under load,loss of accumulator pre-charge,cleaned cooler and verified hydraulic oil temperature,Pilot filter,Test passed; monitor during next shift,8.7,0.25,54514.28,2023-04-06,Closed,"Technician checked Pilot Valve, recorded the reported symptom, performed the required service action, and completed a post-service test."
SR-00451,MR-00451,EQ-0180,TECH-0202,2022-07-21,Preventive,Day,6019,Travel Motor: Cylinder seal wear; observed symptom: hydraulic oil temperature rises during continuous operation.,Temperature and pressure checks,degraded hydraulic fluid,inspected valve spool movement and cleaned the valve assembly,Pump seal kit,Functional test passed,10.1,0.25,40226.55,2022-12-17,Follow-up Required,"Technician checked Travel Motor, recorded the reported symptom, performed the required service action, and completed a post-service test."
SR-00452,MR-00452,EQ-0204,TECH-0872,2026-03-19,Preventive,Evening,12292,Hydraulic Cooler: Air ingress; observed symptom: filter restriction indicator activated.,Visual inspection and pressure test,air entering suction line,inspected hydraulic circuit and isolated the affected component,Cylinder seal kit,Operational test passed,13.46,7.4,42492.16,2026-09-01,Closed,"Technician checked Hydraulic Cooler, recorded the reported symptom, performed the required service action, and completed a post-service test."
SR-00453,MR-00453,EQ-0154,TECH-0599,2025-03-13,Condition-Based,Evening,4614,Hydraulic Hose: Cylinder seal wear; observed symptom: hydraulic oil appears contaminated.,Pressure and flow measurement,loss of accumulator pre-charge,checked accumulator pre-charge and restored it to service specification,Pilot filter,Functional test passed,9.54,8.58,43835.14,2025-07-16,Closed - Monitor,"Technician checked Hydraulic Hose, recorded the reported symptom, performed the required service action, and completed a post-service test."
SR-00454,MR-00454,EQ-0208,TECH-0394,2024-02-15,Corrective,Day,6702,Hydraulic Filter: Air ingress; observed symptom: bucket cylinder leaking externally.,Operational test under load,worn pump components,tested pilot pressure and inspected pilot circuit,Cooler gasket set,Test passed; monitor during next shift,10.23,5.74,31364.29,2024-07-12,Closed,"Technician checked Hydraulic Filter, recorded the reported symptom, performed the required service action, and completed a post-service test."
SR-00455,MR-00455,EQ-0077,TECH-0607,2023-05-27,Corrective,Evening,11724,Travel Motor: Cooler restriction; observed symptom: swing movement is slow.,Temperature and pressure checks,high oil temperature,"drained contaminated oil, flushed circuit and refilled with filtered oil",Pump seal kit,Operational test passed,6.85,2.86,50019.47,2023-09-26,Closed,"Technician checked Travel Motor, recorded the reported symptom, performed the required service action, and completed a post-service test."
SR-00456,MR-00456,EQ-0135,TECH-0250,2026-01-04,Corrective,Day,11685,Arm Cylinder: Filter blockage; observed symptom: visible oil leak near hydraulic line.,Temperature and pressure checks,high oil temperature,tested pilot pressure and inspected pilot circuit,Cooler gasket set,Operational test passed,1.49,3.77,12481.92,2026-05-28,Closed,"Technician checked Arm Cylinder, recorded the reported symptom, performed the required service action, and completed a post-service test."
SR-00457,MR-00457,EQ-0007,TECH-0557,2023-09-22,Corrective,Evening,3316,Hydraulic Line: Hose failure; observed symptom: hydraulic response is jerky.,Filter inspection and fluid condition check,worn pump components,replaced damaged seal kit and performed leak test,Hydraulic filter,Leak test passed,11.47,8.17,52525.47,2024-03-05,Closed,"Technician checked Hydraulic Line, recorded the reported symptom, performed the required service action, and completed a post-service test."
SR-00458,MR-00458,EQ-0202,TECH-0010,2023-06-01,Inspection,Evening,3927,Swing Motor: Low pilot pressure; observed symptom: pump noise increases during operation.,Operational test under load,worn pump components,checked accumulator pre-charge and restored it to service specification,Accumulator charging kit,Leak test passed,10.79,4.99,7064.71,2023-08-31,Closed - Monitor,"Technician checked Swing Motor, recorded the reported symptom, performed the required service action, and completed a post-service test."
SR-00459,MR-00459,EQ-0085,TECH-0738,2026-01-17,Corrective,Day,11788,Pilot Valve: Air ingress; observed symptom: pump noise increases during operation.,Pressure and flow measurement,internal cylinder leakage,checked pump output and inspected for internal leakage,Pump seal kit,Pressure test passed,11.73,0.25,54672.78,2026-08-06,Closed,"Technician checked Pilot Valve, recorded the reported symptom, performed the required service action, and completed a post-service test."
SR-00460,MR-00460,EQ-0211,TECH-0832,2023-09-07,Corrective,Day,17819,Hydraulic Cooler: Hose failure; observed symptom: pilot pressure below expected range.,Operational test under load,restricted hydraulic line,replaced restricted hydraulic filter and checked contamination source,Accumulator charging kit,Leak test passed,8.5,12.38,37830.15,2023-12-02,Closed,"Technician checked Hydraulic Cooler, recorded the reported symptom, performed the required service action, and completed a post-service test."
SR-00461,MR-00461,EQ-0146,TECH-0125,2023-11-03,Condition-Based,Evening,16737,Pilot Valve: Cylinder seal wear; observed symptom: hydraulic oil temperature rises during continuous operation.,Temperature and pressure checks,internal cylinder leakage,checked pump output and inspected for internal leakage,Cylinder seal kit,Functional test passed,14.42,5.58,26090.31,2024-01-01,Closed,"Technician checked Pilot Valve, recorded the reported symptom, performed the required service action, and completed a post-service test."
SR-00462,MR-00462,EQ-0078,TECH-0844,2024-05-06,Preventive,Night,7630,Bucket Cylinder: Valve sticking; observed symptom: pilot pressure below expected range.,Pressure and flow measurement,loss of accumulator pre-charge,cleaned cooler and verified hydraulic oil temperature,Pilot filter,Functional test passed,3.09,5.61,61189.53,2024-10-08,Closed,"Technician checked Bucket Cylinder, recorded the reported symptom, performed the required service action, and completed a post-service test."
SR-00463,MR-00463,EQ-0113,TECH-0389,2024-08-10,Corrective,Night,10298,Hydraulic Cooler: Oil contamination; observed symptom: travel function loses power on incline.,Leak inspection and functional test,blocked cooler core,tested pilot pressure and inspected pilot circuit,Pilot filter,Pressure test passed,1.57,5.55,27925.43,2025-01-23,Closed,"Technician checked Hydraulic Cooler, recorded the reported symptom, performed the required service action, and completed a post-service test."
SR-00464,MR-00464,EQ-0162,TECH-0173,2024-12-03,Corrective,Evening,1826,Travel Motor: Oil contamination; observed symptom: arm movement slow after hydraulic oil warms.,Visual inspection and pressure test,degraded hydraulic fluid,inspected suction line for air ingress and corrected the connection,Valve O-rings,Leak test passed,12.27,4.61,41399.58,2025-06-22,Closed,"Technician checked Travel Motor, recorded the reported symptom, performed the required service action, and completed a post-service test."
SR-00465,MR-00465,EQ-0132,TECH-0325,2026-02-12,Preventive,Night,14535,Bucket Cylinder: Pump wear; observed symptom: reduced digging force.,Temperature and pressure checks,restricted hydraulic line,replaced damaged hose and pressure-tested the circuit,No replacement part,Leak test passed,7.08,7.31,27631.37,2026-08-01,Closed,"Technician checked Bucket Cylinder, recorded the reported symptom, performed the required service action, and completed a post-service test."
SR-00466,MR-00466,EQ-0083,TECH-0519,2025-10-05,Corrective,Evening,5385,Bucket Cylinder: Internal leakage; observed symptom: boom movement slow under load.,Temperature and pressure checks,blocked cooler core,"drained contaminated oil, flushed circuit and refilled with filtered oil",Hydraulic line fittings,Pressure test passed,12.77,5.09,68000.57,2026-04-15,Closed,"Technician checked Bucket Cylinder, recorded the reported symptom, performed the required service action, and completed a post-service test."
SR-00467,MR-00467,EQ-0087,TECH-0752,2024-11-09,Condition-Based,Day,17803,Fuel System: Restricted flow; observed symptom: reduced digging force.,Pressure and flow measurement,degraded hydraulic fluid,replaced damaged hose and pressure-tested the circuit,Hydraulic hose,Pressure test passed,7.19,7.65,21714.61,2024-12-27,Closed,"Technician checked Fuel System, recorded the reported symptom, performed the required service action, and completed a post-service test."
SR-00468,MR-00468,EQ-0006,TECH-0886,2026-05-24,Condition-Based,Day,4372,Arm Cylinder: Accumulator pressure loss; observed symptom: travel function loses power on incline.,Visual inspection and pressure test,restricted return filter,replaced restricted hydraulic filter and checked contamination source,Valve O-rings,Test passed; monitor during next shift,13.06,7.27,72595.43,2026-08-10,Closed - Monitor,"Technician checked Arm Cylinder, recorded the reported symptom, performed the required service action, and completed a post-service test."
SR-00469,MR-00469,EQ-0155,TECH-0222,2025-05-31,Corrective,Day,6389,Boom Cylinder: Pump wear; observed symptom: reduced digging force.,Temperature and pressure checks,worn pump components,inspected hydraulic circuit and isolated the affected component,Pilot filter,Test passed; monitor during next shift,7.68,0.25,36656.72,2025-08-25,Closed,"Technician checked Boom Cylinder, recorded the reported symptom, performed the required service action, and completed a post-service test."
SR-00470,MR-00470,EQ-0059,TECH-0843,2026-06-20,Preventive,Day,11724,Travel Motor: Valve sticking; observed symptom: hydraulic oil appears contaminated.,Leak inspection and functional test,loss of accumulator pre-charge,inspected suction line for air ingress and corrected the connection,Return filter element,Pressure test passed,15.32,5.88,37680.48,2026-12-08,Closed - Monitor,"Technician checked Travel Motor, recorded the reported symptom, performed the required service action, and completed a post-service test."
SR-00471,MR-00471,EQ-0185,TECH-0702,2023-04-19,Preventive,Night,13987,Boom Cylinder: Low pilot pressure; observed symptom: bucket will not open normally.,Leak inspection and functional test,loss of accumulator pre-charge,checked accumulator pre-charge and restored it to service specification,Pump seal kit,Operational test passed,11.9,4.43,36113.5,2023-10-25,Closed,"Technician checked Boom Cylinder, recorded the reported symptom, performed the required service action, and completed a post-service test."
SR-00472,MR-00472,EQ-0140,TECH-0668,2023-06-13,Preventive,Day,10792,Fuel System: Air ingress; observed symptom: reduced digging force.,Visual inspection and pressure test,restricted return filter,checked accumulator pre-charge and restored it to service specification,Pump seal kit,Functional test passed,13.18,5.41,78499.15,2023-12-15,Closed,"Technician checked Fuel System, recorded the reported symptom, performed the required service action, and completed a post-service test."
SR-00473,MR-00473,EQ-0092,TECH-0837,2023-08-25,Corrective,Night,3853,Hydraulic Cooler: Overheating; observed symptom: hydraulic flow is low at operating temperature.,Leak inspection and functional test,internal cylinder leakage,checked pressure and flow at operating temperature,Pump seal kit,Pressure test passed,2.36,4.96,15596.85,2024-01-03,Follow-up Required,"Technician checked Hydraulic Cooler, recorded the reported symptom, performed the required service action, and completed a post-service test."
SR-00474,MR-00474,EQ-0144,TECH-0464,2025-05-07,Preventive,Evening,14847,Swing Motor: Low pilot pressure; observed symptom: visible oil leak near hydraulic line.,Filter inspection and fluid condition check,low pilot supply pressure,checked pump output and inspected for internal leakage,Valve O-rings,Leak test passed,6.77,4.14,28021.1,2025-08-28,Closed,"Technician checked Swing Motor, recorded the reported symptom, performed the required service action, and completed a post-service test."
SR-00475,MR-00475,EQ-0166,TECH-0340,2023-08-11,Corrective,Night,4947,Hydraulic Tank: Oil contamination; observed symptom: travel function loses power on incline.,Leak inspection and functional test,loss of accumulator pre-charge,cleaned cooler and verified hydraulic oil temperature,Hydraulic oil,Pressure test passed,8.29,6.12,67936.55,2023-12-31,Closed,"Technician checked Hydraulic Tank, recorded the reported symptom, performed the required service action, and completed a post-service test."
SR-00476,MR-00476,EQ-0191,TECH-0775,2023-02-15,Condition-Based,Evening,4634,Fuel System: Cooler restriction; observed symptom: pilot pressure below expected range.,Pressure and flow measurement,degraded hydraulic fluid,checked pressure and flow at operating temperature,Valve O-rings,Leak test passed,12.47,7.47,36256.35,2023-05-13,Closed,"Technician checked Fuel System, recorded the reported symptom, performed the required service action, and completed a post-service test."
SR-00477,MR-00477,EQ-0109,TECH-0221,2023-05-31,Corrective,Evening,9751,Boom Cylinder: Valve sticking; observed symptom: arm movement slow after hydraulic oil warms.,Pressure and flow measurement,worn pump components,inspected valve spool movement and cleaned the valve assembly,No replacement part,Functional test passed,5.04,3.51,39908.13,2023-11-26,Closed - Monitor,"Technician checked Boom Cylinder, recorded the reported symptom, performed the required service action, and completed a post-service test."
SR-00478,MR-00478,EQ-0141,TECH-0406,2025-12-11,Preventive,Evening,9444,Main Control Valve: Oil contamination; observed symptom: travel function loses power on incline.,Operational test under load,damaged cylinder seal,inspected suction line for air ingress and corrected the connection,Hydraulic hose,Operational test passed,15.61,4.48,63676.55,2026-04-27,Closed - Monitor,"Technician checked Main Control Valve, recorded the reported symptom, performed the required service action, and completed a post-service test."
SR-00479,MR-00479,EQ-0097,TECH-0569,2024-08-11,Preventive,Night,9250,Travel Motor: Accumulator pressure loss; observed symptom: bucket cylinder leaking externally.,Operational test under load,blocked cooler core,replaced restricted hydraulic filter and checked contamination source,No replacement part,Leak test passed,14.62,1.09,40253.18,2025-01-10,Closed - Monitor,"Technician checked Travel Motor, recorded the reported symptom, performed the required service action, and completed a post-service test."
SR-00480,MR-00480,EQ-0178,TECH-0148,2025-04-07,Corrective,Day,11868,Hydraulic Cooler: Cooler restriction; observed symptom: visible oil leak near hydraulic line.,Filter inspection and fluid condition check,loss of accumulator pre-charge,checked accumulator pre-charge and restored it to service specification,Pilot filter,Leak test passed,9.04,3.86,60070.51,2025-09-19,Closed,"Technician checked Hydraulic Cooler, recorded the reported symptom, performed the required service action, and completed a post-service test."
SR-00481,MR-00481,EQ-0072,TECH-0490,2025-06-27,Corrective,Day,11339,Travel Motor: Hose failure; observed symptom: filter restriction indicator activated.,Temperature and pressure checks,internal cylinder leakage,checked accumulator pre-charge and restored it to service specification,Valve O-rings,Test passed; monitor during next shift,5.61,6.92,13833.8,2025-12-20,Closed,"Technician checked Travel Motor, recorded the reported symptom, performed the required service action, and completed a post-service test."
SR-00482,MR-00482,EQ-0201,TECH-0152,2026-03-11,Inspection,Day,4386,Swing Motor: Oil contamination; observed symptom: filter restriction indicator activated.,Pressure and flow measurement,damaged hydraulic hose,checked accumulator pre-charge and restored it to service specification,Pilot filter,Test passed; monitor during next shift,9.87,5.46,69571.03,2026-09-25,Closed,"Technician checked Swing Motor, recorded the reported symptom, performed the required service action, and completed a post-service test."
SR-00483,MR-00483,EQ-0199,TECH-0758,2026-08-07,Inspection,Evening,6274,Arm Cylinder: Overheating; observed symptom: arm movement slow after hydraulic oil warms.,Visual inspection and pressure test,worn pump components,inspected suction line for air ingress and corrected the connection,Hydraulic hose,Pressure test passed,5.69,6.04,62057.77,2027-03-01,Closed,"Technician checked Arm Cylinder, recorded the reported symptom, performed the required service action, and completed a post-service test."
SR-00484,MR-00484,EQ-0103,TECH-0254,2026-07-13,Corrective,Day,5005,Travel Motor: Low pilot pressure; observed symptom: pump noise increases during operation.,Leak inspection and functional test,worn pump components,tested pilot pressure and inspected pilot circuit,Cooler gasket set,Leak test passed,14.79,7.29,60312.9,2026-10-15,Closed - Monitor,"Technician checked Travel Motor, recorded the reported symptom, performed the required service action, and completed a post-service test."
SR-00485,MR-00485,EQ-0157,TECH-0586,2026-05-18,Corrective,Night,7291,Pilot Valve: Cylinder seal wear; observed symptom: pump noise increases during operation.,Temperature and pressure checks,worn pump components,cleaned cooler and verified hydraulic oil temperature,Hydraulic filter,Functional test passed,10.05,0.49,31235.01,2026-07-05,Closed,"Technician checked Pilot Valve, recorded the reported symptom, performed the required service action, and completed a post-service test."
SR-00486,MR-00486,EQ-0057,TECH-0558,2022-01-05,Corrective,Day,18074,Hydraulic Pump: Internal leakage; observed symptom: hydraulic oil appears contaminated.,Operational test under load,internal cylinder leakage,inspected suction line for air ingress and corrected the connection,Hydraulic line fittings,Test passed; monitor during next shift,10.07,6.91,14072.35,2022-05-12,Closed - Monitor,"Technician checked Hydraulic Pump, recorded the reported symptom, performed the required service action, and completed a post-service test."
SR-00487,MR-00487,EQ-0081,TECH-0632,2022-12-13,Condition-Based,Night,13772,Bucket Cylinder: Hose failure; observed symptom: filter restriction indicator activated.,Pressure and flow measurement,high oil temperature,inspected suction line for air ingress and corrected the connection,Hydraulic line fittings,Operational test passed,11.24,6.5,49561.28,2023-02-15,Closed,"Technician checked Bucket Cylinder, recorded the reported symptom, performed the required service action, and completed a post-service test."
SR-00488,MR-00488,EQ-0179,TECH-0998,2022-06-20,Corrective,Evening,10008,Hydraulic Hose: Overheating; observed symptom: bucket cylinder leaking externally.,Visual inspection and pressure test,blocked cooler core,inspected valve spool movement and cleaned the valve assembly,Pump seal kit,Leak test passed,9.88,4.95,15659.01,2022-10-02,Follow-up Required,"Technician checked Hydraulic Hose, recorded the reported symptom, performed the required service action, and completed a post-service test."
SR-00489,MR-00489,EQ-0181,TECH-0657,2023-01-09,Corrective,Evening,8866,Pilot Valve: Cylinder seal wear; observed symptom: hydraulic flow is low at operating temperature.,Operational test under load,contaminated hydraulic oil,cleaned cooler and verified hydraulic oil temperature,Return filter element,Leak test passed,6.42,6.52,17854.93,2023-07-23,Closed,"Technician checked Pilot Valve, recorded the reported symptom, performed the required service action, and completed a post-service test."
SR-00490,MR-00490,EQ-0021,TECH-0337,2024-09-10,Preventive,Night,17997,Hydraulic Line: Overheating; observed symptom: visible oil leak near hydraulic line.,Leak inspection and functional test,restricted hydraulic line,inspected valve spool movement and cleaned the valve assembly,Hydraulic hose,Pressure test passed,10.45,0.25,22886.09,2024-12-31,Closed,"Technician checked Hydraulic Line, recorded the reported symptom, performed the required service action, and completed a post-service test."
SR-00491,MR-00491,EQ-0207,TECH-0078,2026-08-22,Corrective,Day,8939,Accumulator: Internal leakage; observed symptom: travel function loses power on incline.,Leak inspection and functional test,worn pump components,tested pilot pressure and inspected pilot circuit,Cylinder seal kit,Operational test passed,9.9,5.94,35055.88,2027-03-04,Closed - Monitor,"Technician checked Accumulator, recorded the reported symptom, performed the required service action, and completed a post-service test."
SR-00492,MR-00492,EQ-0003,TECH-0893,2025-06-30,Preventive,Night,11924,Engine Cooling System: Internal leakage; observed symptom: travel function loses power on incline.,Operational test under load,contaminated hydraulic oil,inspected hydraulic circuit and isolated the affected component,Cylinder seal kit,Functional test passed,2.97,7.21,10417.18,2025-12-16,Follow-up Required,"Technician checked Engine Cooling System, recorded the reported symptom, performed the required service action, and completed a post-service test."
SR-00493,MR-00493,EQ-0091,TECH-0573,2025-01-11,Condition-Based,Evening,12470,Hydraulic Filter: Low pilot pressure; observed symptom: pilot pressure below expected range.,Pressure and flow measurement,air entering suction line,inspected hydraulic circuit and isolated the affected component,No replacement part,Functional test passed,5.97,2.48,11303.8,2025-07-08,Closed - Monitor,"Technician checked Hydraulic Filter, recorded the reported symptom, performed the required service action, and completed a post-service test."
SR-00494,MR-00494,EQ-0148,TECH-0082,2025-04-17,Corrective,Day,14644,Hydraulic Cooler: Overheating; observed symptom: hydraulic flow is low at operating temperature.,Temperature and pressure checks,internal cylinder leakage,tested pilot pressure and inspected pilot circuit,Hydraulic line fittings,Leak test passed,6.96,0.25,9578.32,2025-08-21,Closed - Monitor,"Technician checked Hydraulic Cooler, recorded the reported symptom, performed the required service action, and completed a post-service test."
SR-00495,MR-00495,EQ-0162,TECH-0738,2023-03-24,Corrective,Day,6479,Engine Cooling System: Low pilot pressure; observed symptom: hydraulic flow is low at operating temperature.,Filter inspection and fluid condition check,loss of accumulator pre-charge,checked pump output and inspected for internal leakage,Cylinder seal kit,Operational test passed,14.45,9.41,75199.99,2023-09-18,Closed,"Technician checked Engine Cooling System, recorded the reported symptom, performed the required service action, and completed a post-service test."
SR-00496,MR-00496,EQ-0091,TECH-0053,2025-08-03,Corrective,Evening,6175,Pilot Valve: Restricted flow; observed symptom: boom movement slow under load.,Pressure and flow measurement,worn pump components,checked pressure and flow at operating temperature,Return filter element,Test passed; monitor during next shift,7.05,2.75,65732.97,2026-01-13,Closed,"Technician checked Pilot Valve, recorded the reported symptom, performed the required service action, and completed a post-service test."
SR-00497,MR-00497,EQ-0193,TECH-0443,2025-05-05,Preventive,Evening,15246,Hydraulic Line: External leakage; observed symptom: pilot pressure below expected range.,Leak inspection and functional test,damaged cylinder seal,"drained contaminated oil, flushed circuit and refilled with filtered oil",Pump seal kit,Test passed; monitor during next shift,14.13,3.6,58002.49,2025-11-13,Closed,"Technician checked Hydraulic Line, recorded the reported symptom, performed the required service action, and completed a post-service test."
SR-00498,MR-00498,EQ-0170,TECH-0904,2024-11-10,Corrective,Day,5599,Accumulator: External leakage; observed symptom: arm movement slow after hydraulic oil warms.,Leak inspection and functional test,internal cylinder leakage,replaced damaged seal kit and performed leak test,Hydraulic hose,Operational test passed,11.89,5.67,65215.28,2025-03-31,Closed,"Technician checked Accumulator, recorded the reported symptom, performed the required service action, and completed a post-service test."
SR-00499,MR-00499,EQ-0149,TECH-0264,2026-08-14,Preventive,Night,6013,Boom Cylinder: Filter blockage; observed symptom: hydraulic oil appears contaminated.,Operational test under load,restricted hydraulic line,replaced restricted hydraulic filter and checked contamination source,Pump seal kit,Pressure test passed,12.45,2.85,15714.62,2027-02-15,Closed,"Technician checked Boom Cylinder, recorded the reported symptom, performed the required service action, and completed a post-service test."
SR-00500,MR-00500,EQ-0079,TECH-0517,2025-09-17,Corrective,Night,13243,Arm Cylinder: Valve sticking; observed symptom: boom movement slow under load.,Leak inspection and functional test,damaged cylinder seal,cleaned cooler and verified hydraulic oil temperature,Hydraulic filter,Operational test passed,12.75,2.84,63440.57,2026-01-09,Closed,"Technician checked Arm Cylinder, recorded the reported symptom, performed the required service action, and completed a post-service test."
SR-00501,MR-00501,EQ-0095,TECH-0816,2023-02-12,Preventive,Day,6451,Travel Motor: Filter blockage; observed symptom: swing movement is slow.,Visual inspection and pressure test,damaged cylinder seal,inspected suction line for air ingress and corrected the connection,Hydraulic line fittings,Leak test passed,10.53,0.25,23822.53,2023-04-26,Closed,"Technician checked Travel Motor, recorded the reported symptom, performed the required service action, and completed a post-service test."
SR-00502,MR-00502,EQ-0223,TECH-0911,2025-08-07,Corrective,Night,7440,Fuel System: Restricted flow; observed symptom: visible oil leak near hydraulic line.,Pressure and flow measurement,internal cylinder leakage,checked pump output and inspected for internal leakage,Cooler gasket set,Operational test passed,15.52,5.37,53720.92,2026-02-25,Closed,"Technician checked Fuel System, recorded the reported symptom, performed the required service action, and completed a post-service test."
SR-00503,MR-00503,EQ-0154,TECH-0089,2022-05-18,Corrective,Day,12283,Pilot Valve: Cylinder seal wear; observed symptom: hydraulic oil appears contaminated.,Visual inspection and pressure test,sticking spool valve,replaced restricted hydraulic filter and checked contamination source,Hydraulic oil,Operational test passed,15.17,4.1,22505.59,2022-08-04,Closed,"Technician checked Pilot Valve, recorded the reported symptom, performed the required service action, and completed a post-service test."
SR-00504,MR-00504,EQ-0140,TECH-0930,2026-08-01,Condition-Based,Night,6063,Fuel System: External leakage; observed symptom: visible oil leak near hydraulic line.,Filter inspection and fluid condition check,sticking spool valve,cleaned cooler and verified hydraulic oil temperature,Cooler gasket set,Functional test passed,9.91,4.61,12242.29,2027-02-22,Closed,"Technician checked Fuel System, recorded the reported symptom, performed the required service action, and completed a post-service test."
SR-00505,MR-00505,EQ-0104,TECH-0022,2025-03-16,Inspection,Day,2326,Swing Motor: Filter blockage; observed symptom: swing movement is slow.,Operational test under load,worn pump components,inspected hydraulic circuit and isolated the affected component,Valve O-rings,Functional test passed,13.55,3.78,30321.47,2025-08-17,Closed,"Technician checked Swing Motor, recorded the reported symptom, performed the required service action, and completed a post-service test."
SR-00506,MR-00506,EQ-0188,TECH-0086,2023-04-03,Condition-Based,Day,17536,Hydraulic Hose: Internal leakage; observed symptom: visible oil leak near hydraulic line.,Filter inspection and fluid condition check,contaminated hydraulic oil,checked pressure and flow at operating temperature,Hydraulic filter,Functional test passed,4.25,0.25,18248.8,2023-06-15,Closed,"Technician checked Hydraulic Hose, recorded the reported symptom, performed the required service action, and completed a post-service test."
SR-00507,MR-00507,EQ-0206,TECH-0778,2023-07-10,Inspection,Day,6577,Pilot Valve: Filter blockage; observed symptom: reduced digging force.,Operational test under load,damaged hydraulic hose,tested pilot pressure and inspected pilot circuit,Cooler gasket set,Pressure test passed,10.58,2.57,71745.67,2023-09-21,Closed,"Technician checked Pilot Valve, recorded the reported symptom, performed the required service action, and completed a post-service test."
SR-00508,MR-00508,EQ-0033,TECH-0629,2025-06-15,Preventive,Evening,5108,Bucket Cylinder: Line restriction; observed symptom: reduced digging force.,Temperature and pressure checks,restricted hydraulic line,inspected valve spool movement and cleaned the valve assembly,Cooler gasket set,Test passed; monitor during next shift,14.29,0.25,26285.66,2025-12-28,Closed,"Technician checked Bucket Cylinder, recorded the reported symptom, performed the required service action, and completed a post-service test."
SR-00509,MR-00509,EQ-0082,TECH-0328,2024-11-06,Corrective,Day,8592,Accumulator: Oil contamination; observed symptom: pump noise increases during operation.,Operational test under load,sticking spool valve,tested pilot pressure and inspected pilot circuit,Hydraulic line fittings,Functional test passed,2.95,7.68,37179.85,2025-05-16,Closed,"Technician checked Accumulator, recorded the reported symptom, performed the required service action, and completed a post-service test."
SR-00510,MR-00510,EQ-0045,TECH-0835,2022-12-28,Corrective,Evening,17044,Hydraulic Hose: Restricted flow; observed symptom: filter restriction indicator activated.,Operational test under load,loss of accumulator pre-charge,tested pilot pressure and inspected pilot circuit,Cooler gasket set,Operational test passed,10.59,10.65,43194.77,2023-02-25,Closed,"Technician checked Hydraulic Hose, recorded the reported symptom, performed the required service action, and completed a post-service test."
SR-00511,MR-00511,EQ-0111,TECH-0653,2023-09-03,Corrective,Evening,12675,Hydraulic Filter: Pump wear; observed symptom: bucket will not open normally.,Visual inspection and pressure test,restricted return filter,replaced damaged seal kit and performed leak test,Return filter element,Test passed; monitor during next shift,9.87,10.32,36719.88,2023-10-10,Closed,"Technician checked Hydraulic Filter, recorded the reported symptom, performed the required service action, and completed a post-service test."
SR-00512,MR-00512,EQ-0239,TECH-0265,2024-03-15,Inspection,Evening,12574,Pilot Valve: Accumulator pressure loss; observed symptom: bucket will not open normally.,Filter inspection and fluid condition check,low pilot supply pressure,replaced damaged hose and pressure-tested the circuit,Pump seal kit,Functional test passed,1.59,8.49,8327.5,2024-07-09,Closed,"Technician checked Pilot Valve, recorded the reported symptom, performed the required service action, and completed a post-service test."
SR-00513,MR-00513,EQ-0077,TECH-0461,2026-01-03,Preventive,Night,16232,Hydraulic Tank: Overheating; observed symptom: reduced digging force.,Pressure and flow measurement,damaged cylinder seal,checked accumulator pre-charge and restored it to service specification,Pilot filter,Test passed; monitor during next shift,12.76,8.68,55847.8,2026-07-02,Closed,"Technician checked Hydraulic Tank, recorded the reported symptom, performed the required service action, and completed a post-service test."
SR-00514,MR-00514,EQ-0141,TECH-0163,2025-05-19,Corrective,Night,5821,Travel Motor: Valve sticking; observed symptom: hydraulic oil appears contaminated.,Filter inspection and fluid condition check,damaged hydraulic hose,checked pressure and flow at operating temperature,Hydraulic line fittings,Leak test passed,13.45,1.17,49895.65,2025-07-20,Closed,"Technician checked Travel Motor, recorded the reported symptom, performed the required service action, and completed a post-service test."
SR-00515,MR-00515,EQ-0146,TECH-0200,2026-08-11,Corrective,Evening,11847,Hydraulic Tank: Internal leakage; observed symptom: travel function loses power on incline.,Temperature and pressure checks,sticking spool valve,tested pilot pressure and inspected pilot circuit,Pump seal kit,Test passed; monitor during next shift,14.73,2.33,49905.71,2027-03-03,Closed,"Technician checked Hydraulic Tank, recorded the reported symptom, performed the required service action, and completed a post-service test."
SR-00516,MR-00516,EQ-0009,TECH-0554,2024-11-06,Corrective,Evening,8940,Fuel System: Line restriction; observed symptom: bucket will not open normally.,Temperature and pressure checks,contaminated hydraulic oil,checked pump output and inspected for internal leakage,No replacement part,Operational test passed,15.23,0.25,57438.87,2024-12-26,Closed,"Technician checked Fuel System, recorded the reported symptom, performed the required service action, and completed a post-service test."
SR-00517,MR-00517,EQ-0065,TECH-0275,2022-09-04,Inspection,Day,14710,Boom Cylinder: Air ingress; observed symptom: travel function loses power on incline.,Operational test under load,low pilot supply pressure,"drained contaminated oil, flushed circuit and refilled with filtered oil",Pump seal kit,Test passed; monitor during next shift,9.06,0.93,59359.99,2022-12-19,Closed,"Technician checked Boom Cylinder, recorded the reported symptom, performed the required service action, and completed a post-service test."
SR-00518,MR-00518,EQ-0215,TECH-0144,2026-04-26,Inspection,Night,11334,Main Control Valve: Cylinder seal wear; observed symptom: hydraulic oil temperature rises during continuous operation.,Temperature and pressure checks,loss of accumulator pre-charge,checked accumulator pre-charge and restored it to service specification,Pump seal kit,Pressure test passed,7.2,4.61,40654.37,2026-05-31,Closed - Monitor,"Technician checked Main Control Valve, recorded the reported symptom, performed the required service action, and completed a post-service test."
SR-00519,MR-00519,EQ-0188,TECH-0077,2024-02-08,Corrective,Day,6800,Engine Cooling System: Cooler restriction; observed symptom: filter restriction indicator activated.,Visual inspection and pressure test,restricted return filter,"drained contaminated oil, flushed circuit and refilled with filtered oil",Hydraulic oil,Test passed; monitor during next shift,13.43,6.55,58024.59,2024-08-10,Closed,"Technician checked Engine Cooling System, recorded the reported symptom, performed the required service action, and completed a post-service test."
SR-00520,MR-00520,EQ-0134,TECH-0689,2023-12-08,Condition-Based,Day,8859,Hydraulic Tank: Air ingress; observed symptom: travel function loses power on incline.,Temperature and pressure checks,low pilot supply pressure,checked pressure and flow at operating temperature,Cylinder seal kit,Leak test passed,12.4,4.35,63770.98,2024-04-16,Closed,"Technician checked Hydraulic Tank, recorded the reported symptom, performed the required service action, and completed a post-service test."
SR-00521,MR-00521,EQ-0041,TECH-0822,2025-03-06,Corrective,Evening,14027,Engine Cooling System: Cylinder seal wear; observed symptom: hydraulic oil temperature rises during continuous operation.,Pressure and flow measurement,worn pump components,inspected hydraulic circuit and isolated the affected component,Accumulator charging kit,Operational test passed,8.64,4.9,41422.5,2025-06-30,Closed,"Technician checked Engine Cooling System, recorded the reported symptom, performed the required service action, and completed a post-service test."
SR-00522,MR-00522,EQ-0210,TECH-0196,2026-05-22,Corrective,Evening,9869,Boom Cylinder: Valve sticking; observed symptom: hydraulic response is jerky.,Visual inspection and pressure test,low pilot supply pressure,"drained contaminated oil, flushed circuit and refilled with filtered oil",Cylinder seal kit,Functional test passed,6.55,3.49,37410.24,2026-10-04,Closed,"Technician checked Boom Cylinder, recorded the reported symptom, performed the required service action, and completed a post-service test."
SR-00523,MR-00523,EQ-0016,TECH-0894,2024-10-03,Corrective,Day,11703,Fuel System: Valve sticking; observed symptom: swing movement is slow.,Leak inspection and functional test,low pilot supply pressure,replaced damaged hose and pressure-tested the circuit,No replacement part,Pressure test passed,5.75,2.72,6034.99,2025-04-09,Closed,"Technician checked Fuel System, recorded the reported symptom, performed the required service action, and completed a post-service test."
SR-00524,MR-00524,EQ-0148,TECH-0084,2023-02-24,Corrective,Day,16616,Arm Cylinder: Air ingress; observed symptom: bucket will not open normally.,Temperature and pressure checks,degraded hydraulic fluid,tested pilot pressure and inspected pilot circuit,Return filter element,Pressure test passed,4.96,1.61,43982.13,2023-07-27,Closed,"Technician checked Arm Cylinder, recorded the reported symptom, performed the required service action, and completed a post-service test."
SR-00525,MR-00525,EQ-0149,TECH-0238,2024-09-02,Corrective,Day,1850,Main Control Valve: Pump wear; observed symptom: bucket cylinder leaking externally.,Filter inspection and fluid condition check,sticking spool valve,inspected suction line for air ingress and corrected the connection,Cylinder seal kit,Pressure test passed,9.02,2.76,45454.52,2025-03-26,Closed,"Technician checked Main Control Valve, recorded the reported symptom, performed the required service action, and completed a post-service test."
SR-00526,MR-00526,EQ-0101,TECH-0274,2025-07-26,Corrective,Night,3716,Fuel System: Cylinder seal wear; observed symptom: pilot pressure below expected range.,Filter inspection and fluid condition check,restricted return filter,checked pressure and flow at operating temperature,Accumulator charging kit,Leak test passed,12.67,7.04,48983.13,2025-09-13,Follow-up Required,"Technician checked Fuel System, recorded the reported symptom, performed the required service action, and completed a post-service test."
SR-00527,MR-00527,EQ-0110,TECH-0358,2022-05-04,Condition-Based,Evening,2472,Accumulator: Restricted flow; observed symptom: hydraulic oil temperature rises during continuous operation.,Leak inspection and functional test,internal cylinder leakage,checked accumulator pre-charge and restored it to service specification,Pump seal kit,Operational test passed,9.93,6.04,31226.84,2022-11-11,Closed,"Technician checked Accumulator, recorded the reported symptom, performed the required service action, and completed a post-service test."
SR-00528,MR-00528,EQ-0155,TECH-0307,2023-03-17,Corrective,Evening,11768,Boom Cylinder: Internal leakage; observed symptom: hydraulic response is jerky.,Operational test under load,high oil temperature,replaced damaged hose and pressure-tested the circuit,Accumulator charging kit,Leak test passed,4.14,3.58,20216.23,2023-04-21,Closed,"Technician checked Boom Cylinder, recorded the reported symptom, performed the required service action, and completed a post-service test."
SR-00529,MR-00529,EQ-0042,TECH-0384,2024-06-25,Corrective,Evening,8727,Hydraulic Pump: Low pilot pressure; observed symptom: boom movement slow under load.,Visual inspection and pressure test,damaged cylinder seal,inspected hydraulic circuit and isolated the affected component,Accumulator charging kit,Functional test passed,5.31,0.71,56696.52,2024-10-27,Closed,"Technician checked Hydraulic Pump, recorded the reported symptom, performed the required service action, and completed a post-service test."
SR-00530,MR-00530,EQ-0126,TECH-0754,2026-04-07,Preventive,Day,3349,Swing Motor: Internal leakage; observed symptom: bucket will not open normally.,Filter inspection and fluid condition check,worn pump components,inspected valve spool movement and cleaned the valve assembly,Hydraulic hose,Operational test passed,0.95,9.88,53504.5,2026-07-25,Closed,"Technician checked Swing Motor, recorded the reported symptom, performed the required service action, and completed a post-service test."
SR-00531,MR-00531,EQ-0013,TECH-0324,2025-02-17,Corrective,Night,5723,Engine Cooling System: Pump wear; observed symptom: arm movement slow after hydraulic oil warms.,Temperature and pressure checks,blocked cooler core,checked accumulator pre-charge and restored it to service specification,Hydraulic hose,Functional test passed,2.78,6.78,65705.96,2025-09-10,Closed - Monitor,"Technician checked Engine Cooling System, recorded the reported symptom, performed the required service action, and completed a post-service test."
SR-00532,MR-00532,EQ-0085,TECH-0404,2024-01-05,Inspection,Day,16275,Engine Cooling System: Low pilot pressure; observed symptom: swing movement is slow.,Pressure and flow measurement,damaged hydraulic hose,checked pump output and inspected for internal leakage,Cooler gasket set,Test passed; monitor during next shift,9.38,3.9,43703.24,2024-04-09,Closed,"Technician checked Engine Cooling System, recorded the reported symptom, performed the required service action, and completed a post-service test."
SR-00533,MR-00533,EQ-0194,TECH-0862,2025-01-19,Corrective,Night,4252,Hydraulic Line: Accumulator pressure loss; observed symptom: filter restriction indicator activated.,Visual inspection and pressure test,high oil temperature,checked pressure and flow at operating temperature,Pump seal kit,Test passed; monitor during next shift,3.52,6.21,53655.32,2025-08-15,Closed - Monitor,"Technician checked Hydraulic Line, recorded the reported symptom, performed the required service action, and completed a post-service test."
SR-00534,MR-00534,EQ-0073,TECH-0232,2025-10-03,Corrective,Evening,6408,Pilot Valve: Accumulator pressure loss; observed symptom: arm movement slow after hydraulic oil warms.,Pressure and flow measurement,damaged cylinder seal,replaced restricted hydraulic filter and checked contamination source,Cooler gasket set,Operational test passed,7.34,6.79,14705.55,2026-04-22,Closed,"Technician checked Pilot Valve, recorded the reported symptom, performed the required service action, and completed a post-service test."
SR-00535,MR-00535,EQ-0231,TECH-0894,2022-06-27,Corrective,Day,14432,Swing Motor: Oil contamination; observed symptom: reduced digging force.,Filter inspection and fluid condition check,high oil temperature,tested pilot pressure and inspected pilot circuit,Hydraulic filter,Pressure test passed,10.97,1.66,52740.5,2022-09-05,Closed - Monitor,"Technician checked Swing Motor, recorded the reported symptom, performed the required service action, and completed a post-service test."
SR-00536,MR-00536,EQ-0142,TECH-0851,2025-12-09,Corrective,Night,12579,Hydraulic Cooler: Pump wear; observed symptom: bucket cylinder leaking externally.,Visual inspection and pressure test,degraded hydraulic fluid,replaced damaged seal kit and performed leak test,No replacement part,Leak test passed,12.95,1.44,60124.4,2026-03-19,Closed - Monitor,"Technician checked Hydraulic Cooler, recorded the reported symptom, performed the required service action, and completed a post-service test."
SR-00537,MR-00537,EQ-0104,TECH-0094,2026-05-21,Inspection,Evening,11223,Hydraulic Line: Oil contamination; observed symptom: bucket will not open normally.,Visual inspection and pressure test,loss of accumulator pre-charge,inspected suction line for air ingress and corrected the connection,Return filter element,Pressure test passed,13.84,9.85,65739.72,2026-12-01,Follow-up Required,"Technician checked Hydraulic Line, recorded the reported symptom, performed the required service action, and completed a post-service test."
SR-00538,MR-00538,EQ-0071,TECH-0686,2025-01-02,Inspection,Night,17920,Hydraulic Hose: Accumulator pressure loss; observed symptom: bucket cylinder leaking externally.,Leak inspection and functional test,loss of accumulator pre-charge,inspected valve spool movement and cleaned the valve assembly,Hydraulic hose,Operational test passed,1.06,4.96,12211.43,2025-04-23,Closed,"Technician checked Hydraulic Hose, recorded the reported symptom, performed the required service action, and completed a post-service test."
SR-00539,MR-00539,EQ-0163,TECH-0716,2023-10-16,Corrective,Day,7108,Swing Motor: Cylinder seal wear; observed symptom: filter restriction indicator activated.,Pressure and flow measurement,damaged cylinder seal,"drained contaminated oil, flushed circuit and refilled with filtered oil",Pump seal kit,Functional test passed,13.39,5.08,57632.81,2024-02-04,Closed,"Technician checked Swing Motor, recorded the reported symptom, performed the required service action, and completed a post-service test."
SR-00540,MR-00540,EQ-0153,TECH-0667,2025-04-25,Preventive,Evening,5196,Swing Motor: Hose failure; observed symptom: hydraulic flow is low at operating temperature.,Pressure and flow measurement,restricted return filter,inspected suction line for air ingress and corrected the connection,Return filter element,Leak test passed,6.7,0.25,6468.2,2025-09-15,Closed,"Technician checked Swing Motor, recorded the reported symptom, performed the required service action, and completed a post-service test."
SR-00541,MR-00541,EQ-0213,TECH-0465,2024-06-25,Condition-Based,Evening,10656,Fuel System: Accumulator pressure loss; observed symptom: travel function loses power on incline.,Filter inspection and fluid condition check,restricted return filter,"drained contaminated oil, flushed circuit and refilled with filtered oil",Pump seal kit,Pressure test passed,1.75,1.76,29963.89,2024-08-17,Closed - Monitor,"Technician checked Fuel System, recorded the reported symptom, performed the required service action, and completed a post-service test."
SR-00542,MR-00542,EQ-0035,TECH-0573,2022-11-11,Corrective,Evening,13410,Hydraulic Cooler: Hose failure; observed symptom: hydraulic flow is low at operating temperature.,Temperature and pressure checks,damaged hydraulic hose,checked accumulator pre-charge and restored it to service specification,Accumulator charging kit,Pressure test passed,12.88,4.52,47035.66,2022-12-21,Closed,"Technician checked Hydraulic Cooler, recorded the reported symptom, performed the required service action, and completed a post-service test."
SR-00543,MR-00543,EQ-0094,TECH-0413,2022-11-10,Corrective,Evening,17678,Hydraulic Tank: Hose failure; observed symptom: visible oil leak near hydraulic line.,Operational test under load,degraded hydraulic fluid,replaced damaged hose and pressure-tested the circuit,Hydraulic filter,Test passed; monitor during next shift,15.41,2.25,68823.4,2023-01-06,Closed,"Technician checked Hydraulic Tank, recorded the reported symptom, performed the required service action, and completed a post-service test."
SR-00544,MR-00544,EQ-0052,TECH-0794,2024-12-05,Corrective,Day,3583,Swing Motor: Internal leakage; observed symptom: reduced digging force.,Leak inspection and functional test,degraded hydraulic fluid,cleaned cooler and verified hydraulic oil temperature,Hydraulic hose,Functional test passed,6.34,4.71,16357.2,2025-05-17,Closed,"Technician checked Swing Motor, recorded the reported symptom, performed the required service action, and completed a post-service test."
SR-00545,MR-00545,EQ-0069,TECH-0401,2026-05-22,Corrective,Day,2510,Hydraulic Line: Pump wear; observed symptom: filter restriction indicator activated.,Filter inspection and fluid condition check,blocked cooler core,tested pilot pressure and inspected pilot circuit,No replacement part,Pressure test passed,9.33,0.25,38912.33,2026-12-04,Closed,"Technician checked Hydraulic Line, recorded the reported symptom, performed the required service action, and completed a post-service test."
SR-00546,MR-00546,EQ-0235,TECH-0417,2022-10-27,Corrective,Day,17760,Hydraulic Pump: Overheating; observed symptom: travel function loses power on incline.,Leak inspection and functional test,loss of accumulator pre-charge,replaced damaged seal kit and performed leak test,Return filter element,Leak test passed,9.8,4.47,65963.94,2023-01-19,Closed,"Technician checked Hydraulic Pump, recorded the reported symptom, performed the required service action, and completed a post-service test."
SR-00547,MR-00547,EQ-0232,TECH-0371,2023-11-01,Preventive,Night,7039,Travel Motor: Cylinder seal wear; observed symptom: visible oil leak near hydraulic line.,Pressure and flow measurement,air entering suction line,replaced restricted hydraulic filter and checked contamination source,Hydraulic hose,Leak test passed,12.19,4.56,25954.89,2024-01-25,Closed,"Technician checked Travel Motor, recorded the reported symptom, performed the required service action, and completed a post-service test."
SR-00548,MR-00548,EQ-0109,TECH-0297,2022-11-10,Preventive,Night,8979,Swing Motor: Hose failure; observed symptom: boom movement slow under load.,Leak inspection and functional test,restricted hydraulic line,inspected valve spool movement and cleaned the valve assembly,Pilot filter,Operational test passed,5.55,7.51,51405.33,2023-03-17,Closed - Monitor,"Technician checked Swing Motor, recorded the reported symptom, performed the required service action, and completed a post-service test."
SR-00549,MR-00549,EQ-0055,TECH-0261,2023-09-21,Preventive,Evening,6548,Hydraulic Cooler: Cooler restriction; observed symptom: hydraulic oil appears contaminated.,Operational test under load,worn pump components,replaced damaged seal kit and performed leak test,No replacement part,Functional test passed,9.96,6.99,16558.52,2023-10-31,Closed,"Technician checked Hydraulic Cooler, recorded the reported symptom, performed the required service action, and completed a post-service test."
SR-00550,MR-00550,EQ-0195,TECH-0301,2022-09-19,Condition-Based,Evening,5080,Hydraulic Tank: Pump wear; observed symptom: arm movement slow after hydraulic oil warms.,Pressure and flow measurement,contaminated hydraulic oil,"drained contaminated oil, flushed circuit and refilled with filtered oil",Hydraulic line fittings,Test passed; monitor during next shift,11.6,7.64,19347.92,2022-10-31,Closed,"Technician checked Hydraulic Tank, recorded the reported symptom, performed the required service action, and completed a post-service test."
SR-00551,MR-00551,EQ-0136,TECH-0261,2022-09-06,Corrective,Evening,7119,Hydraulic Cooler: Restricted flow; observed symptom: pilot pressure below expected range.,Pressure and flow measurement,worn pump components,tested pilot pressure and inspected pilot circuit,Pump seal kit,Functional test passed,12.2,7.3,54524.71,2022-11-24,Closed - Monitor,"Technician checked Hydraulic Cooler, recorded the reported symptom, performed the required service action, and completed a post-service test."
SR-00552,MR-00552,EQ-0191,TECH-0508,2026-05-30,Inspection,Day,9837,Engine Cooling System: Line restriction; observed symptom: travel function loses power on incline.,Filter inspection and fluid condition check,internal cylinder leakage,checked pressure and flow at operating temperature,Accumulator charging kit,Operational test passed,3.12,3.13,29213.73,2026-12-14,Closed,"Technician checked Engine Cooling System, recorded the reported symptom, performed the required service action, and completed a post-service test."
SR-00553,MR-00553,EQ-0014,TECH-0901,2023-10-18,Corrective,Night,5154,Accumulator: Restricted flow; observed symptom: pilot pressure below expected range.,Operational test under load,damaged cylinder seal,"drained contaminated oil, flushed circuit and refilled with filtered oil",Hydraulic hose,Operational test passed,13.1,9.85,26068.79,2023-11-28,Closed,"Technician checked Accumulator, recorded the reported symptom, performed the required service action, and completed a post-service test."
SR-00554,MR-00554,EQ-0154,TECH-0304,2025-06-06,Corrective,Evening,6620,Hydraulic Tank: Air ingress; observed symptom: travel function loses power on incline.,Pressure and flow measurement,low pilot supply pressure,cleaned cooler and verified hydraulic oil temperature,Pump seal kit,Functional test passed,7.69,0.87,53623.98,2025-07-16,Closed - Monitor,"Technician checked Hydraulic Tank, recorded the reported symptom, performed the required service action, and completed a post-service test."
SR-00555,MR-00555,EQ-0209,TECH-0316,2024-03-13,Corrective,Evening,1865,Engine Cooling System: Filter blockage; observed symptom: travel function loses power on incline.,Operational test under load,damaged cylinder seal,replaced restricted hydraulic filter and checked contamination source,Pilot filter,Leak test passed,9.38,0.82,8996.14,2024-04-22,Closed,"Technician checked Engine Cooling System, recorded the reported symptom, performed the required service action, and completed a post-service test."
SR-00556,MR-00556,EQ-0138,TECH-0073,2024-05-29,Condition-Based,Evening,6262,Engine Cooling System: Air ingress; observed symptom: hydraulic flow is low at operating temperature.,Visual inspection and pressure test,loss of accumulator pre-charge,checked pressure and flow at operating temperature,Return filter element,Functional test passed,5.02,5.38,42807.08,2024-09-19,Closed,"Technician checked Engine Cooling System, recorded the reported symptom, performed the required service action, and completed a post-service test."
SR-00557,MR-00557,EQ-0240,TECH-0006,2026-04-17,Inspection,Day,16560,Hydraulic Hose: Filter blockage; observed symptom: pump noise increases during operation.,Pressure and flow measurement,loss of accumulator pre-charge,"drained contaminated oil, flushed circuit and refilled with filtered oil",Hydraulic oil,Functional test passed,11.16,4.27,61659.73,2026-08-20,Closed,"Technician checked Hydraulic Hose, recorded the reported symptom, performed the required service action, and completed a post-service test."
SR-00558,MR-00558,EQ-0211,TECH-0826,2023-07-16,Condition-Based,Evening,10750,Engine Cooling System: Cylinder seal wear; observed symptom: reduced digging force.,Temperature and pressure checks,high oil temperature,checked pump output and inspected for internal leakage,Hydraulic oil,Leak test passed,4.93,5.33,63298.97,2024-01-18,Closed,"Technician checked Engine Cooling System, recorded the reported symptom, performed the required service action, and completed a post-service test."
SR-00559,MR-00559,EQ-0084,TECH-0216,2025-12-01,Corrective,Day,5392,Hydraulic Tank: Cylinder seal wear; observed symptom: bucket cylinder leaking externally.,Pressure and flow measurement,damaged cylinder seal,replaced damaged hose and pressure-tested the circuit,Valve O-rings,Functional test passed,14.88,0.41,33235.27,2026-04-16,Closed,"Technician checked Hydraulic Tank, recorded the reported symptom, performed the required service action, and completed a post-service test."
SR-00560,MR-00560,EQ-0093,TECH-0596,2023-02-14,Corrective,Day,2674,Accumulator: Filter blockage; observed symptom: hydraulic flow is low at operating temperature.,Temperature and pressure checks,air entering suction line,checked accumulator pre-charge and restored it to service specification,Pilot filter,Leak test passed,11.69,6.61,55728.4,2023-09-02,Closed - Monitor,"Technician checked Accumulator, recorded the reported symptom, performed the required service action, and completed a post-service test."
SR-00561,MR-00561,EQ-0041,TECH-0331,2024-03-08,Corrective,Evening,8373,Boom Cylinder: Internal leakage; observed symptom: pump noise increases during operation.,Filter inspection and fluid condition check,loss of accumulator pre-charge,tested pilot pressure and inspected pilot circuit,Hydraulic hose,Test passed; monitor during next shift,14.18,1.94,15999.86,2024-09-24,Closed - Monitor,"Technician checked Boom Cylinder, recorded the reported symptom, performed the required service action, and completed a post-service test."
SR-00562,MR-00562,EQ-0224,TECH-0604,2024-05-08,Condition-Based,Day,17988,Bucket Cylinder: External leakage; observed symptom: hydraulic oil temperature rises during continuous operation.,Temperature and pressure checks,damaged hydraulic hose,cleaned cooler and verified hydraulic oil temperature,Cylinder seal kit,Leak test passed,11.43,3.69,66624.16,2024-11-23,Closed - Monitor,"Technician checked Bucket Cylinder, recorded the reported symptom, performed the required service action, and completed a post-service test."
SR-00563,MR-00563,EQ-0090,TECH-0266,2025-06-29,Corrective,Evening,14780,Pilot Valve: Filter blockage; observed symptom: hydraulic flow is low at operating temperature.,Temperature and pressure checks,loss of accumulator pre-charge,checked pressure and flow at operating temperature,No replacement part,Pressure test passed,6.03,0.25,35874.16,2025-12-11,Closed - Monitor,"Technician checked Pilot Valve, recorded the reported symptom, performed the required service action, and completed a post-service test."
SR-00564,MR-00564,EQ-0014,TECH-0266,2022-08-06,Corrective,Evening,12727,Hydraulic Pump: Hose failure; observed symptom: hydraulic oil appears contaminated.,Leak inspection and functional test,contaminated hydraulic oil,inspected hydraulic circuit and isolated the affected component,Cylinder seal kit,Functional test passed,14.36,3.78,44054.22,2022-12-31,Closed,"Technician checked Hydraulic Pump, recorded the reported symptom, performed the required service action, and completed a post-service test."
SR-00565,MR-00565,EQ-0080,TECH-0097,2023-06-11,Corrective,Night,11954,Main Control Valve: Low pilot pressure; observed symptom: boom movement slow under load.,Leak inspection and functional test,restricted hydraulic line,inspected suction line for air ingress and corrected the connection,Cylinder seal kit,Functional test passed,6.12,5.51,48981.16,2023-12-16,Closed,"Technician checked Main Control Valve, recorded the reported symptom, performed the required service action, and completed a post-service test."
SR-00566,MR-00566,EQ-0072,TECH-0076,2022-09-23,Preventive,Day,2152,Hydraulic Line: Restricted flow; observed symptom: reduced digging force.,Filter inspection and fluid condition check,damaged hydraulic hose,cleaned cooler and verified hydraulic oil temperature,Accumulator charging kit,Pressure test passed,3.44,5.74,63413.53,2023-04-20,Closed,"Technician checked Hydraulic Line, recorded the reported symptom, performed the required service action, and completed a post-service test."
SR-00567,MR-00567,EQ-0184,TECH-0602,2022-08-04,Corrective,Night,5638,Fuel System: Overheating; observed symptom: hydraulic oil appears contaminated.,Filter inspection and fluid condition check,blocked cooler core,checked pump output and inspected for internal leakage,Cylinder seal kit,Operational test passed,12.2,7.04,49363.41,2022-11-01,Closed,"Technician checked Fuel System, recorded the reported symptom, performed the required service action, and completed a post-service test."
SR-00568,MR-00568,EQ-0162,TECH-0047,2026-06-10,Condition-Based,Night,16751,Swing Motor: Oil contamination; observed symptom: pilot pressure below expected range.,Filter inspection and fluid condition check,damaged hydraulic hose,replaced restricted hydraulic filter and checked contamination source,Hydraulic hose,Pressure test passed,2.38,5.2,4253.8,2026-11-26,Closed,"Technician checked Swing Motor, recorded the reported symptom, performed the required service action, and completed a post-service test."
SR-00569,MR-00569,EQ-0149,TECH-0228,2026-04-11,Preventive,Night,13524,Hydraulic Filter: Hose failure; observed symptom: travel function loses power on incline.,Filter inspection and fluid condition check,internal cylinder leakage,"drained contaminated oil, flushed circuit and refilled with filtered oil",Hydraulic hose,Operational test passed,11.41,4.36,48916.42,2026-07-23,Closed,"Technician checked Hydraulic Filter, recorded the reported symptom, performed the required service action, and completed a post-service test."
SR-00570,MR-00570,EQ-0209,TECH-0202,2026-03-16,Preventive,Day,13861,Hydraulic Pump: Pump wear; observed symptom: pump noise increases during operation.,Temperature and pressure checks,restricted hydraulic line,inspected hydraulic circuit and isolated the affected component,Pump seal kit,Test passed; monitor during next shift,11.75,3.79,28925.37,2026-09-09,Closed,"Technician checked Hydraulic Pump, recorded the reported symptom, performed the required service action, and completed a post-service test."
SR-00571,MR-00571,EQ-0157,TECH-0752,2023-04-04,Corrective,Day,3077,Hydraulic Hose: Cooler restriction; observed symptom: hydraulic response is jerky.,Visual inspection and pressure test,sticking spool valve,inspected valve spool movement and cleaned the valve assembly,Return filter element,Leak test passed,4.01,0.25,10933.73,2023-08-16,Closed,"Technician checked Hydraulic Hose, recorded the reported symptom, performed the required service action, and completed a post-service test."
SR-00572,MR-00572,EQ-0069,TECH-0668,2024-07-11,Corrective,Day,14948,Swing Motor: Internal leakage; observed symptom: pilot pressure below expected range.,Temperature and pressure checks,loss of accumulator pre-charge,inspected hydraulic circuit and isolated the affected component,Accumulator charging kit,Operational test passed,6.08,0.25,47161.98,2024-08-16,Closed,"Technician checked Swing Motor, recorded the reported symptom, performed the required service action, and completed a post-service test."
SR-00573,MR-00573,EQ-0141,TECH-0557,2024-07-27,Corrective,Evening,8575,Travel Motor: Valve sticking; observed symptom: pump noise increases during operation.,Pressure and flow measurement,contaminated hydraulic oil,checked accumulator pre-charge and restored it to service specification,Pilot filter,Functional test passed,8.53,5.44,47695.24,2025-01-15,Closed,"Technician checked Travel Motor, recorded the reported symptom, performed the required service action, and completed a post-service test."
SR-00574,MR-00574,EQ-0051,TECH-0331,2025-06-14,Corrective,Evening,14772,Fuel System: Low pilot pressure; observed symptom: hydraulic response is jerky.,Leak inspection and functional test,sticking spool valve,replaced restricted hydraulic filter and checked contamination source,Cooler gasket set,Test passed; monitor during next shift,11.9,2.31,50777.8,2025-11-03,Closed,"Technician checked Fuel System, recorded the reported symptom, performed the required service action, and completed a post-service test."
SR-00575,MR-00575,EQ-0177,TECH-0922,2024-03-22,Corrective,Evening,7571,Bucket Cylinder: Pump wear; observed symptom: arm movement slow after hydraulic oil warms.,Filter inspection and fluid condition check,contaminated hydraulic oil,inspected hydraulic circuit and isolated the affected component,Valve O-rings,Leak test passed,0.81,5.94,9980.09,2024-06-18,Closed,"Technician checked Bucket Cylinder, recorded the reported symptom, performed the required service action, and completed a post-service test."
SR-00576,MR-00576,EQ-0041,TECH-0209,2022-02-27,Preventive,Day,16430,Swing Motor: Cylinder seal wear; observed symptom: travel function loses power on incline.,Visual inspection and pressure test,internal cylinder leakage,replaced restricted hydraulic filter and checked contamination source,Return filter element,Functional test passed,12.54,2.56,51009.64,2022-07-29,Closed - Monitor,"Technician checked Swing Motor, recorded the reported symptom, performed the required service action, and completed a post-service test."
SR-00577,MR-00577,EQ-0067,TECH-0694,2025-12-26,Inspection,Day,10742,Hydraulic Tank: Overheating; observed symptom: reduced digging force.,Temperature and pressure checks,contaminated hydraulic oil,checked accumulator pre-charge and restored it to service specification,Hydraulic oil,Pressure test passed,3.32,6.02,54190.18,2026-06-24,Closed,"Technician checked Hydraulic Tank, recorded the reported symptom, performed the required service action, and completed a post-service test."
SR-00578,MR-00578,EQ-0156,TECH-0537,2023-04-23,Condition-Based,Evening,5801,Hydraulic Pump: Internal leakage; observed symptom: travel function loses power on incline.,Filter inspection and fluid condition check,contaminated hydraulic oil,checked pressure and flow at operating temperature,Cooler gasket set,Operational test passed,2.06,5.63,30472.33,2023-11-14,Follow-up Required,"Technician checked Hydraulic Pump, recorded the reported symptom, performed the required service action, and completed a post-service test."
SR-00579,MR-00579,EQ-0135,TECH-0017,2023-01-28,Condition-Based,Evening,12325,Pilot Valve: Cylinder seal wear; observed symptom: arm movement slow after hydraulic oil warms.,Operational test under load,damaged cylinder seal,cleaned cooler and verified hydraulic oil temperature,No replacement part,Functional test passed,2.28,7.96,64926.31,2023-06-13,Closed,"Technician checked Pilot Valve, recorded the reported symptom, performed the required service action, and completed a post-service test."
SR-00580,MR-00580,EQ-0100,TECH-0651,2022-06-19,Inspection,Evening,2902,Hydraulic Line: Overheating; observed symptom: visible oil leak near hydraulic line.,Temperature and pressure checks,loss of accumulator pre-charge,replaced restricted hydraulic filter and checked contamination source,Cylinder seal kit,Pressure test passed,1.02,0.25,49953.43,2022-12-20,Closed,"Technician checked Hydraulic Line, recorded the reported symptom, performed the required service action, and completed a post-service test."
SR-00581,MR-00581,EQ-0040,TECH-0926,2026-06-25,Corrective,Evening,15137,Arm Cylinder: Overheating; observed symptom: reduced digging force.,Filter inspection and fluid condition check,blocked cooler core,replaced restricted hydraulic filter and checked contamination source,Pilot filter,Operational test passed,6.02,2.84,12464.43,2027-01-02,Closed,"Technician checked Arm Cylinder, recorded the reported symptom, performed the required service action, and completed a post-service test."
SR-00582,MR-00582,EQ-0182,TECH-0558,2025-03-26,Corrective,Day,5062,Boom Cylinder: Cylinder seal wear; observed symptom: bucket cylinder leaking externally.,Filter inspection and fluid condition check,blocked cooler core,inspected valve spool movement and cleaned the valve assembly,Hydraulic filter,Functional test passed,8.33,4.95,35667.49,2025-09-13,Closed,"Technician checked Boom Cylinder, recorded the reported symptom, performed the required service action, and completed a post-service test."
SR-00583,MR-00583,EQ-0187,TECH-0272,2026-07-15,Corrective,Day,1897,Main Control Valve: Filter blockage; observed symptom: reduced digging force.,Temperature and pressure checks,degraded hydraulic fluid,replaced damaged hose and pressure-tested the circuit,Pump seal kit,Test passed; monitor during next shift,13.79,8.28,61591.29,2027-01-23,Closed,"Technician checked Main Control Valve, recorded the reported symptom, performed the required service action, and completed a post-service test."
SR-00584,MR-00584,EQ-0029,TECH-0268,2024-09-14,Corrective,Day,2042,Travel Motor: Restricted flow; observed symptom: arm movement slow after hydraulic oil warms.,Temperature and pressure checks,contaminated hydraulic oil,inspected suction line for air ingress and corrected the connection,Cylinder seal kit,Leak test passed,4.03,1.42,5262.93,2025-01-11,Closed - Monitor,"Technician checked Travel Motor, recorded the reported symptom, performed the required service action, and completed a post-service test."
SR-00585,MR-00585,EQ-0008,TECH-0713,2024-04-29,Corrective,Evening,13772,Hydraulic Filter: Line restriction; observed symptom: filter restriction indicator activated.,Operational test under load,degraded hydraulic fluid,checked pressure and flow at operating temperature,Hydraulic hose,Test passed; monitor during next shift,0.82,6.12,47351.42,2024-09-04,Closed - Monitor,"Technician checked Hydraulic Filter, recorded the reported symptom, performed the required service action, and completed a post-service test."
SR-00586,MR-00586,EQ-0177,TECH-0668,2022-12-04,Preventive,Day,16542,Travel Motor: External leakage; observed symptom: boom movement slow under load.,Temperature and pressure checks,damaged hydraulic hose,inspected hydraulic circuit and isolated the affected component,Pump seal kit,Operational test passed,2.17,5.54,32824.28,2023-06-27,Closed,"Technician checked Travel Motor, recorded the reported symptom, performed the required service action, and completed a post-service test."
SR-00587,MR-00587,EQ-0126,TECH-0319,2026-06-14,Preventive,Day,13799,Hydraulic Cooler: Cooler restriction; observed symptom: bucket will not open normally.,Visual inspection and pressure test,restricted hydraulic line,replaced damaged hose and pressure-tested the circuit,Pump seal kit,Test passed; monitor during next shift,2.44,1.18,24519.68,2026-07-21,Closed,"Technician checked Hydraulic Cooler, recorded the reported symptom, performed the required service action, and completed a post-service test."
SR-00588,MR-00588,EQ-0177,TECH-0146,2024-06-24,Preventive,Night,11746,Fuel System: Air ingress; observed symptom: pump noise increases during operation.,Temperature and pressure checks,damaged cylinder seal,checked pump output and inspected for internal leakage,Return filter element,Pressure test passed,5.77,8.41,18754.64,2025-01-07,Closed,"Technician checked Fuel System, recorded the reported symptom, performed the required service action, and completed a post-service test."
SR-00589,MR-00589,EQ-0044,TECH-0806,2022-07-24,Inspection,Evening,18287,Hydraulic Hose: Valve sticking; observed symptom: hydraulic flow is low at operating temperature.,Visual inspection and pressure test,degraded hydraulic fluid,replaced restricted hydraulic filter and checked contamination source,No replacement part,Leak test passed,6.44,4.73,33493.18,2022-09-21,Closed,"Technician checked Hydraulic Hose, recorded the reported symptom, performed the required service action, and completed a post-service test."
SR-00590,MR-00590,EQ-0115,TECH-0676,2026-06-04,Corrective,Day,14255,Hydraulic Filter: External leakage; observed symptom: hydraulic oil appears contaminated.,Operational test under load,sticking spool valve,replaced damaged seal kit and performed leak test,Valve O-rings,Leak test passed,14.46,1.17,55579.32,2026-10-29,Closed,"Technician checked Hydraulic Filter, recorded the reported symptom, performed the required service action, and completed a post-service test."
SR-00591,MR-00591,EQ-0087,TECH-0825,2026-02-09,Corrective,Day,7595,Hydraulic Hose: Pump wear; observed symptom: reduced digging force.,Pressure and flow measurement,restricted hydraulic line,tested pilot pressure and inspected pilot circuit,Return filter element,Leak test passed,10.36,1.76,54248.53,2026-04-02,Closed,"Technician checked Hydraulic Hose, recorded the reported symptom, performed the required service action, and completed a post-service test."
SR-00592,MR-00592,EQ-0044,TECH-0287,2025-11-29,Condition-Based,Evening,16583,Hydraulic Cooler: Internal leakage; observed symptom: bucket cylinder leaking externally.,Operational test under load,restricted hydraulic line,replaced restricted hydraulic filter and checked contamination source,Hydraulic line fittings,Pressure test passed,3.29,4.49,31311.71,2026-04-10,Closed,"Technician checked Hydraulic Cooler, recorded the reported symptom, performed the required service action, and completed a post-service test."
SR-00593,MR-00593,EQ-0069,TECH-0952,2023-07-01,Corrective,Evening,14176,Bucket Cylinder: Internal leakage; observed symptom: reduced digging force.,Temperature and pressure checks,internal cylinder leakage,cleaned cooler and verified hydraulic oil temperature,Hydraulic hose,Leak test passed,2.08,6.92,42460.77,2024-01-16,Closed,"Technician checked Bucket Cylinder, recorded the reported symptom, performed the required service action, and completed a post-service test."
SR-00594,MR-00594,EQ-0092,TECH-0223,2026-06-13,Corrective,Day,4681,Accumulator: Hose failure; observed symptom: pilot pressure below expected range.,Temperature and pressure checks,damaged hydraulic hose,inspected hydraulic circuit and isolated the affected component,No replacement part,Operational test passed,11.93,5.34,36670.0,2026-10-24,Closed,"Technician checked Accumulator, recorded the reported symptom, performed the required service action, and completed a post-service test."
SR-00595,MR-00595,EQ-0060,TECH-0210,2022-04-08,Inspection,Evening,11287,Hydraulic Line: Internal leakage; observed symptom: travel function loses power on incline.,Pressure and flow measurement,contaminated hydraulic oil,tested pilot pressure and inspected pilot circuit,Hydraulic hose,Leak test passed,4.19,6.32,61577.91,2022-06-13,Closed,"Technician checked Hydraulic Line, recorded the reported symptom, performed the required service action, and completed a post-service test."
SR-00596,MR-00596,EQ-0030,TECH-0346,2023-08-16,Inspection,Night,5514,Hydraulic Tank: Cylinder seal wear; observed symptom: visible oil leak near hydraulic line.,Leak inspection and functional test,restricted hydraulic line,inspected suction line for air ingress and corrected the connection,Cooler gasket set,Leak test passed,10.14,3.34,54387.58,2023-09-24,Closed,"Technician checked Hydraulic Tank, recorded the reported symptom, performed the required service action, and completed a post-service test."
SR-00597,MR-00597,EQ-0088,TECH-0469,2023-02-13,Corrective,Day,3218,Hydraulic Pump: Line restriction; observed symptom: hydraulic oil temperature rises during continuous operation.,Leak inspection and functional test,damaged cylinder seal,"drained contaminated oil, flushed circuit and refilled with filtered oil",Return filter element,Test passed; monitor during next shift,4.75,3.49,50957.11,2023-08-09,Follow-up Required,"Technician checked Hydraulic Pump, recorded the reported symptom, performed the required service action, and completed a post-service test."
SR-00598,MR-00598,EQ-0051,TECH-0344,2024-09-09,Condition-Based,Day,10570,Boom Cylinder: Oil contamination; observed symptom: hydraulic flow is low at operating temperature.,Operational test under load,restricted hydraulic line,tested pilot pressure and inspected pilot circuit,Return filter element,Test passed; monitor during next shift,10.83,10.84,20225.06,2024-12-28,Closed - Monitor,"Technician checked Boom Cylinder, recorded the reported symptom, performed the required service action, and completed a post-service test."
SR-00599,MR-00599,EQ-0115,TECH-0245,2022-12-04,Corrective,Night,10589,Engine Cooling System: Cooler restriction; observed symptom: travel function loses power on incline.,Pressure and flow measurement,loss of accumulator pre-charge,checked pump output and inspected for internal leakage,Pump seal kit,Test passed; monitor during next shift,3.95,4.66,48460.54,2023-05-17,Closed - Monitor,"Technician checked Engine Cooling System, recorded the reported symptom, performed the required service action, and completed a post-service test."
SR-00600,MR-00600,EQ-0178,TECH-0249,2025-09-24,Condition-Based,Night,4205,Accumulator: Pump wear; observed symptom: pump noise increases during operation.,Temperature and pressure checks,low pilot supply pressure,inspected suction line for air ingress and corrected the connection,Hydraulic oil,Pressure test passed,13.42,0.53,27989.58,2026-04-07,Closed,"Technician checked Accumulator, recorded the reported symptom, performed the required service action, and completed a post-service test."
SR-00601,MR-00601,EQ-0177,TECH-0519,2022-12-21,Corrective,Evening,12387,Hydraulic Pump: External leakage; observed symptom: arm movement slow after hydraulic oil warms.,Leak inspection and functional test,degraded hydraulic fluid,inspected valve spool movement and cleaned the valve assembly,Valve O-rings,Operational test passed,7.84,0.99,66009.47,2023-03-20,Closed,"Technician checked Hydraulic Pump, recorded the reported symptom, performed the required service action, and completed a post-service test."
SR-00602,MR-00602,EQ-0236,TECH-0595,2025-06-11,Inspection,Night,15144,Hydraulic Filter: Line restriction; observed symptom: pump noise increases during operation.,Pressure and flow measurement,sticking spool valve,checked accumulator pre-charge and restored it to service specification,Valve O-rings,Test passed; monitor during next shift,9.83,8.3,33065.69,2025-08-14,Closed,"Technician checked Hydraulic Filter, recorded the reported symptom, performed the required service action, and completed a post-service test."
SR-00603,MR-00603,EQ-0117,TECH-0029,2026-07-18,Corrective,Evening,3037,Hydraulic Hose: Internal leakage; observed symptom: travel function loses power on incline.,Temperature and pressure checks,damaged hydraulic hose,replaced damaged seal kit and performed leak test,Valve O-rings,Functional test passed,6.06,0.25,7637.04,2026-10-19,Closed,"Technician checked Hydraulic Hose, recorded the reported symptom, performed the required service action, and completed a post-service test."
SR-00604,MR-00604,EQ-0207,TECH-0936,2025-01-05,Corrective,Evening,2361,Hydraulic Hose: Oil contamination; observed symptom: reduced digging force.,Filter inspection and fluid condition check,loss of accumulator pre-charge,inspected hydraulic circuit and isolated the affected component,Cylinder seal kit,Leak test passed,1.24,2.49,20765.54,2025-03-07,Follow-up Required,"Technician checked Hydraulic Hose, recorded the reported symptom, performed the required service action, and completed a post-service test."
SR-00605,MR-00605,EQ-0215,TECH-0695,2025-04-22,Preventive,Day,13427,Hydraulic Tank: Cooler restriction; observed symptom: arm movement slow after hydraulic oil warms.,Operational test under load,sticking spool valve,inspected hydraulic circuit and isolated the affected component,Pump seal kit,Pressure test passed,14.01,5.44,65828.61,2025-08-02,Closed,"Technician checked Hydraulic Tank, recorded the reported symptom, performed the required service action, and completed a post-service test."
SR-00606,MR-00606,EQ-0006,TECH-0035,2025-09-25,Corrective,Day,15868,Bucket Cylinder: External leakage; observed symptom: pump noise increases during operation.,Temperature and pressure checks,internal cylinder leakage,inspected suction line for air ingress and corrected the connection,Hydraulic hose,Leak test passed,10.16,7.13,63992.57,2025-11-27,Closed,"Technician checked Bucket Cylinder, recorded the reported symptom, performed the required service action, and completed a post-service test."
SR-00607,MR-00607,EQ-0146,TECH-0864,2025-05-16,Preventive,Night,4682,Travel Motor: Oil contamination; observed symptom: filter restriction indicator activated.,Temperature and pressure checks,restricted return filter,replaced damaged hose and pressure-tested the circuit,Pump seal kit,Test passed; monitor during next shift,15.14,3.04,32549.68,2025-11-15,Closed,"Technician checked Travel Motor, recorded the reported symptom, performed the required service action, and completed a post-service test."
SR-00608,MR-00608,EQ-0053,TECH-0014,2023-01-26,Corrective,Night,11741,Bucket Cylinder: Cylinder seal wear; observed symptom: bucket will not open normally.,Filter inspection and fluid condition check,restricted hydraulic line,checked pressure and flow at operating temperature,Accumulator charging kit,Functional test passed,13.4,4.71,71600.85,2023-05-17,Closed,"Technician checked Bucket Cylinder, recorded the reported symptom, performed the required service action, and completed a post-service test."
SR-00609,MR-00609,EQ-0106,TECH-0624,2024-06-10,Preventive,Evening,17390,Fuel System: Restricted flow; observed symptom: visible oil leak near hydraulic line.,Temperature and pressure checks,damaged cylinder seal,tested pilot pressure and inspected pilot circuit,Hydraulic filter,Functional test passed,12.83,8.68,32815.41,2024-12-20,Closed,"Technician checked Fuel System, recorded the reported symptom, performed the required service action, and completed a post-service test."
SR-00610,MR-00610,EQ-0165,TECH-0034,2025-06-11,Corrective,Day,7858,Main Control Valve: External leakage; observed symptom: pump noise increases during operation.,Filter inspection and fluid condition check,low pilot supply pressure,inspected suction line for air ingress and corrected the connection,Hydraulic filter,Functional test passed,9.84,1.73,67199.89,2025-08-04,Follow-up Required,"Technician checked Main Control Valve, recorded the reported symptom, performed the required service action, and completed a post-service test."
SR-00611,MR-00611,EQ-0040,TECH-0781,2024-10-13,Corrective,Evening,5927,Hydraulic Tank: Cooler restriction; observed symptom: swing movement is slow.,Operational test under load,restricted hydraulic line,replaced restricted hydraulic filter and checked contamination source,Pilot filter,Pressure test passed,9.25,5.76,54958.65,2025-02-16,Closed,"Technician checked Hydraulic Tank, recorded the reported symptom, performed the required service action, and completed a post-service test."
SR-00612,MR-00612,EQ-0078,TECH-0428,2022-12-21,Corrective,Day,15250,Hydraulic Pump: Pump wear; observed symptom: swing movement is slow.,Filter inspection and fluid condition check,degraded hydraulic fluid,inspected valve spool movement and cleaned the valve assembly,Pilot filter,Leak test passed,7.42,4.7,41627.95,2023-05-19,Closed - Monitor,"Technician checked Hydraulic Pump, recorded the reported symptom, performed the required service action, and completed a post-service test."
SR-00613,MR-00613,EQ-0131,TECH-0434,2026-05-25,Corrective,Day,16051,Fuel System: Valve sticking; observed symptom: bucket cylinder leaking externally.,Leak inspection and functional test,degraded hydraulic fluid,cleaned cooler and verified hydraulic oil temperature,No replacement part,Functional test passed,3.55,6.81,65776.35,2026-09-11,Follow-up Required,"Technician checked Fuel System, recorded the reported symptom, performed the required service action, and completed a post-service test."
SR-00614,MR-00614,EQ-0027,TECH-0096,2022-01-25,Corrective,Evening,17856,Hydraulic Hose: Pump wear; observed symptom: hydraulic oil appears contaminated.,Pressure and flow measurement,low pilot supply pressure,checked accumulator pre-charge and restored it to service specification,Cylinder seal kit,Functional test passed,6.68,8.04,17308.36,2022-03-08,Closed,"Technician checked Hydraulic Hose, recorded the reported symptom, performed the required service action, and completed a post-service test."
SR-00615,MR-00615,EQ-0127,TECH-0142,2025-01-09,Inspection,Evening,17817,Accumulator: Cylinder seal wear; observed symptom: hydraulic oil temperature rises during continuous operation.,Temperature and pressure checks,damaged cylinder seal,inspected valve spool movement and cleaned the valve assembly,Hydraulic line fittings,Functional test passed,1.41,7.57,19408.79,2025-08-02,Follow-up Required,"Technician checked Accumulator, recorded the reported symptom, performed the required service action, and completed a post-service test."
SR-00616,MR-00616,EQ-0203,TECH-0210,2023-04-10,Corrective,Evening,12297,Engine Cooling System: Internal leakage; observed symptom: arm movement slow after hydraulic oil warms.,Temperature and pressure checks,damaged hydraulic hose,replaced damaged hose and pressure-tested the circuit,Hydraulic hose,Operational test passed,1.52,0.25,53497.27,2023-09-10,Closed,"Technician checked Engine Cooling System, recorded the reported symptom, performed the required service action, and completed a post-service test."
SR-00617,MR-00617,EQ-0195,TECH-0464,2025-01-05,Corrective,Evening,12637,Main Control Valve: Cooler restriction; observed symptom: reduced digging force.,Leak inspection and functional test,worn pump components,cleaned cooler and verified hydraulic oil temperature,Pilot filter,Operational test passed,7.3,6.43,18196.19,2025-07-25,Closed,"Technician checked Main Control Valve, recorded the reported symptom, performed the required service action, and completed a post-service test."
SR-00618,MR-00618,EQ-0046,TECH-0895,2025-07-15,Corrective,Evening,5310,Hydraulic Filter: External leakage; observed symptom: hydraulic response is jerky.,Leak inspection and functional test,loss of accumulator pre-charge,checked accumulator pre-charge and restored it to service specification,No replacement part,Test passed; monitor during next shift,11.5,4.15,70824.25,2026-02-02,Closed,"Technician checked Hydraulic Filter, recorded the reported symptom, performed the required service action, and completed a post-service test."
SR-00619,MR-00619,EQ-0151,TECH-0593,2026-06-20,Preventive,Day,4157,Hydraulic Pump: Valve sticking; observed symptom: arm movement slow after hydraulic oil warms.,Pressure and flow measurement,sticking spool valve,checked pump output and inspected for internal leakage,Hydraulic line fittings,Test passed; monitor during next shift,8.33,2.49,45854.48,2026-08-02,Closed - Monitor,"Technician checked Hydraulic Pump, recorded the reported symptom, performed the required service action, and completed a post-service test."
SR-00620,MR-00620,EQ-0146,TECH-0762,2022-07-09,Condition-Based,Day,5740,Swing Motor: Line restriction; observed symptom: swing movement is slow.,Pressure and flow measurement,degraded hydraulic fluid,replaced restricted hydraulic filter and checked contamination source,No replacement part,Leak test passed,11.05,7.19,10038.37,2022-11-12,Closed - Monitor,"Technician checked Swing Motor, recorded the reported symptom, performed the required service action, and completed a post-service test."
SR-00621,MR-00621,EQ-0144,TECH-0999,2025-01-24,Corrective,Day,8552,Arm Cylinder: Oil contamination; observed symptom: arm movement slow after hydraulic oil warms.,Pressure and flow measurement,worn pump components,inspected suction line for air ingress and corrected the connection,Valve O-rings,Pressure test passed,12.37,1.2,46900.79,2025-08-11,Closed,"Technician checked Arm Cylinder, recorded the reported symptom, performed the required service action, and completed a post-service test."
SR-00622,MR-00622,EQ-0213,TECH-0917,2024-05-01,Corrective,Day,6368,Pilot Valve: Cylinder seal wear; observed symptom: boom movement slow under load.,Leak inspection and functional test,degraded hydraulic fluid,tested pilot pressure and inspected pilot circuit,Accumulator charging kit,Pressure test passed,14.34,5.58,56067.65,2024-09-23,Closed,"Technician checked Pilot Valve, recorded the reported symptom, performed the required service action, and completed a post-service test."
SR-00623,MR-00623,EQ-0004,TECH-0350,2024-08-31,Corrective,Day,5166,Main Control Valve: Overheating; observed symptom: bucket will not open normally.,Leak inspection and functional test,sticking spool valve,checked accumulator pre-charge and restored it to service specification,No replacement part,Test passed; monitor during next shift,6.43,3.79,38292.41,2024-10-08,Closed,"Technician checked Main Control Valve, recorded the reported symptom, performed the required service action, and completed a post-service test."
SR-00624,MR-00624,EQ-0236,TECH-0242,2024-07-17,Preventive,Day,17135,Main Control Valve: Filter blockage; observed symptom: hydraulic response is jerky.,Filter inspection and fluid condition check,sticking spool valve,inspected valve spool movement and cleaned the valve assembly,No replacement part,Operational test passed,9.26,0.25,25459.06,2025-01-10,Closed,"Technician checked Main Control Valve, recorded the reported symptom, performed the required service action, and completed a post-service test."
SR-00625,MR-00625,EQ-0048,TECH-0154,2024-04-16,Corrective,Night,13169,Boom Cylinder: Air ingress; observed symptom: hydraulic oil appears contaminated.,Leak inspection and functional test,loss of accumulator pre-charge,cleaned cooler and verified hydraulic oil temperature,Return filter element,Test passed; monitor during next shift,7.4,4.72,70929.36,2024-09-12,Closed,"Technician checked Boom Cylinder, recorded the reported symptom, performed the required service action, and completed a post-service test."
SR-00626,MR-00626,EQ-0171,TECH-0807,2022-02-06,Inspection,Night,13604,Pilot Valve: Oil contamination; observed symptom: arm movement slow after hydraulic oil warms.,Filter inspection and fluid condition check,contaminated hydraulic oil,checked pressure and flow at operating temperature,Cylinder seal kit,Pressure test passed,3.32,0.25,33396.99,2022-08-17,Closed,"Technician checked Pilot Valve, recorded the reported symptom, performed the required service action, and completed a post-service test."
SR-00627,MR-00627,EQ-0179,TECH-0904,2022-05-07,Preventive,Day,3903,Arm Cylinder: Low pilot pressure; observed symptom: hydraulic oil temperature rises during continuous operation.,Visual inspection and pressure test,internal cylinder leakage,replaced damaged hose and pressure-tested the circuit,Hydraulic hose,Test passed; monitor during next shift,5.04,5.32,50321.07,2022-11-03,Closed - Monitor,"Technician checked Arm Cylinder, recorded the reported symptom, performed the required service action, and completed a post-service test."
SR-00628,MR-00628,EQ-0172,TECH-0743,2023-03-09,Condition-Based,Day,12054,Fuel System: Low pilot pressure; observed symptom: hydraulic oil appears contaminated.,Temperature and pressure checks,air entering suction line,cleaned cooler and verified hydraulic oil temperature,Pump seal kit,Pressure test passed,12.34,7.93,72595.41,2023-06-03,Closed - Monitor,"Technician checked Fuel System, recorded the reported symptom, performed the required service action, and completed a post-service test."
SR-00629,MR-00629,EQ-0144,TECH-0215,2022-02-03,Inspection,Evening,7890,Bucket Cylinder: Overheating; observed symptom: travel function loses power on incline.,Operational test under load,low pilot supply pressure,checked accumulator pre-charge and restored it to service specification,Hydraulic line fittings,Pressure test passed,13.12,6.55,44567.74,2022-05-11,Follow-up Required,"Technician checked Bucket Cylinder, recorded the reported symptom, performed the required service action, and completed a post-service test."
SR-00630,MR-00630,EQ-0149,TECH-0551,2022-03-20,Corrective,Day,8013,Hydraulic Hose: Valve sticking; observed symptom: hydraulic oil temperature rises during continuous operation.,Temperature and pressure checks,damaged hydraulic hose,tested pilot pressure and inspected pilot circuit,Hydraulic line fittings,Functional test passed,11.75,5.07,71302.86,2022-06-04,Closed,"Technician checked Hydraulic Hose, recorded the reported symptom, performed the required service action, and completed a post-service test."
SR-00631,MR-00631,EQ-0067,TECH-0730,2024-10-13,Corrective,Night,6455,Hydraulic Hose: Valve sticking; observed symptom: hydraulic oil appears contaminated.,Filter inspection and fluid condition check,internal cylinder leakage,inspected suction line for air ingress and corrected the connection,Hydraulic oil,Pressure test passed,3.29,3.0,51496.13,2025-02-16,Closed,"Technician checked Hydraulic Hose, recorded the reported symptom, performed the required service action, and completed a post-service test."
SR-00632,MR-00632,EQ-0130,TECH-0092,2025-10-16,Corrective,Evening,17427,Accumulator: Hose failure; observed symptom: travel function loses power on incline.,Operational test under load,damaged hydraulic hose,checked pressure and flow at operating temperature,Hydraulic hose,Test passed; monitor during next shift,2.12,0.25,4164.62,2025-12-20,Closed - Monitor,"Technician checked Accumulator, recorded the reported symptom, performed the required service action, and completed a post-service test."
SR-00633,MR-00633,EQ-0035,TECH-0293,2025-11-11,Corrective,Evening,10144,Hydraulic Pump: Restricted flow; observed symptom: travel function loses power on incline.,Leak inspection and functional test,blocked cooler core,replaced damaged hose and pressure-tested the circuit,No replacement part,Test passed; monitor during next shift,5.97,5.65,64895.58,2026-06-02,Closed,"Technician checked Hydraulic Pump, recorded the reported symptom, performed the required service action, and completed a post-service test."
SR-00634,MR-00634,EQ-0053,TECH-0564,2026-07-07,Inspection,Day,4113,Bucket Cylinder: Filter blockage; observed symptom: visible oil leak near hydraulic line.,Operational test under load,contaminated hydraulic oil,"drained contaminated oil, flushed circuit and refilled with filtered oil",Valve O-rings,Leak test passed,4.68,5.19,52255.75,2026-11-09,Follow-up Required,"Technician checked Bucket Cylinder, recorded the reported symptom, performed the required service action, and completed a post-service test."
SR-00635,MR-00635,EQ-0135,TECH-0679,2024-10-12,Corrective,Evening,13556,Boom Cylinder: Restricted flow; observed symptom: boom movement slow under load.,Leak inspection and functional test,low pilot supply pressure,checked accumulator pre-charge and restored it to service specification,No replacement part,Pressure test passed,3.04,6.03,22417.88,2024-12-20,Closed,"Technician checked Boom Cylinder, recorded the reported symptom, performed the required service action, and completed a post-service test."
SR-00636,MR-00636,EQ-0010,TECH-0251,2026-07-27,Corrective,Evening,4577,Travel Motor: Oil contamination; observed symptom: boom movement slow under load.,Leak inspection and functional test,damaged cylinder seal,"drained contaminated oil, flushed circuit and refilled with filtered oil",Pump seal kit,Leak test passed,8.46,4.88,51430.8,2027-01-16,Closed,"Technician checked Travel Motor, recorded the reported symptom, performed the required service action, and completed a post-service test."
SR-00637,MR-00637,EQ-0144,TECH-0330,2025-06-28,Corrective,Night,3678,Engine Cooling System: Restricted flow; observed symptom: hydraulic oil temperature rises during continuous operation.,Operational test under load,internal cylinder leakage,tested pilot pressure and inspected pilot circuit,Accumulator charging kit,Leak test passed,10.29,0.25,68911.32,2025-09-02,Closed,"Technician checked Engine Cooling System, recorded the reported symptom, performed the required service action, and completed a post-service test."
SR-00638,MR-00638,EQ-0089,TECH-0383,2025-10-31,Preventive,Day,3989,Boom Cylinder: Cylinder seal wear; observed symptom: visible oil leak near hydraulic line.,Filter inspection and fluid condition check,degraded hydraulic fluid,cleaned cooler and verified hydraulic oil temperature,Hydraulic oil,Operational test passed,11.37,0.6,54784.77,2026-04-19,Closed,"Technician checked Boom Cylinder, recorded the reported symptom, performed the required service action, and completed a post-service test."
SR-00639,MR-00639,EQ-0172,TECH-0542,2024-12-06,Corrective,Evening,11138,Bucket Cylinder: External leakage; observed symptom: reduced digging force.,Leak inspection and functional test,worn pump components,checked pump output and inspected for internal leakage,Hydraulic filter,Test passed; monitor during next shift,6.85,7.73,56301.15,2025-05-23,Closed,"Technician checked Bucket Cylinder, recorded the reported symptom, performed the required service action, and completed a post-service test."
SR-00640,MR-00640,EQ-0087,TECH-0112,2025-04-13,Corrective,Night,15000,Accumulator: External leakage; observed symptom: visible oil leak near hydraulic line.,Visual inspection and pressure test,blocked cooler core,cleaned cooler and verified hydraulic oil temperature,Cooler gasket set,Leak test passed,12.72,7.5,38349.11,2025-07-05,Closed,"Technician checked Accumulator, recorded the reported symptom, performed the required service action, and completed a post-service test."
SR-00641,MR-00641,EQ-0212,TECH-0627,2022-08-26,Corrective,Night,3721,Main Control Valve: Valve sticking; observed symptom: arm movement slow after hydraulic oil warms.,Operational test under load,damaged cylinder seal,checked pump output and inspected for internal leakage,Return filter element,Operational test passed,12.03,3.16,41638.72,2022-10-07,Closed,"Technician checked Main Control Valve, recorded the reported symptom, performed the required service action, and completed a post-service test."
SR-00642,MR-00642,EQ-0027,TECH-0958,2023-10-20,Condition-Based,Evening,4078,Hydraulic Hose: Low pilot pressure; observed symptom: hydraulic oil appears contaminated.,Temperature and pressure checks,damaged cylinder seal,"drained contaminated oil, flushed circuit and refilled with filtered oil",Hydraulic line fittings,Operational test passed,6.18,2.43,65897.04,2024-03-07,Closed,"Technician checked Hydraulic Hose, recorded the reported symptom, performed the required service action, and completed a post-service test."
SR-00643,MR-00643,EQ-0163,TECH-0796,2024-10-03,Corrective,Day,14917,Swing Motor: Hose failure; observed symptom: arm movement slow after hydraulic oil warms.,Leak inspection and functional test,restricted return filter,checked pump output and inspected for internal leakage,No replacement part,Test passed; monitor during next shift,15.02,4.39,12867.16,2025-04-16,Closed,"Technician checked Swing Motor, recorded the reported symptom, performed the required service action, and completed a post-service test."
SR-00644,MR-00644,EQ-0103,TECH-0952,2022-10-07,Corrective,Evening,17928,Hydraulic Cooler: Cooler restriction; observed symptom: visible oil leak near hydraulic line.,Pressure and flow measurement,low pilot supply pressure,inspected valve spool movement and cleaned the valve assembly,Pump seal kit,Pressure test passed,3.09,3.38,20557.19,2022-11-25,Closed,"Technician checked Hydraulic Cooler, recorded the reported symptom, performed the required service action, and completed a post-service test."
SR-00645,MR-00645,EQ-0182,TECH-0394,2024-03-21,Condition-Based,Day,15425,Main Control Valve: Restricted flow; observed symptom: filter restriction indicator activated.,Operational test under load,internal cylinder leakage,inspected valve spool movement and cleaned the valve assembly,Valve O-rings,Test passed; monitor during next shift,2.33,6.06,44288.3,2024-08-08,Follow-up Required,"Technician checked Main Control Valve, recorded the reported symptom, performed the required service action, and completed a post-service test."
SR-00646,MR-00646,EQ-0169,TECH-0999,2025-01-03,Condition-Based,Day,17145,Travel Motor: Line restriction; observed symptom: travel function loses power on incline.,Filter inspection and fluid condition check,air entering suction line,checked pump output and inspected for internal leakage,Cooler gasket set,Leak test passed,2.32,6.25,43915.39,2025-05-17,Closed,"Technician checked Travel Motor, recorded the reported symptom, performed the required service action, and completed a post-service test."
SR-00647,MR-00647,EQ-0185,TECH-0676,2026-03-13,Corrective,Day,16735,Hydraulic Cooler: Cylinder seal wear; observed symptom: bucket will not open normally.,Visual inspection and pressure test,damaged hydraulic hose,inspected valve spool movement and cleaned the valve assembly,Hydraulic oil,Operational test passed,12.33,7.09,15440.43,2026-04-27,Closed,"Technician checked Hydraulic Cooler, recorded the reported symptom, performed the required service action, and completed a post-service test."
SR-00648,MR-00648,EQ-0165,TECH-0573,2026-07-29,Corrective,Evening,5794,Arm Cylinder: Pump wear; observed symptom: pump noise increases during operation.,Filter inspection and fluid condition check,restricted hydraulic line,inspected suction line for air ingress and corrected the connection,Pump seal kit,Functional test passed,7.38,5.57,8763.55,2026-12-27,Closed,"Technician checked Arm Cylinder, recorded the reported symptom, performed the required service action, and completed a post-service test."
SR-00649,MR-00649,EQ-0160,TECH-0518,2023-11-25,Preventive,Night,11137,Hydraulic Cooler: Hose failure; observed symptom: pilot pressure below expected range.,Leak inspection and functional test,sticking spool valve,inspected hydraulic circuit and isolated the affected component,Hydraulic filter,Functional test passed,7.32,6.91,51194.26,2024-02-10,Closed,"Technician checked Hydraulic Cooler, recorded the reported symptom, performed the required service action, and completed a post-service test."
SR-00650,MR-00650,EQ-0104,TECH-0955,2025-05-17,Corrective,Night,11597,Hydraulic Cooler: Air ingress; observed symptom: hydraulic response is jerky.,Visual inspection and pressure test,high oil temperature,replaced damaged seal kit and performed leak test,No replacement part,Leak test passed,10.8,1.9,71865.96,2025-06-24,Closed - Monitor,"Technician checked Hydraulic Cooler, recorded the reported symptom, performed the required service action, and completed a post-service test."
SR-00651,MR-00651,EQ-0178,TECH-0650,2025-06-26,Preventive,Day,13270,Hydraulic Pump: Line restriction; observed symptom: pilot pressure below expected range.,Temperature and pressure checks,restricted return filter,checked accumulator pre-charge and restored it to service specification,No replacement part,Operational test passed,14.6,4.65,49233.93,2025-08-24,Closed,"Technician checked Hydraulic Pump, recorded the reported symptom, performed the required service action, and completed a post-service test."
SR-00652,MR-00652,EQ-0157,TECH-0309,2026-01-12,Corrective,Day,12616,Hydraulic Line: Cooler restriction; observed symptom: arm movement slow after hydraulic oil warms.,Operational test under load,blocked cooler core,"drained contaminated oil, flushed circuit and refilled with filtered oil",Cooler gasket set,Test passed; monitor during next shift,14.06,4.12,35253.19,2026-04-14,Closed,"Technician checked Hydraulic Line, recorded the reported symptom, performed the required service action, and completed a post-service test."
SR-00653,MR-00653,EQ-0161,TECH-0255,2022-10-30,Inspection,Day,12238,Hydraulic Filter: External leakage; observed symptom: swing movement is slow.,Temperature and pressure checks,restricted return filter,cleaned cooler and verified hydraulic oil temperature,Pump seal kit,Pressure test passed,12.88,3.99,28117.51,2023-04-17,Closed - Monitor,"Technician checked Hydraulic Filter, recorded the reported symptom, performed the required service action, and completed a post-service test."
SR-00654,MR-00654,EQ-0194,TECH-0627,2024-03-18,Corrective,Night,11987,Boom Cylinder: Cylinder seal wear; observed symptom: arm movement slow after hydraulic oil warms.,Filter inspection and fluid condition check,contaminated hydraulic oil,checked accumulator pre-charge and restored it to service specification,Return filter element,Functional test passed,15.16,6.22,46485.3,2024-08-10,Closed,"Technician checked Boom Cylinder, recorded the reported symptom, performed the required service action, and completed a post-service test."
SR-00655,MR-00655,EQ-0056,TECH-0060,2023-06-05,Corrective,Evening,10700,Fuel System: Filter blockage; observed symptom: boom movement slow under load.,Visual inspection and pressure test,restricted hydraulic line,inspected hydraulic circuit and isolated the affected component,Hydraulic hose,Test passed; monitor during next shift,4.73,1.75,60615.23,2023-11-27,Closed,"Technician checked Fuel System, recorded the reported symptom, performed the required service action, and completed a post-service test."
SR-00656,MR-00656,EQ-0080,TECH-0672,2025-09-11,Condition-Based,Night,4059,Bucket Cylinder: Hose failure; observed symptom: arm movement slow after hydraulic oil warms.,Pressure and flow measurement,restricted return filter,"drained contaminated oil, flushed circuit and refilled with filtered oil",Pump seal kit,Leak test passed,0.91,5.18,56504.79,2025-11-04,Closed - Monitor,"Technician checked Bucket Cylinder, recorded the reported symptom, performed the required service action, and completed a post-service test."
SR-00657,MR-00657,EQ-0220,TECH-0452,2026-03-11,Corrective,Night,9010,Accumulator: Pump wear; observed symptom: bucket will not open normally.,Temperature and pressure checks,damaged hydraulic hose,inspected valve spool movement and cleaned the valve assembly,Pump seal kit,Pressure test passed,4.83,5.09,2618.1,2026-07-15,Closed,"Technician checked Accumulator, recorded the reported symptom, performed the required service action, and completed a post-service test."
SR-00658,MR-00658,EQ-0197,TECH-0530,2023-04-03,Corrective,Day,15473,Hydraulic Line: Overheating; observed symptom: pump noise increases during operation.,Pressure and flow measurement,restricted hydraulic line,inspected suction line for air ingress and corrected the connection,Accumulator charging kit,Leak test passed,5.94,3.61,44847.4,2023-05-21,Closed - Monitor,"Technician checked Hydraulic Line, recorded the reported symptom, performed the required service action, and completed a post-service test."
SR-00659,MR-00659,EQ-0155,TECH-0085,2024-03-12,Condition-Based,Evening,17023,Hydraulic Filter: Accumulator pressure loss; observed symptom: arm movement slow after hydraulic oil warms.,Operational test under load,restricted hydraulic line,inspected valve spool movement and cleaned the valve assembly,Hydraulic hose,Leak test passed,6.58,1.63,18586.82,2024-09-04,Closed,"Technician checked Hydraulic Filter, recorded the reported symptom, performed the required service action, and completed a post-service test."
SR-00660,MR-00660,EQ-0204,TECH-0811,2025-07-29,Corrective,Day,13671,Arm Cylinder: Internal leakage; observed symptom: bucket cylinder leaking externally.,Filter inspection and fluid condition check,air entering suction line,tested pilot pressure and inspected pilot circuit,Hydraulic oil,Functional test passed,14.26,13.15,57644.96,2025-10-23,Closed,"Technician checked Arm Cylinder, recorded the reported symptom, performed the required service action, and completed a post-service test."
SR-00661,MR-00661,EQ-0230,TECH-0761,2026-08-14,Condition-Based,Night,14307,Hydraulic Filter: Overheating; observed symptom: reduced digging force.,Visual inspection and pressure test,high oil temperature,cleaned cooler and verified hydraulic oil temperature,Cylinder seal kit,Leak test passed,14.56,2.49,62114.68,2027-01-10,Closed,"Technician checked Hydraulic Filter, recorded the reported symptom, performed the required service action, and completed a post-service test."
SR-00662,MR-00662,EQ-0140,TECH-0224,2025-05-14,Corrective,Night,2310,Boom Cylinder: Overheating; observed symptom: hydraulic response is jerky.,Leak inspection and functional test,restricted hydraulic line,inspected valve spool movement and cleaned the valve assembly,Pump seal kit,Leak test passed,4.87,4.71,66052.25,2025-10-14,Closed,"Technician checked Boom Cylinder, recorded the reported symptom, performed the required service action, and completed a post-service test."
SR-00663,MR-00663,EQ-0022,TECH-0126,2025-07-02,Corrective,Day,12461,Arm Cylinder: Restricted flow; observed symptom: arm movement slow after hydraulic oil warms.,Temperature and pressure checks,degraded hydraulic fluid,"drained contaminated oil, flushed circuit and refilled with filtered oil",Pilot filter,Leak test passed,5.29,2.39,16447.66,2025-08-13,Closed,"Technician checked Arm Cylinder, recorded the reported symptom, performed the required service action, and completed a post-service test."
SR-00664,MR-00664,EQ-0006,TECH-0925,2024-11-21,Corrective,Day,13335,Hydraulic Cooler: Line restriction; observed symptom: visible oil leak near hydraulic line.,Operational test under load,low pilot supply pressure,cleaned cooler and verified hydraulic oil temperature,Hydraulic oil,Operational test passed,0.96,5.89,18054.97,2025-01-12,Closed,"Technician checked Hydraulic Cooler, recorded the reported symptom, performed the required service action, and completed a post-service test."
SR-00665,MR-00665,EQ-0222,TECH-0561,2025-02-23,Condition-Based,Night,14070,Bucket Cylinder: Hose failure; observed symptom: hydraulic oil temperature rises during continuous operation.,Operational test under load,sticking spool valve,tested pilot pressure and inspected pilot circuit,Hydraulic line fittings,Test passed; monitor during next shift,7.68,2.98,12825.01,2025-06-06,Closed - Monitor,"Technician checked Bucket Cylinder, recorded the reported symptom, performed the required service action, and completed a post-service test."
SR-00666,MR-00666,EQ-0023,TECH-0107,2023-04-20,Preventive,Night,5763,Hydraulic Filter: Overheating; observed symptom: boom movement slow under load.,Temperature and pressure checks,worn pump components,inspected valve spool movement and cleaned the valve assembly,Return filter element,Functional test passed,13.38,1.64,36141.73,2023-06-25,Closed - Monitor,"Technician checked Hydraulic Filter, recorded the reported symptom, performed the required service action, and completed a post-service test."
SR-00667,MR-00667,EQ-0204,TECH-0568,2023-09-09,Corrective,Night,18409,Bucket Cylinder: Line restriction; observed symptom: hydraulic response is jerky.,Visual inspection and pressure test,sticking spool valve,cleaned cooler and verified hydraulic oil temperature,Hydraulic oil,Test passed; monitor during next shift,4.55,6.04,21360.43,2024-03-26,Closed - Monitor,"Technician checked Bucket Cylinder, recorded the reported symptom, performed the required service action, and completed a post-service test."
SR-00668,MR-00668,EQ-0190,TECH-0051,2023-12-21,Condition-Based,Night,17149,Bucket Cylinder: Internal leakage; observed symptom: swing movement is slow.,Visual inspection and pressure test,sticking spool valve,cleaned cooler and verified hydraulic oil temperature,Cooler gasket set,Operational test passed,5.12,5.5,46936.41,2024-04-16,Closed,"Technician checked Bucket Cylinder, recorded the reported symptom, performed the required service action, and completed a post-service test."
SR-00669,MR-00669,EQ-0032,TECH-0869,2023-02-12,Condition-Based,Night,12664,Boom Cylinder: Air ingress; observed symptom: swing movement is slow.,Visual inspection and pressure test,sticking spool valve,replaced restricted hydraulic filter and checked contamination source,Pilot filter,Test passed; monitor during next shift,13.87,11.18,15378.6,2023-06-26,Closed,"Technician checked Boom Cylinder, recorded the reported symptom, performed the required service action, and completed a post-service test."
SR-00670,MR-00670,EQ-0105,TECH-0912,2025-08-28,Corrective,Evening,4876,Hydraulic Hose: Low pilot pressure; observed symptom: filter restriction indicator activated.,Filter inspection and fluid condition check,restricted hydraulic line,inspected hydraulic circuit and isolated the affected component,Pilot filter,Test passed; monitor during next shift,15.45,6.48,32272.29,2025-10-04,Closed,"Technician checked Hydraulic Hose, recorded the reported symptom, performed the required service action, and completed a post-service test."
SR-00671,MR-00671,EQ-0040,TECH-0949,2022-12-18,Corrective,Day,17576,Swing Motor: Filter blockage; observed symptom: pump noise increases during operation.,Filter inspection and fluid condition check,loss of accumulator pre-charge,tested pilot pressure and inspected pilot circuit,Pump seal kit,Test passed; monitor during next shift,2.33,5.85,61905.89,2023-06-24,Closed - Monitor,"Technician checked Swing Motor, recorded the reported symptom, performed the required service action, and completed a post-service test."
SR-00672,MR-00672,EQ-0044,TECH-0925,2025-03-27,Condition-Based,Day,6768,Hydraulic Pump: External leakage; observed symptom: pilot pressure below expected range.,Leak inspection and functional test,damaged cylinder seal,inspected hydraulic circuit and isolated the affected component,Hydraulic line fittings,Test passed; monitor during next shift,2.6,8.64,7504.81,2025-06-07,Closed,"Technician checked Hydraulic Pump, recorded the reported symptom, performed the required service action, and completed a post-service test."
SR-00673,MR-00673,EQ-0077,TECH-0549,2022-09-09,Inspection,Day,2757,Hydraulic Pump: Line restriction; observed symptom: hydraulic response is jerky.,Visual inspection and pressure test,degraded hydraulic fluid,checked pressure and flow at operating temperature,Cooler gasket set,Leak test passed,11.7,6.48,14600.32,2023-01-22,Closed,"Technician checked Hydraulic Pump, recorded the reported symptom, performed the required service action, and completed a post-service test."
SR-00674,MR-00674,EQ-0166,TECH-0505,2023-09-03,Preventive,Day,17187,Pilot Valve: Low pilot pressure; observed symptom: bucket will not open normally.,Pressure and flow measurement,internal cylinder leakage,cleaned cooler and verified hydraulic oil temperature,Accumulator charging kit,Leak test passed,11.83,6.4,60417.46,2023-10-08,Closed,"Technician checked Pilot Valve, recorded the reported symptom, performed the required service action, and completed a post-service test."
SR-00675,MR-00675,EQ-0175,TECH-0971,2026-02-04,Corrective,Night,4422,Hydraulic Cooler: External leakage; observed symptom: reduced digging force.,Operational test under load,damaged cylinder seal,cleaned cooler and verified hydraulic oil temperature,Cooler gasket set,Pressure test passed,13.98,1.86,25780.26,2026-03-14,Closed,"Technician checked Hydraulic Cooler, recorded the reported symptom, performed the required service action, and completed a post-service test."
SR-00676,MR-00676,EQ-0017,TECH-0546,2026-03-02,Corrective,Day,8459,Arm Cylinder: Filter blockage; observed symptom: bucket will not open normally.,Temperature and pressure checks,loss of accumulator pre-charge,checked accumulator pre-charge and restored it to service specification,Hydraulic oil,Pressure test passed,12.83,4.91,68993.4,2026-08-18,Closed - Monitor,"Technician checked Arm Cylinder, recorded the reported symptom, performed the required service action, and completed a post-service test."
SR-00677,MR-00677,EQ-0228,TECH-0083,2022-04-13,Corrective,Day,6589,Pilot Valve: Valve sticking; observed symptom: swing movement is slow.,Operational test under load,air entering suction line,cleaned cooler and verified hydraulic oil temperature,Hydraulic oil,Pressure test passed,6.89,6.72,67807.4,2022-07-14,Closed,"Technician checked Pilot Valve, recorded the reported symptom, performed the required service action, and completed a post-service test."
SR-00678,MR-00678,EQ-0203,TECH-0753,2024-05-31,Corrective,Night,5339,Hydraulic Hose: Cylinder seal wear; observed symptom: arm movement slow after hydraulic oil warms.,Pressure and flow measurement,loss of accumulator pre-charge,checked pump output and inspected for internal leakage,Cylinder seal kit,Functional test passed,2.46,5.24,54894.46,2024-10-17,Closed,"Technician checked Hydraulic Hose, recorded the reported symptom, performed the required service action, and completed a post-service test."
SR-00679,MR-00679,EQ-0011,TECH-0814,2025-10-05,Corrective,Evening,10041,Hydraulic Line: Cylinder seal wear; observed symptom: bucket cylinder leaking externally.,Visual inspection and pressure test,high oil temperature,inspected hydraulic circuit and isolated the affected component,Return filter element,Functional test passed,5.72,9.26,48840.48,2025-12-20,Closed,"Technician checked Hydraulic Line, recorded the reported symptom, performed the required service action, and completed a post-service test."
SR-00680,MR-00680,EQ-0139,TECH-0805,2025-08-16,Preventive,Night,9810,Hydraulic Hose: External leakage; observed symptom: boom movement slow under load.,Visual inspection and pressure test,contaminated hydraulic oil,replaced restricted hydraulic filter and checked contamination source,Hydraulic filter,Functional test passed,10.7,2.7,31325.03,2025-12-02,Closed - Monitor,"Technician checked Hydraulic Hose, recorded the reported symptom, performed the required service action, and completed a post-service test."
SR-00681,MR-00681,EQ-0018,TECH-0976,2022-12-09,Preventive,Evening,10634,Travel Motor: Internal leakage; observed symptom: boom movement slow under load.,Operational test under load,high oil temperature,replaced damaged hose and pressure-tested the circuit,Hydraulic hose,Functional test passed,10.32,2.88,70638.32,2023-02-14,Closed,"Technician checked Travel Motor, recorded the reported symptom, performed the required service action, and completed a post-service test."
SR-00682,MR-00682,EQ-0103,TECH-0259,2023-10-31,Corrective,Evening,16131,Main Control Valve: Air ingress; observed symptom: boom movement slow under load.,Temperature and pressure checks,damaged cylinder seal,replaced restricted hydraulic filter and checked contamination source,Hydraulic line fittings,Functional test passed,5.59,7.33,62106.78,2024-05-12,Closed,"Technician checked Main Control Valve, recorded the reported symptom, performed the required service action, and completed a post-service test."
SR-00683,MR-00683,EQ-0218,TECH-0909,2025-07-25,Corrective,Night,2127,Hydraulic Pump: Cooler restriction; observed symptom: hydraulic oil temperature rises during continuous operation.,Operational test under load,high oil temperature,replaced restricted hydraulic filter and checked contamination source,Accumulator charging kit,Test passed; monitor during next shift,11.65,0.25,14071.72,2025-09-26,Closed,"Technician checked Hydraulic Pump, recorded the reported symptom, performed the required service action, and completed a post-service test."
SR-00684,MR-00684,EQ-0122,TECH-0272,2023-01-09,Inspection,Day,4808,Arm Cylinder: Filter blockage; observed symptom: hydraulic oil temperature rises during continuous operation.,Operational test under load,damaged hydraulic hose,replaced restricted hydraulic filter and checked contamination source,Pilot filter,Pressure test passed,10.36,4.53,18175.2,2023-07-23,Closed,"Technician checked Arm Cylinder, recorded the reported symptom, performed the required service action, and completed a post-service test."
SR-00685,MR-00685,EQ-0024,TECH-0002,2024-04-01,Corrective,Evening,10969,Travel Motor: Filter blockage; observed symptom: arm movement slow after hydraulic oil warms.,Filter inspection and fluid condition check,loss of accumulator pre-charge,tested pilot pressure and inspected pilot circuit,Valve O-rings,Pressure test passed,8.9,4.78,49674.09,2024-09-20,Closed - Monitor,"Technician checked Travel Motor, recorded the reported symptom, performed the required service action, and completed a post-service test."
SR-00686,MR-00686,EQ-0150,TECH-0506,2022-07-16,Inspection,Evening,2072,Engine Cooling System: Restricted flow; observed symptom: boom movement slow under load.,Operational test under load,blocked cooler core,replaced damaged seal kit and performed leak test,Return filter element,Leak test passed,9.94,3.69,37914.65,2022-08-18,Closed,"Technician checked Engine Cooling System, recorded the reported symptom, performed the required service action, and completed a post-service test."
SR-00687,MR-00687,EQ-0149,TECH-0731,2023-01-28,Corrective,Day,17335,Travel Motor: Line restriction; observed symptom: arm movement slow after hydraulic oil warms.,Filter inspection and fluid condition check,internal cylinder leakage,checked pump output and inspected for internal leakage,Accumulator charging kit,Operational test passed,12.99,3.64,15155.4,2023-03-15,Closed,"Technician checked Travel Motor, recorded the reported symptom, performed the required service action, and completed a post-service test."
SR-00688,MR-00688,EQ-0235,TECH-0484,2024-09-11,Condition-Based,Evening,16381,Pilot Valve: Cylinder seal wear; observed symptom: hydraulic flow is low at operating temperature.,Visual inspection and pressure test,internal cylinder leakage,inspected hydraulic circuit and isolated the affected component,Hydraulic hose,Pressure test passed,2.37,8.32,51453.4,2025-03-04,Closed,"Technician checked Pilot Valve, recorded the reported symptom, performed the required service action, and completed a post-service test."
SR-00689,MR-00689,EQ-0047,TECH-0247,2024-08-21,Preventive,Day,5882,Hydraulic Tank: Filter blockage; observed symptom: visible oil leak near hydraulic line.,Filter inspection and fluid condition check,degraded hydraulic fluid,inspected suction line for air ingress and corrected the connection,Accumulator charging kit,Functional test passed,10.78,5.77,17657.42,2025-02-01,Closed,"Technician checked Hydraulic Tank, recorded the reported symptom, performed the required service action, and completed a post-service test."
SR-00690,MR-00690,EQ-0135,TECH-0948,2026-04-29,Corrective,Day,13863,Pilot Valve: Air ingress; observed symptom: boom movement slow under load.,Operational test under load,blocked cooler core,checked accumulator pre-charge and restored it to service specification,Hydraulic filter,Test passed; monitor during next shift,3.53,6.08,13999.21,2026-07-24,Closed,"Technician checked Pilot Valve, recorded the reported symptom, performed the required service action, and completed a post-service test."
SR-00691,MR-00691,EQ-0085,TECH-0428,2026-02-03,Corrective,Day,15179,Hydraulic Cooler: Restricted flow; observed symptom: reduced digging force.,Pressure and flow measurement,high oil temperature,inspected suction line for air ingress and corrected the connection,Hydraulic filter,Functional test passed,7.01,0.25,24498.88,2026-07-10,Closed - Monitor,"Technician checked Hydraulic Cooler, recorded the reported symptom, performed the required service action, and completed a post-service test."
SR-00692,MR-00692,EQ-0005,TECH-0683,2025-06-04,Preventive,Evening,18440,Hydraulic Pump: Hose failure; observed symptom: reduced digging force.,Filter inspection and fluid condition check,sticking spool valve,inspected suction line for air ingress and corrected the connection,Hydraulic line fittings,Functional test passed,4.56,3.43,18944.93,2025-11-26,Closed,"Technician checked Hydraulic Pump, recorded the reported symptom, performed the required service action, and completed a post-service test."
SR-00693,MR-00693,EQ-0050,TECH-0782,2025-07-29,Preventive,Day,12744,Pilot Valve: Low pilot pressure; observed symptom: pump noise increases during operation.,Visual inspection and pressure test,degraded hydraulic fluid,tested pilot pressure and inspected pilot circuit,Hydraulic oil,Test passed; monitor during next shift,12.09,0.25,46607.33,2026-02-22,Closed,"Technician checked Pilot Valve, recorded the reported symptom, performed the required service action, and completed a post-service test."
SR-00694,MR-00694,EQ-0039,TECH-0638,2023-03-05,Preventive,Evening,17894,Fuel System: Filter blockage; observed symptom: boom movement slow under load.,Pressure and flow measurement,contaminated hydraulic oil,inspected valve spool movement and cleaned the valve assembly,Pump seal kit,Operational test passed,12.63,5.42,40955.13,2023-08-12,Closed,"Technician checked Fuel System, recorded the reported symptom, performed the required service action, and completed a post-service test."
SR-00695,MR-00695,EQ-0016,TECH-0244,2025-11-06,Preventive,Night,12633,Travel Motor: Valve sticking; observed symptom: filter restriction indicator activated.,Filter inspection and fluid condition check,degraded hydraulic fluid,inspected hydraulic circuit and isolated the affected component,Cylinder seal kit,Operational test passed,4.42,7.1,10271.57,2026-02-19,Closed,"Technician checked Travel Motor, recorded the reported symptom, performed the required service action, and completed a post-service test."
SR-00696,MR-00696,EQ-0084,TECH-0706,2023-09-29,Inspection,Day,15021,Main Control Valve: Cylinder seal wear; observed symptom: hydraulic flow is low at operating temperature.,Pressure and flow measurement,low pilot supply pressure,inspected hydraulic circuit and isolated the affected component,Hydraulic oil,Leak test passed,7.37,7.76,34047.9,2024-02-17,Closed,"Technician checked Main Control Valve, recorded the reported symptom, performed the required service action, and completed a post-service test."
SR-00697,MR-00697,EQ-0177,TECH-0677,2023-05-03,Corrective,Day,4957,Hydraulic Pump: Air ingress; observed symptom: bucket cylinder leaking externally.,Leak inspection and functional test,restricted return filter,inspected valve spool movement and cleaned the valve assembly,Hydraulic hose,Pressure test passed,8.94,3.81,66617.26,2023-09-22,Closed,"Technician checked Hydraulic Pump, recorded the reported symptom, performed the required service action, and completed a post-service test."
SR-00698,MR-00698,EQ-0150,TECH-0531,2022-09-30,Corrective,Night,15430,Bucket Cylinder: Restricted flow; observed symptom: swing movement is slow.,Pressure and flow measurement,low pilot supply pressure,inspected valve spool movement and cleaned the valve assembly,Cylinder seal kit,Operational test passed,2.46,6.66,59830.47,2023-01-10,Closed,"Technician checked Bucket Cylinder, recorded the reported symptom, performed the required service action, and completed a post-service test."
SR-00699,MR-00699,EQ-0165,TECH-0811,2022-04-12,Corrective,Day,4033,Boom Cylinder: Line restriction; observed symptom: pilot pressure below expected range.,Filter inspection and fluid condition check,restricted hydraulic line,inspected hydraulic circuit and isolated the affected component,Cooler gasket set,Functional test passed,11.0,7.74,20700.55,2022-09-26,Closed - Monitor,"Technician checked Boom Cylinder, recorded the reported symptom, performed the required service action, and completed a post-service test."
SR-00700,MR-00700,EQ-0128,TECH-0835,2022-11-26,Condition-Based,Evening,9048,Hydraulic Pump: Valve sticking; observed symptom: visible oil leak near hydraulic line.,Filter inspection and fluid condition check,contaminated hydraulic oil,cleaned cooler and verified hydraulic oil temperature,Cylinder seal kit,Operational test passed,15.97,7.72,17607.52,2023-01-25,Closed,"Technician checked Hydraulic Pump, recorded the reported symptom, performed the required service action, and completed a post-service test."
SR-00701,MR-00701,EQ-0019,TECH-0111,2022-06-19,Corrective,Evening,9733,Hydraulic Tank: Hose failure; observed symptom: swing movement is slow.,Filter inspection and fluid condition check,high oil temperature,replaced damaged seal kit and performed leak test,Pump seal kit,Functional test passed,9.06,0.25,16275.44,2022-10-19,Closed,"Technician checked Hydraulic Tank, recorded the reported symptom, performed the required service action, and completed a post-service test."
SR-00702,MR-00702,EQ-0203,TECH-0129,2024-06-30,Corrective,Day,6522,Hydraulic Line: Cylinder seal wear; observed symptom: hydraulic response is jerky.,Temperature and pressure checks,blocked cooler core,inspected hydraulic circuit and isolated the affected component,Hydraulic filter,Functional test passed,14.76,7.16,69691.77,2024-11-26,Closed - Monitor,"Technician checked Hydraulic Line, recorded the reported symptom, performed the required service action, and completed a post-service test."
SR-00703,MR-00703,EQ-0147,TECH-0678,2023-02-14,Condition-Based,Night,11095,Boom Cylinder: Overheating; observed symptom: arm movement slow after hydraulic oil warms.,Pressure and flow measurement,loss of accumulator pre-charge,replaced damaged hose and pressure-tested the circuit,Pump seal kit,Leak test passed,13.34,1.74,73192.93,2023-07-09,Follow-up Required,"Technician checked Boom Cylinder, recorded the reported symptom, performed the required service action, and completed a post-service test."
SR-00704,MR-00704,EQ-0035,TECH-0055,2024-05-05,Condition-Based,Day,9221,Travel Motor: Pump wear; observed symptom: swing movement is slow.,Filter inspection and fluid condition check,contaminated hydraulic oil,inspected suction line for air ingress and corrected the connection,Hydraulic oil,Functional test passed,5.82,2.17,54703.84,2024-09-04,Closed - Monitor,"Technician checked Travel Motor, recorded the reported symptom, performed the required service action, and completed a post-service test."
SR-00705,MR-00705,EQ-0034,TECH-0202,2025-06-20,Corrective,Day,5148,Hydraulic Cooler: Air ingress; observed symptom: travel function loses power on incline.,Leak inspection and functional test,restricted hydraulic line,tested pilot pressure and inspected pilot circuit,Pump seal kit,Pressure test passed,2.82,0.37,15491.52,2026-01-09,Closed,"Technician checked Hydraulic Cooler, recorded the reported symptom, performed the required service action, and completed a post-service test."
SR-00706,MR-00706,EQ-0124,TECH-0439,2023-03-28,Preventive,Day,4838,Hydraulic Tank: Valve sticking; observed symptom: pilot pressure below expected range.,Pressure and flow measurement,damaged hydraulic hose,cleaned cooler and verified hydraulic oil temperature,Return filter element,Test passed; monitor during next shift,10.42,4.95,67900.61,2023-08-10,Closed,"Technician checked Hydraulic Tank, recorded the reported symptom, performed the required service action, and completed a post-service test."
SR-00707,MR-00707,EQ-0019,TECH-0450,2023-08-11,Corrective,Evening,18139,Hydraulic Cooler: Low pilot pressure; observed symptom: hydraulic flow is low at operating temperature.,Temperature and pressure checks,contaminated hydraulic oil,tested pilot pressure and inspected pilot circuit,Hydraulic line fittings,Test passed; monitor during next shift,9.29,8.74,60213.99,2023-09-14,Closed,"Technician checked Hydraulic Cooler, recorded the reported symptom, performed the required service action, and completed a post-service test."
SR-00708,MR-00708,EQ-0232,TECH-0654,2024-07-14,Corrective,Day,5047,Hydraulic Pump: Internal leakage; observed symptom: travel function loses power on incline.,Temperature and pressure checks,degraded hydraulic fluid,cleaned cooler and verified hydraulic oil temperature,Pilot filter,Leak test passed,8.0,2.82,40036.99,2025-01-31,Closed,"Technician checked Hydraulic Pump, recorded the reported symptom, performed the required service action, and completed a post-service test."
SR-00709,MR-00709,EQ-0207,TECH-0224,2022-07-03,Preventive,Night,13381,Engine Cooling System: Oil contamination; observed symptom: filter restriction indicator activated.,Visual inspection and pressure test,loss of accumulator pre-charge,replaced damaged seal kit and performed leak test,Hydraulic filter,Functional test passed,4.03,1.97,67407.63,2022-10-11,Closed,"Technician checked Engine Cooling System, recorded the reported symptom, performed the required service action, and completed a post-service test."
SR-00710,MR-00710,EQ-0187,TECH-0348,2025-03-07,Corrective,Day,3276,Fuel System: Cooler restriction; observed symptom: pump noise increases during operation.,Filter inspection and fluid condition check,restricted return filter,checked pressure and flow at operating temperature,Pilot filter,Operational test passed,3.29,4.78,32346.52,2025-08-14,Closed,"Technician checked Fuel System, recorded the reported symptom, performed the required service action, and completed a post-service test."
SR-00711,MR-00711,EQ-0077,TECH-0403,2023-08-03,Corrective,Night,7884,Main Control Valve: Valve sticking; observed symptom: pump noise increases during operation.,Operational test under load,sticking spool valve,tested pilot pressure and inspected pilot circuit,Return filter element,Operational test passed,14.27,0.25,14290.89,2023-11-12,Closed,"Technician checked Main Control Valve, recorded the reported symptom, performed the required service action, and completed a post-service test."
SR-00712,MR-00712,EQ-0102,TECH-0476,2023-04-12,Preventive,Day,10707,Pilot Valve: Restricted flow; observed symptom: hydraulic oil temperature rises during continuous operation.,Pressure and flow measurement,restricted hydraulic line,inspected valve spool movement and cleaned the valve assembly,Return filter element,Functional test passed,4.24,6.52,21034.53,2023-09-06,Closed,"Technician checked Pilot Valve, recorded the reported symptom, performed the required service action, and completed a post-service test."
SR-00713,MR-00713,EQ-0122,TECH-0213,2023-12-29,Corrective,Evening,4863,Main Control Valve: Line restriction; observed symptom: travel function loses power on incline.,Visual inspection and pressure test,contaminated hydraulic oil,checked pressure and flow at operating temperature,Return filter element,Test passed; monitor during next shift,13.46,8.26,63238.03,2024-05-12,Closed,"Technician checked Main Control Valve, recorded the reported symptom, performed the required service action, and completed a post-service test."
SR-00714,MR-00714,EQ-0165,TECH-0221,2025-07-18,Preventive,Evening,10972,Engine Cooling System: Low pilot pressure; observed symptom: hydraulic oil temperature rises during continuous operation.,Filter inspection and fluid condition check,high oil temperature,inspected hydraulic circuit and isolated the affected component,Cylinder seal kit,Test passed; monitor during next shift,3.36,6.21,17029.48,2025-12-27,Closed,"Technician checked Engine Cooling System, recorded the reported symptom, performed the required service action, and completed a post-service test."
SR-00715,MR-00715,EQ-0153,TECH-0429,2025-09-05,Corrective,Evening,12910,Hydraulic Tank: Accumulator pressure loss; observed symptom: pump noise increases during operation.,Pressure and flow measurement,restricted hydraulic line,inspected hydraulic circuit and isolated the affected component,Cooler gasket set,Functional test passed,3.75,3.94,58187.04,2025-11-12,Closed,"Technician checked Hydraulic Tank, recorded the reported symptom, performed the required service action, and completed a post-service test."
SR-00716,MR-00716,EQ-0106,TECH-0224,2024-06-01,Corrective,Night,11242,Hydraulic Filter: Cylinder seal wear; observed symptom: filter restriction indicator activated.,Filter inspection and fluid condition check,worn pump components,checked pressure and flow at operating temperature,Hydraulic oil,Operational test passed,7.72,1.53,50665.46,2024-07-04,Closed,"Technician checked Hydraulic Filter, recorded the reported symptom, performed the required service action, and completed a post-service test."
SR-00717,MR-00717,EQ-0235,TECH-0750,2025-08-27,Corrective,Evening,12462,Hydraulic Line: Oil contamination; observed symptom: bucket cylinder leaking externally.,Filter inspection and fluid condition check,high oil temperature,inspected valve spool movement and cleaned the valve assembly,Hydraulic filter,Leak test passed,4.24,0.25,51404.22,2025-11-07,Closed,"Technician checked Hydraulic Line, recorded the reported symptom, performed the required service action, and completed a post-service test."
SR-00718,MR-00718,EQ-0020,TECH-0262,2024-07-06,Condition-Based,Day,1819,Fuel System: Pump wear; observed symptom: travel function loses power on incline.,Filter inspection and fluid condition check,restricted return filter,inspected hydraulic circuit and isolated the affected component,Hydraulic filter,Operational test passed,11.2,4.05,70951.63,2024-09-09,Closed,"Technician checked Fuel System, recorded the reported symptom, performed the required service action, and completed a post-service test."
SR-00719,MR-00719,EQ-0157,TECH-0095,2024-06-23,Corrective,Evening,10780,Boom Cylinder: External leakage; observed symptom: visible oil leak near hydraulic line.,Operational test under load,high oil temperature,tested pilot pressure and inspected pilot circuit,Cylinder seal kit,Functional test passed,0.79,4.2,31925.36,2024-11-16,Closed,"Technician checked Boom Cylinder, recorded the reported symptom, performed the required service action, and completed a post-service test."
SR-00720,MR-00720,EQ-0091,TECH-0442,2022-10-25,Condition-Based,Day,4739,Hydraulic Filter: Accumulator pressure loss; observed symptom: pump noise increases during operation.,Filter inspection and fluid condition check,damaged cylinder seal,replaced damaged seal kit and performed leak test,Hydraulic line fittings,Operational test passed,7.3,8.23,40294.65,2023-04-11,Closed,"Technician checked Hydraulic Filter, recorded the reported symptom, performed the required service action, and completed a post-service test."
SR-00721,MR-00721,EQ-0027,TECH-0629,2025-05-28,Inspection,Evening,18380,Hydraulic Line: Cylinder seal wear; observed symptom: hydraulic oil temperature rises during continuous operation.,Leak inspection and functional test,air entering suction line,inspected valve spool movement and cleaned the valve assembly,Return filter element,Functional test passed,7.89,5.68,38193.46,2025-06-27,Closed - Monitor,"Technician checked Hydraulic Line, recorded the reported symptom, performed the required service action, and completed a post-service test."
SR-00722,MR-00722,EQ-0058,TECH-0773,2023-12-08,Corrective,Night,14634,Fuel System: Pump wear; observed symptom: pilot pressure below expected range.,Temperature and pressure checks,restricted return filter,inspected suction line for air ingress and corrected the connection,Return filter element,Leak test passed,7.04,2.46,13006.56,2024-05-23,Closed,"Technician checked Fuel System, recorded the reported symptom, performed the required service action, and completed a post-service test."
SR-00723,MR-00723,EQ-0093,TECH-0647,2024-08-06,Corrective,Day,13896,Hydraulic Tank: Oil contamination; observed symptom: visible oil leak near hydraulic line.,Operational test under load,air entering suction line,inspected suction line for air ingress and corrected the connection,Pilot filter,Operational test passed,13.38,8.84,42943.53,2024-12-12,Closed,"Technician checked Hydraulic Tank, recorded the reported symptom, performed the required service action, and completed a post-service test."
SR-00724,MR-00724,EQ-0181,TECH-0233,2025-02-13,Condition-Based,Day,4654,Hydraulic Filter: Cylinder seal wear; observed symptom: pump noise increases during operation.,Operational test under load,damaged cylinder seal,replaced damaged seal kit and performed leak test,Hydraulic oil,Test passed; monitor during next shift,14.91,3.8,69469.53,2025-06-14,Closed,"Technician checked Hydraulic Filter, recorded the reported symptom, performed the required service action, and completed a post-service test."
SR-00725,MR-00725,EQ-0069,TECH-0310,2025-11-21,Corrective,Night,16615,Hydraulic Cooler: Internal leakage; observed symptom: bucket will not open normally.,Filter inspection and fluid condition check,internal cylinder leakage,checked pressure and flow at operating temperature,Cooler gasket set,Test passed; monitor during next shift,9.92,8.06,61998.64,2026-03-12,Closed,"Technician checked Hydraulic Cooler, recorded the reported symptom, performed the required service action, and completed a post-service test."
SR-00726,MR-00726,EQ-0221,TECH-0631,2023-04-16,Preventive,Evening,15829,Accumulator: Pump wear; observed symptom: reduced digging force.,Operational test under load,sticking spool valve,inspected hydraulic circuit and isolated the affected component,No replacement part,Leak test passed,11.01,6.22,14751.57,2023-06-22,Closed - Monitor,"Technician checked Accumulator, recorded the reported symptom, performed the required service action, and completed a post-service test."
SR-00727,MR-00727,EQ-0089,TECH-0315,2024-12-08,Corrective,Evening,17023,Hydraulic Hose: Restricted flow; observed symptom: hydraulic oil temperature rises during continuous operation.,Leak inspection and functional test,internal cylinder leakage,replaced damaged hose and pressure-tested the circuit,Return filter element,Functional test passed,7.22,9.05,14523.84,2025-01-15,Closed,"Technician checked Hydraulic Hose, recorded the reported symptom, performed the required service action, and completed a post-service test."
SR-00728,MR-00728,EQ-0015,TECH-0893,2025-01-11,Corrective,Night,9019,Hydraulic Tank: Cooler restriction; observed symptom: hydraulic oil appears contaminated.,Temperature and pressure checks,blocked cooler core,cleaned cooler and verified hydraulic oil temperature,Pump seal kit,Leak test passed,11.08,10.56,69700.87,2025-03-17,Closed,"Technician checked Hydraulic Tank, recorded the reported symptom, performed the required service action, and completed a post-service test."
SR-00729,MR-00729,EQ-0180,TECH-0273,2023-06-15,Corrective,Evening,12292,Hydraulic Line: Overheating; observed symptom: pilot pressure below expected range.,Pressure and flow measurement,contaminated hydraulic oil,inspected suction line for air ingress and corrected the connection,No replacement part,Leak test passed,14.01,3.9,20862.94,2023-09-18,Closed,"Technician checked Hydraulic Line, recorded the reported symptom, performed the required service action, and completed a post-service test."
SR-00730,MR-00730,EQ-0216,TECH-0484,2024-05-18,Condition-Based,Evening,12569,Boom Cylinder: Overheating; observed symptom: hydraulic flow is low at operating temperature.,Operational test under load,restricted return filter,replaced damaged hose and pressure-tested the circuit,Pilot filter,Test passed; monitor during next shift,2.56,6.47,7053.61,2024-06-20,Closed,"Technician checked Boom Cylinder, recorded the reported symptom, performed the required service action, and completed a post-service test."
SR-00731,MR-00731,EQ-0239,TECH-0008,2026-03-13,Preventive,Night,17267,Travel Motor: Accumulator pressure loss; observed symptom: travel function loses power on incline.,Leak inspection and functional test,blocked cooler core,replaced damaged seal kit and performed leak test,Accumulator charging kit,Functional test passed,4.76,7.83,65531.11,2026-07-01,Closed,"Technician checked Travel Motor, recorded the reported symptom, performed the required service action, and completed a post-service test."
SR-00732,MR-00732,EQ-0195,TECH-0864,2026-02-26,Preventive,Night,3122,Hydraulic Cooler: Line restriction; observed symptom: bucket will not open normally.,Operational test under load,internal cylinder leakage,inspected suction line for air ingress and corrected the connection,Hydraulic line fittings,Operational test passed,3.21,8.3,59857.43,2026-09-16,Closed,"Technician checked Hydraulic Cooler, recorded the reported symptom, performed the required service action, and completed a post-service test."
SR-00733,MR-00733,EQ-0116,TECH-0345,2022-10-01,Corrective,Night,8798,Fuel System: Oil contamination; observed symptom: arm movement slow after hydraulic oil warms.,Filter inspection and fluid condition check,blocked cooler core,inspected valve spool movement and cleaned the valve assembly,Cylinder seal kit,Pressure test passed,6.6,3.27,14824.92,2023-04-28,Closed,"Technician checked Fuel System, recorded the reported symptom, performed the required service action, and completed a post-service test."
SR-00734,MR-00734,EQ-0027,TECH-0674,2026-05-22,Preventive,Evening,5871,Hydraulic Tank: Cylinder seal wear; observed symptom: travel function loses power on incline.,Temperature and pressure checks,low pilot supply pressure,checked pump output and inspected for internal leakage,Pump seal kit,Pressure test passed,4.98,4.73,28514.86,2026-07-01,Closed,"Technician checked Hydraulic Tank, recorded the reported symptom, performed the required service action, and completed a post-service test."
SR-00735,MR-00735,EQ-0001,TECH-0217,2022-05-20,Corrective,Evening,11186,Swing Motor: Cooler restriction; observed symptom: filter restriction indicator activated.,Pressure and flow measurement,low pilot supply pressure,inspected valve spool movement and cleaned the valve assembly,Hydraulic oil,Pressure test passed,0.87,6.73,24118.19,2022-08-23,Closed,"Technician checked Swing Motor, recorded the reported symptom, performed the required service action, and completed a post-service test."
SR-00736,MR-00736,EQ-0238,TECH-0437,2026-06-16,Corrective,Day,6630,Pilot Valve: Valve sticking; observed symptom: visible oil leak near hydraulic line.,Filter inspection and fluid condition check,high oil temperature,tested pilot pressure and inspected pilot circuit,Hydraulic hose,Functional test passed,13.68,10.67,68876.81,2026-12-08,Closed,"Technician checked Pilot Valve, recorded the reported symptom, performed the required service action, and completed a post-service test."
SR-00737,MR-00737,EQ-0233,TECH-0496,2025-06-12,Condition-Based,Day,14178,Swing Motor: Filter blockage; observed symptom: arm movement slow after hydraulic oil warms.,Temperature and pressure checks,air entering suction line,replaced damaged seal kit and performed leak test,Accumulator charging kit,Leak test passed,15.83,5.07,25712.99,2026-01-06,Closed - Monitor,"Technician checked Swing Motor, recorded the reported symptom, performed the required service action, and completed a post-service test."
SR-00738,MR-00738,EQ-0196,TECH-0190,2026-04-03,Corrective,Day,14612,Hydraulic Line: Oil contamination; observed symptom: swing movement is slow.,Visual inspection and pressure test,restricted hydraulic line,inspected suction line for air ingress and corrected the connection,Hydraulic line fittings,Test passed; monitor during next shift,13.48,2.02,34994.04,2026-07-22,Closed,"Technician checked Hydraulic Line, recorded the reported symptom, performed the required service action, and completed a post-service test."
SR-00739,MR-00739,EQ-0111,TECH-0140,2026-05-14,Inspection,Night,5547,Hydraulic Hose: Oil contamination; observed symptom: arm movement slow after hydraulic oil warms.,Operational test under load,low pilot supply pressure,inspected hydraulic circuit and isolated the affected component,Pilot filter,Test passed; monitor during next shift,6.73,3.64,29745.52,2026-12-03,Closed - Monitor,"Technician checked Hydraulic Hose, recorded the reported symptom, performed the required service action, and completed a post-service test."
SR-00740,MR-00740,EQ-0025,TECH-0576,2022-01-23,Corrective,Night,9911,Main Control Valve: Accumulator pressure loss; observed symptom: reduced digging force.,Leak inspection and functional test,degraded hydraulic fluid,checked pressure and flow at operating temperature,Accumulator charging kit,Test passed; monitor during next shift,1.22,3.33,50520.31,2022-03-05,Closed - Monitor,"Technician checked Main Control Valve, recorded the reported symptom, performed the required service action, and completed a post-service test."
SR-00741,MR-00741,EQ-0066,TECH-0671,2025-05-16,Preventive,Night,16795,Main Control Valve: Restricted flow; observed symptom: hydraulic response is jerky.,Temperature and pressure checks,blocked cooler core,inspected valve spool movement and cleaned the valve assembly,Hydraulic hose,Operational test passed,7.81,6.31,8701.43,2025-07-19,Closed,"Technician checked Main Control Valve, recorded the reported symptom, performed the required service action, and completed a post-service test."
SR-00742,MR-00742,EQ-0020,TECH-0035,2025-03-25,Preventive,Day,16477,Swing Motor: Pump wear; observed symptom: swing movement is slow.,Operational test under load,damaged hydraulic hose,replaced damaged hose and pressure-tested the circuit,Pilot filter,Operational test passed,7.49,2.49,36106.25,2025-04-29,Closed,"Technician checked Swing Motor, recorded the reported symptom, performed the required service action, and completed a post-service test."
SR-00743,MR-00743,EQ-0032,TECH-0560,2025-03-17,Corrective,Evening,16310,Hydraulic Line: Line restriction; observed symptom: arm movement slow after hydraulic oil warms.,Temperature and pressure checks,sticking spool valve,checked pump output and inspected for internal leakage,Hydraulic oil,Operational test passed,5.39,0.25,37921.54,2025-07-27,Closed,"Technician checked Hydraulic Line, recorded the reported symptom, performed the required service action, and completed a post-service test."
SR-00744,MR-00744,EQ-0183,TECH-0455,2023-10-03,Corrective,Night,5414,Hydraulic Cooler: Low pilot pressure; observed symptom: hydraulic response is jerky.,Pressure and flow measurement,restricted hydraulic line,checked pump output and inspected for internal leakage,Hydraulic line fittings,Pressure test passed,15.86,5.46,34481.88,2023-11-15,Closed,"Technician checked Hydraulic Cooler, recorded the reported symptom, performed the required service action, and completed a post-service test."
SR-00745,MR-00745,EQ-0190,TECH-0177,2025-10-05,Condition-Based,Evening,9510,Hydraulic Cooler: Low pilot pressure; observed symptom: hydraulic oil appears contaminated.,Leak inspection and functional test,damaged cylinder seal,cleaned cooler and verified hydraulic oil temperature,Hydraulic oil,Pressure test passed,7.61,1.02,9445.92,2025-11-22,Closed,"Technician checked Hydraulic Cooler, recorded the reported symptom, performed the required service action, and completed a post-service test."
SR-00746,MR-00746,EQ-0218,TECH-0481,2023-08-03,Inspection,Evening,12529,Engine Cooling System: Accumulator pressure loss; observed symptom: pump noise increases during operation.,Pressure and flow measurement,sticking spool valve,replaced restricted hydraulic filter and checked contamination source,Pilot filter,Pressure test passed,3.89,4.52,52102.46,2023-09-25,Closed,"Technician checked Engine Cooling System, recorded the reported symptom, performed the required service action, and completed a post-service test."
SR-00747,MR-00747,EQ-0190,TECH-0247,2024-01-19,Corrective,Day,2164,Engine Cooling System: Filter blockage; observed symptom: bucket cylinder leaking externally.,Temperature and pressure checks,sticking spool valve,replaced damaged seal kit and performed leak test,Cooler gasket set,Operational test passed,15.55,1.31,16366.24,2024-04-20,Closed,"Technician checked Engine Cooling System, recorded the reported symptom, performed the required service action, and completed a post-service test."
SR-00748,MR-00748,EQ-0105,TECH-0576,2023-04-18,Corrective,Night,2391,Accumulator: Accumulator pressure loss; observed symptom: hydraulic response is jerky.,Operational test under load,contaminated hydraulic oil,inspected valve spool movement and cleaned the valve assembly,Cooler gasket set,Test passed; monitor during next shift,15.62,4.34,41009.49,2023-07-19,Closed,"Technician checked Accumulator, recorded the reported symptom, performed the required service action, and completed a post-service test."
SR-00749,MR-00749,EQ-0015,TECH-0367,2025-09-19,Preventive,Day,14078,Hydraulic Pump: Air ingress; observed symptom: hydraulic oil appears contaminated.,Leak inspection and functional test,restricted return filter,checked pump output and inspected for internal leakage,Cooler gasket set,Test passed; monitor during next shift,2.54,6.05,28834.0,2026-02-15,Closed,"Technician checked Hydraulic Pump, recorded the reported symptom, performed the required service action, and completed a post-service test."
SR-00750,MR-00750,EQ-0077,TECH-0411,2022-07-23,Preventive,Evening,8885,Hydraulic Pump: Overheating; observed symptom: bucket will not open normally.,Leak inspection and functional test,internal cylinder leakage,checked pressure and flow at operating temperature,Hydraulic oil,Pressure test passed,2.97,4.37,66673.68,2022-12-06,Closed,"Technician checked Hydraulic Pump, recorded the reported symptom, performed the required service action, and completed a post-service test."
SR-00751,MR-00751,EQ-0063,TECH-0225,2025-04-07,Corrective,Evening,17300,Hydraulic Filter: Overheating; observed symptom: visible oil leak near hydraulic line.,Filter inspection and fluid condition check,blocked cooler core,"drained contaminated oil, flushed circuit and refilled with filtered oil",Hydraulic filter,Leak test passed,14.5,3.81,14665.14,2025-07-20,Follow-up Required,"Technician checked Hydraulic Filter, recorded the reported symptom, performed the required service action, and completed a post-service test."
SR-00752,MR-00752,EQ-0066,TECH-0317,2022-06-17,Corrective,Night,14864,Main Control Valve: Cooler restriction; observed symptom: travel function loses power on incline.,Operational test under load,low pilot supply pressure,"drained contaminated oil, flushed circuit and refilled with filtered oil",Hydraulic filter,Operational test passed,13.51,9.49,43732.13,2022-09-18,Closed,"Technician checked Main Control Valve, recorded the reported symptom, performed the required service action, and completed a post-service test."
SR-00753,MR-00753,EQ-0012,TECH-0102,2026-01-14,Corrective,Day,12204,Engine Cooling System: Internal leakage; observed symptom: travel function loses power on incline.,Temperature and pressure checks,restricted return filter,inspected valve spool movement and cleaned the valve assembly,Accumulator charging kit,Pressure test passed,13.0,5.18,11093.59,2026-04-16,Closed,"Technician checked Engine Cooling System, recorded the reported symptom, performed the required service action, and completed a post-service test."
SR-00754,MR-00754,EQ-0191,TECH-0167,2023-10-16,Preventive,Evening,11995,Fuel System: Filter blockage; observed symptom: boom movement slow under load.,Filter inspection and fluid condition check,sticking spool valve,checked pump output and inspected for internal leakage,Pump seal kit,Leak test passed,8.67,4.23,48433.01,2024-05-01,Closed - Monitor,"Technician checked Fuel System, recorded the reported symptom, performed the required service action, and completed a post-service test."
SR-00755,MR-00755,EQ-0234,TECH-0612,2022-06-13,Corrective,Night,3471,Main Control Valve: Restricted flow; observed symptom: travel function loses power on incline.,Leak inspection and functional test,high oil temperature,inspected hydraulic circuit and isolated the affected component,Hydraulic hose,Functional test passed,9.32,7.31,11111.85,2022-09-26,Closed,"Technician checked Main Control Valve, recorded the reported symptom, performed the required service action, and completed a post-service test."
SR-00756,MR-00756,EQ-0083,TECH-0522,2026-03-21,Condition-Based,Day,11341,Fuel System: Valve sticking; observed symptom: visible oil leak near hydraulic line.,Leak inspection and functional test,loss of accumulator pre-charge,checked accumulator pre-charge and restored it to service specification,Hydraulic line fittings,Operational test passed,8.68,5.37,30680.8,2026-09-16,Closed,"Technician checked Fuel System, recorded the reported symptom, performed the required service action, and completed a post-service test."
SR-00757,MR-00757,EQ-0205,TECH-0268,2023-04-28,Corrective,Day,10336,Pilot Valve: External leakage; observed symptom: hydraulic flow is low at operating temperature.,Visual inspection and pressure test,internal cylinder leakage,tested pilot pressure and inspected pilot circuit,Valve O-rings,Leak test passed,10.39,8.49,69290.38,2023-07-06,Closed,"Technician checked Pilot Valve, recorded the reported symptom, performed the required service action, and completed a post-service test."
SR-00758,MR-00758,EQ-0153,TECH-0533,2023-08-17,Condition-Based,Evening,2658,Hydraulic Cooler: Cooler restriction; observed symptom: filter restriction indicator activated.,Visual inspection and pressure test,degraded hydraulic fluid,"drained contaminated oil, flushed circuit and refilled with filtered oil",Hydraulic filter,Operational test passed,5.16,4.16,6144.15,2023-10-13,Closed,"Technician checked Hydraulic Cooler, recorded the reported symptom, performed the required service action, and completed a post-service test."
SR-00759,MR-00759,EQ-0143,TECH-0642,2022-08-30,Inspection,Evening,12917,Hydraulic Tank: Line restriction; observed symptom: reduced digging force.,Filter inspection and fluid condition check,low pilot supply pressure,replaced restricted hydraulic filter and checked contamination source,Pump seal kit,Leak test passed,10.89,4.4,28300.9,2022-12-10,Follow-up Required,"Technician checked Hydraulic Tank, recorded the reported symptom, performed the required service action, and completed a post-service test."
SR-00760,MR-00760,EQ-0123,TECH-0541,2025-04-27,Condition-Based,Night,13321,Bucket Cylinder: Hose failure; observed symptom: hydraulic oil temperature rises during continuous operation.,Pressure and flow measurement,internal cylinder leakage,"drained contaminated oil, flushed circuit and refilled with filtered oil",Pump seal kit,Functional test passed,2.12,6.78,10069.4,2025-08-06,Closed,"Technician checked Bucket Cylinder, recorded the reported symptom, performed the required service action, and completed a post-service test."
SR-00761,MR-00761,EQ-0017,TECH-0634,2022-05-02,Corrective,Day,2927,Main Control Valve: Internal leakage; observed symptom: boom movement slow under load.,Temperature and pressure checks,degraded hydraulic fluid,checked pressure and flow at operating temperature,No replacement part,Operational test passed,5.42,5.91,46558.49,2022-07-14,Closed,"Technician checked Main Control Valve, recorded the reported symptom, performed the required service action, and completed a post-service test."
SR-00762,MR-00762,EQ-0179,TECH-0060,2025-10-09,Corrective,Evening,4632,Travel Motor: Internal leakage; observed symptom: visible oil leak near hydraulic line.,Leak inspection and functional test,internal cylinder leakage,checked pressure and flow at operating temperature,Hydraulic line fittings,Pressure test passed,3.22,1.43,58389.94,2026-01-07,Closed,"Technician checked Travel Motor, recorded the reported symptom, performed the required service action, and completed a post-service test."
SR-00763,MR-00763,EQ-0070,TECH-0755,2025-10-07,Corrective,Evening,12280,Hydraulic Hose: Valve sticking; observed symptom: filter restriction indicator activated.,Leak inspection and functional test,air entering suction line,inspected suction line for air ingress and corrected the connection,Hydraulic oil,Test passed; monitor during next shift,4.84,6.7,36261.81,2026-01-16,Closed,"Technician checked Hydraulic Hose, recorded the reported symptom, performed the required service action, and completed a post-service test."
SR-00764,MR-00764,EQ-0164,TECH-0648,2026-03-28,Corrective,Night,4835,Hydraulic Hose: Filter blockage; observed symptom: visible oil leak near hydraulic line.,Filter inspection and fluid condition check,degraded hydraulic fluid,checked pressure and flow at operating temperature,Cooler gasket set,Functional test passed,15.94,4.91,27096.65,2026-06-07,Closed,"Technician checked Hydraulic Hose, recorded the reported symptom, performed the required service action, and completed a post-service test."
SR-00765,MR-00765,EQ-0096,TECH-0328,2022-02-05,Corrective,Day,7087,Pilot Valve: Filter blockage; observed symptom: pump noise increases during operation.,Filter inspection and fluid condition check,damaged hydraulic hose,"drained contaminated oil, flushed circuit and refilled with filtered oil",Hydraulic hose,Pressure test passed,3.01,1.87,61810.64,2022-07-29,Closed,"Technician checked Pilot Valve, recorded the reported symptom, performed the required service action, and completed a post-service test."
SR-00766,MR-00766,EQ-0118,TECH-0909,2026-05-15,Preventive,Night,13680,Swing Motor: Hose failure; observed symptom: filter restriction indicator activated.,Pressure and flow measurement,damaged cylinder seal,inspected suction line for air ingress and corrected the connection,Cooler gasket set,Test passed; monitor during next shift,9.18,2.08,8247.3,2026-11-20,Closed,"Technician checked Swing Motor, recorded the reported symptom, performed the required service action, and completed a post-service test."
SR-00767,MR-00767,EQ-0126,TECH-0816,2026-02-20,Corrective,Day,4863,Bucket Cylinder: Internal leakage; observed symptom: filter restriction indicator activated.,Operational test under load,restricted hydraulic line,checked pump output and inspected for internal leakage,Pump seal kit,Operational test passed,13.03,0.61,59791.55,2026-04-11,Closed - Monitor,"Technician checked Bucket Cylinder, recorded the reported symptom, performed the required service action, and completed a post-service test."
SR-00768,MR-00768,EQ-0190,TECH-0497,2022-11-01,Corrective,Day,3807,Swing Motor: Internal leakage; observed symptom: hydraulic flow is low at operating temperature.,Visual inspection and pressure test,air entering suction line,inspected suction line for air ingress and corrected the connection,Pump seal kit,Operational test passed,6.72,0.25,61705.61,2023-03-20,Closed - Monitor,"Technician checked Swing Motor, recorded the reported symptom, performed the required service action, and completed a post-service test."
SR-00769,MR-00769,EQ-0080,TECH-0833,2022-11-11,Inspection,Day,10565,Arm Cylinder: Low pilot pressure; observed symptom: hydraulic oil appears contaminated.,Filter inspection and fluid condition check,high oil temperature,replaced damaged hose and pressure-tested the circuit,Cooler gasket set,Test passed; monitor during next shift,9.55,10.52,43441.3,2022-12-12,Closed - Monitor,"Technician checked Arm Cylinder, recorded the reported symptom, performed the required service action, and completed a post-service test."
SR-00770,MR-00770,EQ-0071,TECH-0281,2025-02-04,Corrective,Night,14467,Hydraulic Tank: Internal leakage; observed symptom: hydraulic flow is low at operating temperature.,Operational test under load,high oil temperature,inspected suction line for air ingress and corrected the connection,Hydraulic hose,Operational test passed,10.31,3.13,62002.92,2025-03-10,Closed,"Technician checked Hydraulic Tank, recorded the reported symptom, performed the required service action, and completed a post-service test."
SR-00771,MR-00771,EQ-0022,TECH-0511,2022-08-18,Preventive,Night,6474,Accumulator: Line restriction; observed symptom: filter restriction indicator activated.,Pressure and flow measurement,contaminated hydraulic oil,checked accumulator pre-charge and restored it to service specification,Hydraulic filter,Pressure test passed,5.73,3.29,35047.05,2023-01-22,Closed,"Technician checked Accumulator, recorded the reported symptom, performed the required service action, and completed a post-service test."
SR-00772,MR-00772,EQ-0162,TECH-0839,2026-05-26,Corrective,Day,3835,Hydraulic Filter: Oil contamination; observed symptom: hydraulic flow is low at operating temperature.,Visual inspection and pressure test,restricted return filter,checked pump output and inspected for internal leakage,No replacement part,Functional test passed,4.23,5.0,55185.89,2026-10-01,Closed,"Technician checked Hydraulic Filter, recorded the reported symptom, performed the required service action, and completed a post-service test."
SR-00773,MR-00773,EQ-0128,TECH-0596,2023-01-16,Corrective,Day,15049,Hydraulic Filter: Line restriction; observed symptom: pilot pressure below expected range.,Pressure and flow measurement,low pilot supply pressure,inspected valve spool movement and cleaned the valve assembly,Cylinder seal kit,Leak test passed,13.33,2.31,18298.76,2023-08-12,Closed,"Technician checked Hydraulic Filter, recorded the reported symptom, performed the required service action, and completed a post-service test."
SR-00774,MR-00774,EQ-0118,TECH-0049,2026-04-18,Condition-Based,Evening,5887,Fuel System: External leakage; observed symptom: arm movement slow after hydraulic oil warms.,Pressure and flow measurement,restricted return filter,checked accumulator pre-charge and restored it to service specification,No replacement part,Test passed; monitor during next shift,5.66,7.08,52243.43,2026-09-19,Closed,"Technician checked Fuel System, recorded the reported symptom, performed the required service action, and completed a post-service test."
SR-00775,MR-00775,EQ-0107,TECH-0912,2022-10-01,Corrective,Evening,17162,Bucket Cylinder: Valve sticking; observed symptom: hydraulic flow is low at operating temperature.,Pressure and flow measurement,sticking spool valve,replaced restricted hydraulic filter and checked contamination source,Cylinder seal kit,Pressure test passed,1.08,0.25,42636.14,2023-01-25,Closed,"Technician checked Bucket Cylinder, recorded the reported symptom, performed the required service action, and completed a post-service test."
SR-00776,MR-00776,EQ-0054,TECH-0549,2023-12-27,Corrective,Day,15374,Hydraulic Pump: Valve sticking; observed symptom: swing movement is slow.,Filter inspection and fluid condition check,worn pump components,replaced restricted hydraulic filter and checked contamination source,Return filter element,Leak test passed,14.02,1.22,36580.01,2024-05-27,Closed,"Technician checked Hydraulic Pump, recorded the reported symptom, performed the required service action, and completed a post-service test."
SR-00777,MR-00777,EQ-0229,TECH-0146,2024-08-02,Preventive,Night,2726,Engine Cooling System: Filter blockage; observed symptom: reduced digging force.,Operational test under load,worn pump components,replaced damaged hose and pressure-tested the circuit,Hydraulic oil,Functional test passed,5.27,6.18,47599.92,2024-12-05,Closed - Monitor,"Technician checked Engine Cooling System, recorded the reported symptom, performed the required service action, and completed a post-service test."
SR-00778,MR-00778,EQ-0118,TECH-0711,2026-08-22,Corrective,Day,17662,Accumulator: Filter blockage; observed symptom: pump noise increases during operation.,Visual inspection and pressure test,sticking spool valve,replaced restricted hydraulic filter and checked contamination source,Accumulator charging kit,Leak test passed,3.95,2.0,12371.82,2026-11-26,Closed - Monitor,"Technician checked Accumulator, recorded the reported symptom, performed the required service action, and completed a post-service test."
SR-00779,MR-00779,EQ-0061,TECH-0014,2022-03-05,Inspection,Night,11344,Swing Motor: Accumulator pressure loss; observed symptom: hydraulic oil appears contaminated.,Pressure and flow measurement,restricted hydraulic line,tested pilot pressure and inspected pilot circuit,Hydraulic line fittings,Pressure test passed,14.61,0.25,18683.03,2022-04-22,Closed - Monitor,"Technician checked Swing Motor, recorded the reported symptom, performed the required service action, and completed a post-service test."
SR-00780,MR-00780,EQ-0152,TECH-0081,2024-09-26,Corrective,Night,15493,Hydraulic Hose: Line restriction; observed symptom: bucket cylinder leaking externally.,Visual inspection and pressure test,loss of accumulator pre-charge,inspected valve spool movement and cleaned the valve assembly,Hydraulic line fittings,Functional test passed,12.82,1.5,41600.16,2025-04-01,Closed,"Technician checked Hydraulic Hose, recorded the reported symptom, performed the required service action, and completed a post-service test."
SR-00781,MR-00781,EQ-0081,TECH-0053,2022-04-24,Corrective,Evening,9219,Swing Motor: Cooler restriction; observed symptom: boom movement slow under load.,Leak inspection and functional test,loss of accumulator pre-charge,checked accumulator pre-charge and restored it to service specification,Valve O-rings,Functional test passed,13.92,5.56,69153.9,2022-11-09,Closed,"Technician checked Swing Motor, recorded the reported symptom, performed the required service action, and completed a post-service test."
SR-00782,MR-00782,EQ-0155,TECH-0742,2026-06-21,Corrective,Day,5961,Swing Motor: Restricted flow; observed symptom: pilot pressure below expected range.,Filter inspection and fluid condition check,restricted hydraulic line,inspected valve spool movement and cleaned the valve assembly,Return filter element,Operational test passed,14.88,8.95,58589.95,2026-08-15,Closed,"Technician checked Swing Motor, recorded the reported symptom, performed the required service action, and completed a post-service test."
SR-00783,MR-00783,EQ-0115,TECH-0114,2023-06-21,Corrective,Evening,2703,Travel Motor: Valve sticking; observed symptom: hydraulic response is jerky.,Leak inspection and functional test,worn pump components,checked pump output and inspected for internal leakage,Accumulator charging kit,Test passed; monitor during next shift,1.83,2.68,33715.24,2023-08-31,Closed,"Technician checked Travel Motor, recorded the reported symptom, performed the required service action, and completed a post-service test."
SR-00784,MR-00784,EQ-0141,TECH-0931,2025-03-12,Inspection,Evening,7890,Hydraulic Line: Cooler restriction; observed symptom: hydraulic flow is low at operating temperature.,Operational test under load,restricted hydraulic line,checked pressure and flow at operating temperature,Hydraulic oil,Test passed; monitor during next shift,2.5,5.65,29285.91,2025-08-31,Closed,"Technician checked Hydraulic Line, recorded the reported symptom, performed the required service action, and completed a post-service test."
SR-00785,MR-00785,EQ-0084,TECH-0705,2025-05-16,Corrective,Evening,5444,Hydraulic Line: Low pilot pressure; observed symptom: travel function loses power on incline.,Temperature and pressure checks,sticking spool valve,inspected suction line for air ingress and corrected the connection,No replacement part,Functional test passed,3.34,3.84,7484.03,2025-06-24,Closed,"Technician checked Hydraulic Line, recorded the reported symptom, performed the required service action, and completed a post-service test."
SR-00786,MR-00786,EQ-0183,TECH-0229,2024-01-08,Condition-Based,Evening,13200,Pilot Valve: Pump wear; observed symptom: filter restriction indicator activated.,Visual inspection and pressure test,air entering suction line,inspected hydraulic circuit and isolated the affected component,Return filter element,Pressure test passed,3.63,6.66,63589.69,2024-03-13,Closed - Monitor,"Technician checked Pilot Valve, recorded the reported symptom, performed the required service action, and completed a post-service test."
SR-00787,MR-00787,EQ-0020,TECH-0582,2023-09-09,Preventive,Evening,6157,Boom Cylinder: Hose failure; observed symptom: swing movement is slow.,Leak inspection and functional test,air entering suction line,inspected hydraulic circuit and isolated the affected component,Hydraulic line fittings,Test passed; monitor during next shift,15.94,4.98,18247.79,2023-11-17,Closed,"Technician checked Boom Cylinder, recorded the reported symptom, performed the required service action, and completed a post-service test."
SR-00788,MR-00788,EQ-0199,TECH-0583,2026-02-24,Corrective,Evening,16045,Bucket Cylinder: Restricted flow; observed symptom: hydraulic flow is low at operating temperature.,Filter inspection and fluid condition check,blocked cooler core,"drained contaminated oil, flushed circuit and refilled with filtered oil",Hydraulic filter,Functional test passed,12.68,1.69,12081.88,2026-07-25,Closed,"Technician checked Bucket Cylinder, recorded the reported symptom, performed the required service action, and completed a post-service test."
SR-00789,MR-00789,EQ-0014,TECH-0770,2025-09-28,Inspection,Night,4594,Hydraulic Tank: Restricted flow; observed symptom: hydraulic flow is low at operating temperature.,Pressure and flow measurement,damaged hydraulic hose,checked pressure and flow at operating temperature,Return filter element,Operational test passed,7.56,3.37,9371.14,2025-10-28,Closed - Monitor,"Technician checked Hydraulic Tank, recorded the reported symptom, performed the required service action, and completed a post-service test."
SR-00790,MR-00790,EQ-0036,TECH-0781,2024-09-11,Corrective,Evening,18029,Boom Cylinder: Restricted flow; observed symptom: filter restriction indicator activated.,Leak inspection and functional test,sticking spool valve,tested pilot pressure and inspected pilot circuit,Valve O-rings,Leak test passed,1.84,1.46,33903.09,2025-01-04,Closed,"Technician checked Boom Cylinder, recorded the reported symptom, performed the required service action, and completed a post-service test."
SR-00791,MR-00791,EQ-0185,TECH-0811,2023-11-22,Corrective,Day,1990,Engine Cooling System: Valve sticking; observed symptom: swing movement is slow.,Operational test under load,high oil temperature,inspected hydraulic circuit and isolated the affected component,Valve O-rings,Test passed; monitor during next shift,15.73,8.55,31073.33,2024-03-24,Closed,"Technician checked Engine Cooling System, recorded the reported symptom, performed the required service action, and completed a post-service test."
SR-00792,MR-00792,EQ-0141,TECH-0781,2024-09-25,Preventive,Evening,11412,Accumulator: Line restriction; observed symptom: arm movement slow after hydraulic oil warms.,Leak inspection and functional test,restricted return filter,checked pump output and inspected for internal leakage,Valve O-rings,Operational test passed,5.33,2.42,19845.35,2025-02-13,Closed,"Technician checked Accumulator, recorded the reported symptom, performed the required service action, and completed a post-service test."
SR-00793,MR-00793,EQ-0121,TECH-0835,2023-10-11,Corrective,Evening,14478,Hydraulic Tank: Cooler restriction; observed symptom: hydraulic oil appears contaminated.,Visual inspection and pressure test,damaged cylinder seal,checked accumulator pre-charge and restored it to service specification,Hydraulic hose,Pressure test passed,11.65,6.99,74343.93,2024-01-26,Closed,"Technician checked Hydraulic Tank, recorded the reported symptom, performed the required service action, and completed a post-service test."
SR-00794,MR-00794,EQ-0142,TECH-0854,2024-02-01,Corrective,Evening,2439,Hydraulic Hose: Oil contamination; observed symptom: reduced digging force.,Visual inspection and pressure test,low pilot supply pressure,checked pump output and inspected for internal leakage,Cylinder seal kit,Operational test passed,5.76,1.46,30683.01,2024-04-22,Closed,"Technician checked Hydraulic Hose, recorded the reported symptom, performed the required service action, and completed a post-service test."
SR-00795,MR-00795,EQ-0204,TECH-0537,2022-02-02,Corrective,Evening,9632,Hydraulic Tank: Hose failure; observed symptom: arm movement slow after hydraulic oil warms.,Operational test under load,sticking spool valve,checked pump output and inspected for internal leakage,Pump seal kit,Test passed; monitor during next shift,15.9,4.54,58280.61,2022-07-29,Closed,"Technician checked Hydraulic Tank, recorded the reported symptom, performed the required service action, and completed a post-service test."
SR-00796,MR-00796,EQ-0123,TECH-0710,2022-09-24,Corrective,Evening,15498,Engine Cooling System: Internal leakage; observed symptom: pump noise increases during operation.,Visual inspection and pressure test,internal cylinder leakage,inspected suction line for air ingress and corrected the connection,Hydraulic line fittings,Test passed; monitor during next shift,6.45,2.23,19783.39,2022-11-06,Closed,"Technician checked Engine Cooling System, recorded the reported symptom, performed the required service action, and completed a post-service test."
SR-00797,MR-00797,EQ-0090,TECH-0599,2025-11-24,Inspection,Evening,13707,Hydraulic Cooler: Hose failure; observed symptom: reduced digging force.,Pressure and flow measurement,sticking spool valve,checked accumulator pre-charge and restored it to service specification,Valve O-rings,Functional test passed,3.53,2.12,33159.77,2026-05-12,Closed,"Technician checked Hydraulic Cooler, recorded the reported symptom, performed the required service action, and completed a post-service test."
SR-00798,MR-00798,EQ-0013,TECH-0498,2022-07-22,Preventive,Day,5409,Hydraulic Tank: External leakage; observed symptom: visible oil leak near hydraulic line.,Leak inspection and functional test,air entering suction line,inspected hydraulic circuit and isolated the affected component,Accumulator charging kit,Functional test passed,2.59,10.79,43392.99,2022-09-26,Closed,"Technician checked Hydraulic Tank, recorded the reported symptom, performed the required service action, and completed a post-service test."
SR-00799,MR-00799,EQ-0237,TECH-0297,2023-10-24,Corrective,Night,3925,Main Control Valve: Pump wear; observed symptom: hydraulic oil appears contaminated.,Leak inspection and functional test,sticking spool valve,checked accumulator pre-charge and restored it to service specification,Hydraulic oil,Operational test passed,13.5,4.71,26626.24,2024-04-07,Closed,"Technician checked Main Control Valve, recorded the reported symptom, performed the required service action, and completed a post-service test."
SR-00800,MR-00800,EQ-0202,TECH-0400,2026-01-12,Inspection,Day,5513,Hydraulic Hose: Overheating; observed symptom: bucket will not open normally.,Pressure and flow measurement,loss of accumulator pre-charge,"drained contaminated oil, flushed circuit and refilled with filtered oil",Valve O-rings,Operational test passed,15.13,4.93,64697.96,2026-06-17,Closed - Monitor,"Technician checked Hydraulic Hose, recorded the reported symptom, performed the required service action, and completed a post-service test."
SR-00801,MR-00801,EQ-0234,TECH-0360,2026-08-02,Corrective,Day,16746,Boom Cylinder: Restricted flow; observed symptom: swing movement is slow.,Temperature and pressure checks,blocked cooler core,checked pressure and flow at operating temperature,Hydraulic line fittings,Test passed; monitor during next shift,10.99,3.36,16079.89,2026-10-27,Closed,"Technician checked Boom Cylinder, recorded the reported symptom, performed the required service action, and completed a post-service test."
SR-00802,MR-00802,EQ-0068,TECH-0797,2024-03-29,Inspection,Day,5308,Hydraulic Line: Pump wear; observed symptom: pilot pressure below expected range.,Operational test under load,damaged cylinder seal,checked accumulator pre-charge and restored it to service specification,Cylinder seal kit,Functional test passed,4.81,2.68,61334.45,2024-09-04,Closed,"Technician checked Hydraulic Line, recorded the reported symptom, performed the required service action, and completed a post-service test."
SR-00803,MR-00803,EQ-0114,TECH-0224,2023-04-23,Corrective,Night,18377,Accumulator: Hose failure; observed symptom: travel function loses power on incline.,Leak inspection and functional test,low pilot supply pressure,inspected hydraulic circuit and isolated the affected component,Hydraulic hose,Functional test passed,12.71,3.8,50072.2,2023-10-26,Closed - Monitor,"Technician checked Accumulator, recorded the reported symptom, performed the required service action, and completed a post-service test."
SR-00804,MR-00804,EQ-0201,TECH-0214,2025-06-13,Corrective,Night,11138,Hydraulic Cooler: Pump wear; observed symptom: bucket cylinder leaking externally.,Temperature and pressure checks,degraded hydraulic fluid,replaced damaged hose and pressure-tested the circuit,Hydraulic hose,Pressure test passed,10.35,3.87,55821.88,2025-09-05,Follow-up Required,"Technician checked Hydraulic Cooler, recorded the reported symptom, performed the required service action, and completed a post-service test."
SR-00805,MR-00805,EQ-0173,TECH-0760,2023-10-09,Corrective,Evening,13437,Boom Cylinder: Low pilot pressure; observed symptom: arm movement slow after hydraulic oil warms.,Filter inspection and fluid condition check,degraded hydraulic fluid,cleaned cooler and verified hydraulic oil temperature,Valve O-rings,Pressure test passed,15.67,2.26,22451.37,2023-11-08,Closed,"Technician checked Boom Cylinder, recorded the reported symptom, performed the required service action, and completed a post-service test."
SR-00806,MR-00806,EQ-0074,TECH-0137,2022-06-27,Preventive,Night,15702,Hydraulic Pump: Valve sticking; observed symptom: hydraulic oil temperature rises during continuous operation.,Temperature and pressure checks,restricted hydraulic line,checked pump output and inspected for internal leakage,Cooler gasket set,Operational test passed,15.31,6.04,53390.14,2023-01-02,Closed,"Technician checked Hydraulic Pump, recorded the reported symptom, performed the required service action, and completed a post-service test."
SR-00807,MR-00807,EQ-0153,TECH-0841,2022-06-08,Corrective,Night,13749,Hydraulic Pump: Pump wear; observed symptom: hydraulic flow is low at operating temperature.,Pressure and flow measurement,air entering suction line,replaced damaged seal kit and performed leak test,Cooler gasket set,Test passed; monitor during next shift,2.41,2.8,18624.38,2022-10-18,Closed,"Technician checked Hydraulic Pump, recorded the reported symptom, performed the required service action, and completed a post-service test."
SR-00808,MR-00808,EQ-0002,TECH-0451,2024-05-20,Preventive,Evening,6075,Hydraulic Hose: Cylinder seal wear; observed symptom: hydraulic oil appears contaminated.,Leak inspection and functional test,low pilot supply pressure,replaced damaged seal kit and performed leak test,Pilot filter,Functional test passed,14.8,2.5,40730.15,2024-07-06,Closed,"Technician checked Hydraulic Hose, recorded the reported symptom, performed the required service action, and completed a post-service test."
SR-00809,MR-00809,EQ-0076,TECH-0739,2023-01-15,Corrective,Evening,11470,Swing Motor: Low pilot pressure; observed symptom: pilot pressure below expected range.,Operational test under load,restricted return filter,replaced damaged hose and pressure-tested the circuit,Hydraulic filter,Leak test passed,7.73,9.94,53887.69,2023-07-04,Closed,"Technician checked Swing Motor, recorded the reported symptom, performed the required service action, and completed a post-service test."
SR-00810,MR-00810,EQ-0166,TECH-0830,2025-12-20,Preventive,Day,15966,Main Control Valve: Filter blockage; observed symptom: bucket cylinder leaking externally.,Filter inspection and fluid condition check,contaminated hydraulic oil,inspected hydraulic circuit and isolated the affected component,Hydraulic line fittings,Test passed; monitor during next shift,4.76,3.7,30835.42,2026-03-10,Closed - Monitor,"Technician checked Main Control Valve, recorded the reported symptom, performed the required service action, and completed a post-service test."
SR-00811,MR-00811,EQ-0216,TECH-0922,2023-07-20,Corrective,Evening,3266,Hydraulic Line: Overheating; observed symptom: swing movement is slow.,Filter inspection and fluid condition check,sticking spool valve,checked pressure and flow at operating temperature,Hydraulic hose,Test passed; monitor during next shift,13.27,2.79,50579.69,2024-01-03,Closed,"Technician checked Hydraulic Line, recorded the reported symptom, performed the required service action, and completed a post-service test."
SR-00812,MR-00812,EQ-0039,TECH-0652,2024-09-14,Corrective,Day,2234,Main Control Valve: Pump wear; observed symptom: bucket will not open normally.,Visual inspection and pressure test,air entering suction line,tested pilot pressure and inspected pilot circuit,Valve O-rings,Operational test passed,0.76,0.92,65464.51,2025-03-27,Closed,"Technician checked Main Control Valve, recorded the reported symptom, performed the required service action, and completed a post-service test."
SR-00813,MR-00813,EQ-0061,TECH-0785,2023-10-18,Condition-Based,Night,10502,Hydraulic Tank: Restricted flow; observed symptom: hydraulic response is jerky.,Visual inspection and pressure test,internal cylinder leakage,inspected suction line for air ingress and corrected the connection,Return filter element,Leak test passed,6.78,0.25,47052.42,2023-12-20,Closed - Monitor,"Technician checked Hydraulic Tank, recorded the reported symptom, performed the required service action, and completed a post-service test."
SR-00814,MR-00814,EQ-0196,TECH-0394,2022-12-06,Condition-Based,Day,13101,Bucket Cylinder: Cylinder seal wear; observed symptom: boom movement slow under load.,Temperature and pressure checks,high oil temperature,checked pump output and inspected for internal leakage,Pilot filter,Pressure test passed,12.69,6.32,68798.86,2023-01-12,Closed,"Technician checked Bucket Cylinder, recorded the reported symptom, performed the required service action, and completed a post-service test."
SR-00815,MR-00815,EQ-0237,TECH-0867,2024-04-20,Preventive,Night,14425,Boom Cylinder: Low pilot pressure; observed symptom: hydraulic response is jerky.,Filter inspection and fluid condition check,high oil temperature,"drained contaminated oil, flushed circuit and refilled with filtered oil",No replacement part,Pressure test passed,11.17,2.74,39310.16,2024-09-07,Closed,"Technician checked Boom Cylinder, recorded the reported symptom, performed the required service action, and completed a post-service test."
SR-00816,MR-00816,EQ-0188,TECH-0950,2022-03-10,Condition-Based,Evening,13229,Travel Motor: External leakage; observed symptom: hydraulic response is jerky.,Temperature and pressure checks,air entering suction line,checked pump output and inspected for internal leakage,Hydraulic hose,Leak test passed,5.49,5.52,12642.28,2022-06-02,Closed,"Technician checked Travel Motor, recorded the reported symptom, performed the required service action, and completed a post-service test."
SR-00817,MR-00817,EQ-0139,TECH-0420,2023-03-27,Preventive,Night,10797,Hydraulic Pump: External leakage; observed symptom: arm movement slow after hydraulic oil warms.,Operational test under load,internal cylinder leakage,replaced restricted hydraulic filter and checked contamination source,Valve O-rings,Operational test passed,9.06,7.83,58665.19,2023-08-14,Closed,"Technician checked Hydraulic Pump, recorded the reported symptom, performed the required service action, and completed a post-service test."
SR-00818,MR-00818,EQ-0193,TECH-0038,2025-03-01,Corrective,Evening,6336,Hydraulic Filter: Internal leakage; observed symptom: pilot pressure below expected range.,Leak inspection and functional test,blocked cooler core,replaced restricted hydraulic filter and checked contamination source,Cooler gasket set,Functional test passed,13.96,6.98,74324.7,2025-09-01,Closed - Monitor,"Technician checked Hydraulic Filter, recorded the reported symptom, performed the required service action, and completed a post-service test."
SR-00819,MR-00819,EQ-0180,TECH-0634,2023-03-30,Condition-Based,Day,16167,Hydraulic Tank: Oil contamination; observed symptom: filter restriction indicator activated.,Visual inspection and pressure test,degraded hydraulic fluid,replaced restricted hydraulic filter and checked contamination source,Pump seal kit,Test passed; monitor during next shift,12.37,3.5,47274.21,2023-10-09,Closed,"Technician checked Hydraulic Tank, recorded the reported symptom, performed the required service action, and completed a post-service test."
SR-00820,MR-00820,EQ-0037,TECH-0922,2023-03-24,Corrective,Evening,3689,Hydraulic Hose: Cooler restriction; observed symptom: arm movement slow after hydraulic oil warms.,Leak inspection and functional test,damaged hydraulic hose,inspected valve spool movement and cleaned the valve assembly,Return filter element,Pressure test passed,1.58,2.58,12893.26,2023-09-16,Closed - Monitor,"Technician checked Hydraulic Hose, recorded the reported symptom, performed the required service action, and completed a post-service test."
SR-00821,MR-00821,EQ-0209,TECH-0709,2023-10-11,Corrective,Evening,17948,Boom Cylinder: Filter blockage; observed symptom: boom movement slow under load.,Temperature and pressure checks,damaged cylinder seal,"drained contaminated oil, flushed circuit and refilled with filtered oil",Hydraulic line fittings,Operational test passed,4.46,9.41,47153.49,2023-12-12,Closed,"Technician checked Boom Cylinder, recorded the reported symptom, performed the required service action, and completed a post-service test."
SR-00822,MR-00822,EQ-0105,TECH-0661,2024-05-01,Corrective,Night,17446,Bucket Cylinder: Filter blockage; observed symptom: travel function loses power on incline.,Operational test under load,restricted hydraulic line,checked pump output and inspected for internal leakage,Hydraulic oil,Operational test passed,15.92,0.25,36840.51,2024-06-14,Closed,"Technician checked Bucket Cylinder, recorded the reported symptom, performed the required service action, and completed a post-service test."
SR-00823,MR-00823,EQ-0109,TECH-0906,2025-02-01,Corrective,Evening,2800,Swing Motor: Valve sticking; observed symptom: reduced digging force.,Filter inspection and fluid condition check,internal cylinder leakage,inspected suction line for air ingress and corrected the connection,Hydraulic oil,Operational test passed,13.49,7.06,71225.29,2025-06-30,Closed - Monitor,"Technician checked Swing Motor, recorded the reported symptom, performed the required service action, and completed a post-service test."
SR-00824,MR-00824,EQ-0236,TECH-0061,2022-12-12,Preventive,Night,17610,Hydraulic Hose: Accumulator pressure loss; observed symptom: filter restriction indicator activated.,Temperature and pressure checks,contaminated hydraulic oil,replaced damaged hose and pressure-tested the circuit,No replacement part,Test passed; monitor during next shift,13.75,0.51,22554.56,2023-03-27,Closed,"Technician checked Hydraulic Hose, recorded the reported symptom, performed the required service action, and completed a post-service test."
SR-00825,MR-00825,EQ-0198,TECH-0196,2022-09-01,Inspection,Evening,13620,Hydraulic Hose: Overheating; observed symptom: hydraulic oil temperature rises during continuous operation.,Temperature and pressure checks,worn pump components,tested pilot pressure and inspected pilot circuit,Valve O-rings,Functional test passed,10.24,3.97,27301.06,2022-10-15,Closed - Monitor,"Technician checked Hydraulic Hose, recorded the reported symptom, performed the required service action, and completed a post-service test."
SR-00826,MR-00826,EQ-0226,TECH-0349,2024-09-03,Corrective,Day,11321,Swing Motor: Restricted flow; observed symptom: reduced digging force.,Visual inspection and pressure test,damaged cylinder seal,inspected hydraulic circuit and isolated the affected component,Pump seal kit,Functional test passed,3.31,4.48,41332.17,2025-01-12,Closed,"Technician checked Swing Motor, recorded the reported symptom, performed the required service action, and completed a post-service test."
SR-00827,MR-00827,EQ-0048,TECH-0061,2026-05-11,Corrective,Night,15230,Bucket Cylinder: Hose failure; observed symptom: hydraulic flow is low at operating temperature.,Visual inspection and pressure test,restricted return filter,replaced damaged seal kit and performed leak test,Hydraulic hose,Pressure test passed,1.23,2.4,51445.94,2026-07-06,Follow-up Required,"Technician checked Bucket Cylinder, recorded the reported symptom, performed the required service action, and completed a post-service test."
SR-00828,MR-00828,EQ-0142,TECH-0460,2026-08-03,Inspection,Night,18265,Arm Cylinder: Internal leakage; observed symptom: pump noise increases during operation.,Visual inspection and pressure test,restricted hydraulic line,checked accumulator pre-charge and restored it to service specification,Hydraulic line fittings,Pressure test passed,2.45,6.56,42064.84,2027-02-05,Closed,"Technician checked Arm Cylinder, recorded the reported symptom, performed the required service action, and completed a post-service test."
SR-00829,MR-00829,EQ-0216,TECH-0199,2026-03-09,Corrective,Day,9299,Hydraulic Tank: Filter blockage; observed symptom: pilot pressure below expected range.,Operational test under load,sticking spool valve,cleaned cooler and verified hydraulic oil temperature,Cooler gasket set,Pressure test passed,1.33,10.99,20372.39,2026-09-20,Closed,"Technician checked Hydraulic Tank, recorded the reported symptom, performed the required service action, and completed a post-service test."
SR-00830,MR-00830,EQ-0110,TECH-0832,2026-07-31,Condition-Based,Day,13514,Hydraulic Tank: Low pilot pressure; observed symptom: pilot pressure below expected range.,Leak inspection and functional test,internal cylinder leakage,tested pilot pressure and inspected pilot circuit,Accumulator charging kit,Test passed; monitor during next shift,15.28,3.71,22771.83,2026-12-10,Closed,"Technician checked Hydraulic Tank, recorded the reported symptom, performed the required service action, and completed a post-service test."
SR-00831,MR-00831,EQ-0122,TECH-0339,2026-07-10,Corrective,Day,12412,Accumulator: Filter blockage; observed symptom: hydraulic oil temperature rises during continuous operation.,Temperature and pressure checks,contaminated hydraulic oil,replaced damaged hose and pressure-tested the circuit,No replacement part,Leak test passed,11.66,6.93,11842.26,2026-08-22,Closed,"Technician checked Accumulator, recorded the reported symptom, performed the required service action, and completed a post-service test."
SR-00832,MR-00832,EQ-0225,TECH-0491,2024-03-11,Corrective,Night,12002,Swing Motor: Line restriction; observed symptom: filter restriction indicator activated.,Visual inspection and pressure test,low pilot supply pressure,inspected suction line for air ingress and corrected the connection,Hydraulic hose,Pressure test passed,13.91,0.25,53515.57,2024-08-15,Closed,"Technician checked Swing Motor, recorded the reported symptom, performed the required service action, and completed a post-service test."
SR-00833,MR-00833,EQ-0085,TECH-0036,2022-02-04,Corrective,Evening,6498,Accumulator: Pump wear; observed symptom: bucket will not open normally.,Leak inspection and functional test,high oil temperature,replaced damaged hose and pressure-tested the circuit,Hydraulic oil,Pressure test passed,9.51,4.67,52550.06,2022-04-30,Closed,"Technician checked Accumulator, recorded the reported symptom, performed the required service action, and completed a post-service test."
SR-00834,MR-00834,EQ-0028,TECH-0723,2022-12-22,Corrective,Night,12996,Fuel System: Overheating; observed symptom: pilot pressure below expected range.,Operational test under load,high oil temperature,tested pilot pressure and inspected pilot circuit,Valve O-rings,Operational test passed,1.39,4.69,21685.99,2023-06-01,Closed,"Technician checked Fuel System, recorded the reported symptom, performed the required service action, and completed a post-service test."
SR-00835,MR-00835,EQ-0166,TECH-0613,2024-03-17,Corrective,Evening,5341,Hydraulic Cooler: Hose failure; observed symptom: bucket will not open normally.,Leak inspection and functional test,restricted hydraulic line,checked pressure and flow at operating temperature,Hydraulic oil,Pressure test passed,7.05,8.7,36014.43,2024-09-17,Closed - Monitor,"Technician checked Hydraulic Cooler, recorded the reported symptom, performed the required service action, and completed a post-service test."
SR-00836,MR-00836,EQ-0154,TECH-0088,2023-04-21,Preventive,Evening,12153,Hydraulic Line: Filter blockage; observed symptom: pilot pressure below expected range.,Visual inspection and pressure test,damaged hydraulic hose,"drained contaminated oil, flushed circuit and refilled with filtered oil",Pump seal kit,Operational test passed,3.69,0.25,43202.16,2023-09-10,Closed,"Technician checked Hydraulic Line, recorded the reported symptom, performed the required service action, and completed a post-service test."
SR-00837,MR-00837,EQ-0060,TECH-0817,2023-03-24,Corrective,Evening,3877,Travel Motor: Filter blockage; observed symptom: pilot pressure below expected range.,Leak inspection and functional test,internal cylinder leakage,checked pressure and flow at operating temperature,Pump seal kit,Operational test passed,4.69,0.25,64452.32,2023-10-16,Closed,"Technician checked Travel Motor, recorded the reported symptom, performed the required service action, and completed a post-service test."
SR-00838,MR-00838,EQ-0193,TECH-0492,2025-01-25,Corrective,Evening,10915,Hydraulic Filter: Valve sticking; observed symptom: bucket will not open normally.,Operational test under load,high oil temperature,inspected valve spool movement and cleaned the valve assembly,Hydraulic line fittings,Operational test passed,4.09,5.55,65728.28,2025-06-14,Follow-up Required,"Technician checked Hydraulic Filter, recorded the reported symptom, performed the required service action, and completed a post-service test."
SR-00839,MR-00839,EQ-0217,TECH-0340,2024-07-28,Corrective,Night,12427,Main Control Valve: Filter blockage; observed symptom: swing movement is slow.,Temperature and pressure checks,blocked cooler core,"drained contaminated oil, flushed circuit and refilled with filtered oil",Hydraulic line fittings,Functional test passed,10.53,7.79,27856.22,2025-02-20,Closed - Monitor,"Technician checked Main Control Valve, recorded the reported symptom, performed the required service action, and completed a post-service test."
SR-00840,MR-00840,EQ-0051,TECH-0955,2023-03-08,Preventive,Night,14530,Hydraulic Filter: Restricted flow; observed symptom: visible oil leak near hydraulic line.,Temperature and pressure checks,contaminated hydraulic oil,checked pressure and flow at operating temperature,Hydraulic oil,Pressure test passed,9.43,8.78,37334.52,2023-07-17,Closed,"Technician checked Hydraulic Filter, recorded the reported symptom, performed the required service action, and completed a post-service test."
SR-00841,MR-00841,EQ-0054,TECH-0012,2024-03-21,Preventive,Night,6852,Pilot Valve: Restricted flow; observed symptom: hydraulic oil temperature rises during continuous operation.,Pressure and flow measurement,damaged cylinder seal,replaced damaged hose and pressure-tested the circuit,Pilot filter,Operational test passed,5.24,2.34,16478.14,2024-05-02,Closed,"Technician checked Pilot Valve, recorded the reported symptom, performed the required service action, and completed a post-service test."
SR-00842,MR-00842,EQ-0064,TECH-0505,2025-06-17,Corrective,Day,1883,Pilot Valve: Accumulator pressure loss; observed symptom: hydraulic oil temperature rises during continuous operation.,Leak inspection and functional test,internal cylinder leakage,checked accumulator pre-charge and restored it to service specification,No replacement part,Operational test passed,1.94,0.25,13464.77,2026-01-01,Closed,"Technician checked Pilot Valve, recorded the reported symptom, performed the required service action, and completed a post-service test."
SR-00843,MR-00843,EQ-0062,TECH-0542,2024-12-02,Corrective,Evening,13106,Hydraulic Filter: Cylinder seal wear; observed symptom: bucket will not open normally.,Visual inspection and pressure test,restricted hydraulic line,inspected suction line for air ingress and corrected the connection,Accumulator charging kit,Functional test passed,2.64,7.5,27987.92,2025-05-12,Closed,"Technician checked Hydraulic Filter, recorded the reported symptom, performed the required service action, and completed a post-service test."
SR-00844,MR-00844,EQ-0169,TECH-0593,2026-05-24,Condition-Based,Day,9509,Main Control Valve: External leakage; observed symptom: hydraulic oil temperature rises during continuous operation.,Temperature and pressure checks,damaged hydraulic hose,"drained contaminated oil, flushed circuit and refilled with filtered oil",No replacement part,Test passed; monitor during next shift,5.15,1.61,66552.34,2026-11-19,Closed,"Technician checked Main Control Valve, recorded the reported symptom, performed the required service action, and completed a post-service test."
SR-00845,MR-00845,EQ-0065,TECH-0938,2023-05-11,Inspection,Day,10197,Engine Cooling System: Cylinder seal wear; observed symptom: swing movement is slow.,Operational test under load,sticking spool valve,tested pilot pressure and inspected pilot circuit,Hydraulic line fittings,Operational test passed,5.69,3.86,70949.19,2023-07-04,Closed - Monitor,"Technician checked Engine Cooling System, recorded the reported symptom, performed the required service action, and completed a post-service test."
SR-00846,MR-00846,EQ-0086,TECH-0218,2024-12-16,Condition-Based,Evening,12308,Accumulator: Filter blockage; observed symptom: filter restriction indicator activated.,Pressure and flow measurement,low pilot supply pressure,checked pump output and inspected for internal leakage,Cooler gasket set,Functional test passed,3.8,8.5,52697.12,2025-02-17,Closed,"Technician checked Accumulator, recorded the reported symptom, performed the required service action, and completed a post-service test."
SR-00847,MR-00847,EQ-0159,TECH-0876,2022-07-26,Condition-Based,Evening,11266,Hydraulic Tank: Overheating; observed symptom: hydraulic flow is low at operating temperature.,Temperature and pressure checks,high oil temperature,"drained contaminated oil, flushed circuit and refilled with filtered oil",Valve O-rings,Test passed; monitor during next shift,6.69,0.25,55015.2,2022-10-12,Closed,"Technician checked Hydraulic Tank, recorded the reported symptom, performed the required service action, and completed a post-service test."
SR-00848,MR-00848,EQ-0229,TECH-0269,2023-05-31,Corrective,Evening,10652,Arm Cylinder: Hose failure; observed symptom: visible oil leak near hydraulic line.,Filter inspection and fluid condition check,air entering suction line,checked pressure and flow at operating temperature,Accumulator charging kit,Operational test passed,5.46,5.93,21755.06,2023-07-17,Closed - Monitor,"Technician checked Arm Cylinder, recorded the reported symptom, performed the required service action, and completed a post-service test."
SR-00849,MR-00849,EQ-0086,TECH-0473,2024-10-25,Corrective,Day,7140,Engine Cooling System: Pump wear; observed symptom: hydraulic response is jerky.,Filter inspection and fluid condition check,internal cylinder leakage,checked pressure and flow at operating temperature,Accumulator charging kit,Test passed; monitor during next shift,6.77,0.94,19006.51,2025-02-21,Follow-up Required,"Technician checked Engine Cooling System, recorded the reported symptom, performed the required service action, and completed a post-service test."
SR-00850,MR-00850,EQ-0051,TECH-0471,2023-02-14,Inspection,Night,3137,Pilot Valve: Restricted flow; observed symptom: boom movement slow under load.,Temperature and pressure checks,degraded hydraulic fluid,tested pilot pressure and inspected pilot circuit,Accumulator charging kit,Test passed; monitor during next shift,14.92,5.62,68433.75,2023-03-22,Closed,"Technician checked Pilot Valve, recorded the reported symptom, performed the required service action, and completed a post-service test."
SR-00851,MR-00851,EQ-0042,TECH-0036,2024-11-15,Preventive,Evening,10492,Bucket Cylinder: Cylinder seal wear; observed symptom: hydraulic response is jerky.,Visual inspection and pressure test,restricted hydraulic line,tested pilot pressure and inspected pilot circuit,Pilot filter,Functional test passed,2.15,4.31,49162.6,2025-03-02,Closed,"Technician checked Bucket Cylinder, recorded the reported symptom, performed the required service action, and completed a post-service test."
SR-00852,MR-00852,EQ-0085,TECH-0384,2023-07-28,Corrective,Evening,13805,Engine Cooling System: Oil contamination; observed symptom: filter restriction indicator activated.,Visual inspection and pressure test,degraded hydraulic fluid,checked pressure and flow at operating temperature,Pilot filter,Test passed; monitor during next shift,5.87,4.83,58575.45,2023-09-06,Closed,"Technician checked Engine Cooling System, recorded the reported symptom, performed the required service action, and completed a post-service test."
SR-00853,MR-00853,EQ-0025,TECH-0953,2022-03-05,Condition-Based,Evening,18068,Hydraulic Hose: External leakage; observed symptom: hydraulic oil temperature rises during continuous operation.,Temperature and pressure checks,restricted return filter,inspected hydraulic circuit and isolated the affected component,Hydraulic filter,Test passed; monitor during next shift,15.33,8.07,55611.44,2022-09-19,Closed - Monitor,"Technician checked Hydraulic Hose, recorded the reported symptom, performed the required service action, and completed a post-service test."
SR-00854,MR-00854,EQ-0054,TECH-0806,2022-10-08,Corrective,Evening,17946,Travel Motor: Valve sticking; observed symptom: hydraulic oil appears contaminated.,Filter inspection and fluid condition check,contaminated hydraulic oil,"drained contaminated oil, flushed circuit and refilled with filtered oil",Valve O-rings,Operational test passed,5.88,2.11,38949.41,2023-03-14,Closed,"Technician checked Travel Motor, recorded the reported symptom, performed the required service action, and completed a post-service test."
SR-00855,MR-00855,EQ-0105,TECH-0779,2026-06-13,Corrective,Evening,5213,Swing Motor: Cylinder seal wear; observed symptom: hydraulic response is jerky.,Visual inspection and pressure test,restricted hydraulic line,inspected valve spool movement and cleaned the valve assembly,Valve O-rings,Test passed; monitor during next shift,13.87,3.21,48195.86,2026-07-20,Follow-up Required,"Technician checked Swing Motor, recorded the reported symptom, performed the required service action, and completed a post-service test."
SR-00856,MR-00856,EQ-0178,TECH-0993,2023-12-07,Preventive,Night,5063,Hydraulic Pump: Internal leakage; observed symptom: bucket will not open normally.,Visual inspection and pressure test,internal cylinder leakage,replaced damaged hose and pressure-tested the circuit,Pilot filter,Pressure test passed,7.47,8.43,29387.17,2024-01-18,Closed,"Technician checked Hydraulic Pump, recorded the reported symptom, performed the required service action, and completed a post-service test."
SR-00857,MR-00857,EQ-0109,TECH-0399,2023-08-07,Condition-Based,Day,16069,Main Control Valve: Pump wear; observed symptom: boom movement slow under load.,Pressure and flow measurement,restricted hydraulic line,inspected suction line for air ingress and corrected the connection,No replacement part,Test passed; monitor during next shift,5.77,0.25,15491.28,2024-02-07,Closed,"Technician checked Main Control Valve, recorded the reported symptom, performed the required service action, and completed a post-service test."
SR-00858,MR-00858,EQ-0121,TECH-0418,2023-11-18,Corrective,Day,1849,Main Control Valve: Pump wear; observed symptom: filter restriction indicator activated.,Temperature and pressure checks,restricted hydraulic line,tested pilot pressure and inspected pilot circuit,Hydraulic oil,Test passed; monitor during next shift,2.31,2.12,8570.36,2024-05-24,Closed,"Technician checked Main Control Valve, recorded the reported symptom, performed the required service action, and completed a post-service test."
SR-00859,MR-00859,EQ-0174,TECH-0142,2023-04-27,Inspection,Evening,2427,Engine Cooling System: Cylinder seal wear; observed symptom: bucket cylinder leaking externally.,Visual inspection and pressure test,sticking spool valve,checked accumulator pre-charge and restored it to service specification,Cooler gasket set,Operational test passed,14.46,5.56,59142.61,2023-06-22,Closed,"Technician checked Engine Cooling System, recorded the reported symptom, performed the required service action, and completed a post-service test."
SR-00860,MR-00860,EQ-0001,TECH-0689,2025-02-25,Corrective,Day,9051,Hydraulic Cooler: Cylinder seal wear; observed symptom: visible oil leak near hydraulic line.,Filter inspection and fluid condition check,damaged hydraulic hose,tested pilot pressure and inspected pilot circuit,Pilot filter,Operational test passed,6.02,1.73,16503.17,2025-09-21,Closed,"Technician checked Hydraulic Cooler, recorded the reported symptom, performed the required service action, and completed a post-service test."
SR-00861,MR-00861,EQ-0171,TECH-0067,2023-09-19,Corrective,Day,17991,Pilot Valve: Pump wear; observed symptom: hydraulic oil appears contaminated.,Leak inspection and functional test,restricted hydraulic line,checked pressure and flow at operating temperature,Accumulator charging kit,Functional test passed,3.25,6.14,24877.16,2023-12-26,Closed,"Technician checked Pilot Valve, recorded the reported symptom, performed the required service action, and completed a post-service test."
SR-00862,MR-00862,EQ-0004,TECH-0348,2022-07-20,Corrective,Day,6315,Hydraulic Pump: Restricted flow; observed symptom: travel function loses power on incline.,Filter inspection and fluid condition check,internal cylinder leakage,replaced restricted hydraulic filter and checked contamination source,Return filter element,Operational test passed,14.98,6.6,48167.86,2022-10-14,Closed,"Technician checked Hydraulic Pump, recorded the reported symptom, performed the required service action, and completed a post-service test."
SR-00863,MR-00863,EQ-0213,TECH-0908,2022-12-17,Preventive,Night,2859,Fuel System: Oil contamination; observed symptom: hydraulic flow is low at operating temperature.,Temperature and pressure checks,sticking spool valve,checked accumulator pre-charge and restored it to service specification,Pump seal kit,Test passed; monitor during next shift,7.1,5.83,60352.07,2023-02-24,Closed - Monitor,"Technician checked Fuel System, recorded the reported symptom, performed the required service action, and completed a post-service test."
SR-00864,MR-00864,EQ-0182,TECH-0060,2022-06-21,Corrective,Evening,4814,Bucket Cylinder: Restricted flow; observed symptom: hydraulic flow is low at operating temperature.,Temperature and pressure checks,blocked cooler core,inspected hydraulic circuit and isolated the affected component,Pilot filter,Leak test passed,12.17,12.41,6300.54,2022-09-05,Closed,"Technician checked Bucket Cylinder, recorded the reported symptom, performed the required service action, and completed a post-service test."
SR-00865,MR-00865,EQ-0134,TECH-0007,2025-08-28,Preventive,Day,2607,Travel Motor: Hose failure; observed symptom: bucket cylinder leaking externally.,Temperature and pressure checks,internal cylinder leakage,inspected suction line for air ingress and corrected the connection,Hydraulic filter,Functional test passed,14.83,0.25,40952.14,2026-02-16,Closed,"Technician checked Travel Motor, recorded the reported symptom, performed the required service action, and completed a post-service test."
SR-00866,MR-00866,EQ-0200,TECH-0088,2023-09-22,Corrective,Evening,8887,Swing Motor: Oil contamination; observed symptom: reduced digging force.,Filter inspection and fluid condition check,blocked cooler core,checked accumulator pre-charge and restored it to service specification,Pump seal kit,Operational test passed,12.4,5.45,21638.35,2024-01-20,Follow-up Required,"Technician checked Swing Motor, recorded the reported symptom, performed the required service action, and completed a post-service test."
SR-00867,MR-00867,EQ-0020,TECH-0660,2023-02-01,Preventive,Day,14230,Boom Cylinder: Valve sticking; observed symptom: swing movement is slow.,Leak inspection and functional test,low pilot supply pressure,"drained contaminated oil, flushed circuit and refilled with filtered oil",No replacement part,Test passed; monitor during next shift,2.88,3.89,10427.89,2023-08-03,Closed,"Technician checked Boom Cylinder, recorded the reported symptom, performed the required service action, and completed a post-service test."
SR-00868,MR-00868,EQ-0164,TECH-0089,2024-09-17,Corrective,Day,2744,Pilot Valve: Air ingress; observed symptom: filter restriction indicator activated.,Visual inspection and pressure test,loss of accumulator pre-charge,replaced damaged hose and pressure-tested the circuit,Hydraulic filter,Test passed; monitor during next shift,8.95,1.79,24291.71,2024-10-29,Closed,"Technician checked Pilot Valve, recorded the reported symptom, performed the required service action, and completed a post-service test."
SR-00869,MR-00869,EQ-0231,TECH-0787,2023-11-11,Preventive,Night,2238,Arm Cylinder: Overheating; observed symptom: bucket cylinder leaking externally.,Temperature and pressure checks,low pilot supply pressure,replaced damaged hose and pressure-tested the circuit,Hydraulic hose,Operational test passed,14.74,4.37,42213.18,2024-01-26,Closed,"Technician checked Arm Cylinder, recorded the reported symptom, performed the required service action, and completed a post-service test."
SR-00870,MR-00870,EQ-0227,TECH-0511,2026-02-03,Inspection,Night,4243,Swing Motor: Air ingress; observed symptom: hydraulic oil temperature rises during continuous operation.,Pressure and flow measurement,restricted return filter,checked accumulator pre-charge and restored it to service specification,Hydraulic line fittings,Pressure test passed,6.95,9.49,60034.28,2026-04-27,Closed,"Technician checked Swing Motor, recorded the reported symptom, performed the required service action, and completed a post-service test."
SR-00871,MR-00871,EQ-0239,TECH-0455,2024-07-18,Inspection,Night,12331,Pilot Valve: Overheating; observed symptom: visible oil leak near hydraulic line.,Leak inspection and functional test,high oil temperature,inspected hydraulic circuit and isolated the affected component,Pilot filter,Test passed; monitor during next shift,11.83,1.93,22517.44,2024-12-05,Closed - Monitor,"Technician checked Pilot Valve, recorded the reported symptom, performed the required service action, and completed a post-service test."
SR-00872,MR-00872,EQ-0116,TECH-0137,2022-07-26,Inspection,Night,8071,Pilot Valve: Filter blockage; observed symptom: bucket cylinder leaking externally.,Visual inspection and pressure test,loss of accumulator pre-charge,inspected hydraulic circuit and isolated the affected component,Pump seal kit,Test passed; monitor during next shift,12.76,0.78,30269.5,2023-02-08,Closed,"Technician checked Pilot Valve, recorded the reported symptom, performed the required service action, and completed a post-service test."
SR-00873,MR-00873,EQ-0093,TECH-0776,2023-03-04,Preventive,Day,14802,Boom Cylinder: External leakage; observed symptom: visible oil leak near hydraulic line.,Visual inspection and pressure test,sticking spool valve,tested pilot pressure and inspected pilot circuit,Hydraulic line fittings,Functional test passed,2.67,1.78,13347.75,2023-04-06,Closed,"Technician checked Boom Cylinder, recorded the reported symptom, performed the required service action, and completed a post-service test."
SR-00874,MR-00874,EQ-0129,TECH-0691,2025-11-18,Inspection,Day,7845,Hydraulic Pump: Oil contamination; observed symptom: visible oil leak near hydraulic line.,Filter inspection and fluid condition check,loss of accumulator pre-charge,cleaned cooler and verified hydraulic oil temperature,No replacement part,Pressure test passed,10.36,4.41,10355.51,2026-05-15,Closed - Monitor,"Technician checked Hydraulic Pump, recorded the reported symptom, performed the required service action, and completed a post-service test."
SR-00875,MR-00875,EQ-0095,TECH-1000,2024-02-01,Corrective,Night,11714,Boom Cylinder: Restricted flow; observed symptom: hydraulic oil temperature rises during continuous operation.,Pressure and flow measurement,degraded hydraulic fluid,inspected valve spool movement and cleaned the valve assembly,Accumulator charging kit,Operational test passed,3.95,7.87,61577.22,2024-07-10,Closed,"Technician checked Boom Cylinder, recorded the reported symptom, performed the required service action, and completed a post-service test."
SR-00876,MR-00876,EQ-0116,TECH-0529,2024-10-07,Corrective,Day,12078,Fuel System: Accumulator pressure loss; observed symptom: hydraulic response is jerky.,Filter inspection and fluid condition check,degraded hydraulic fluid,checked accumulator pre-charge and restored it to service specification,Cooler gasket set,Operational test passed,12.64,6.76,71504.81,2025-04-11,Closed - Monitor,"Technician checked Fuel System, recorded the reported symptom, performed the required service action, and completed a post-service test."
SR-00877,MR-00877,EQ-0094,TECH-0809,2022-06-27,Corrective,Day,10274,Fuel System: External leakage; observed symptom: hydraulic response is jerky.,Operational test under load,contaminated hydraulic oil,replaced damaged hose and pressure-tested the circuit,Pump seal kit,Operational test passed,3.11,2.71,6204.79,2022-12-29,Closed - Monitor,"Technician checked Fuel System, recorded the reported symptom, performed the required service action, and completed a post-service test."
SR-00878,MR-00878,EQ-0059,TECH-0602,2023-02-23,Corrective,Night,7054,Fuel System: Air ingress; observed symptom: visible oil leak near hydraulic line.,Visual inspection and pressure test,restricted return filter,inspected suction line for air ingress and corrected the connection,Hydraulic hose,Pressure test passed,1.59,3.65,6801.86,2023-05-26,Closed - Monitor,"Technician checked Fuel System, recorded the reported symptom, performed the required service action, and completed a post-service test."
SR-00879,MR-00879,EQ-0218,TECH-0020,2023-06-25,Corrective,Night,2688,Swing Motor: Filter blockage; observed symptom: hydraulic flow is low at operating temperature.,Leak inspection and functional test,high oil temperature,checked accumulator pre-charge and restored it to service specification,Hydraulic hose,Operational test passed,15.48,5.72,51006.67,2023-08-09,Closed,"Technician checked Swing Motor, recorded the reported symptom, performed the required service action, and completed a post-service test."
SR-00880,MR-00880,EQ-0163,TECH-0655,2024-02-20,Preventive,Night,8745,Fuel System: Internal leakage; observed symptom: swing movement is slow.,Pressure and flow measurement,damaged cylinder seal,inspected valve spool movement and cleaned the valve assembly,Hydraulic line fittings,Leak test passed,8.21,1.53,65968.68,2024-08-21,Closed,"Technician checked Fuel System, recorded the reported symptom, performed the required service action, and completed a post-service test."
SR-00881,MR-00881,EQ-0014,TECH-0823,2022-12-21,Condition-Based,Day,3840,Pilot Valve: Restricted flow; observed symptom: hydraulic flow is low at operating temperature.,Pressure and flow measurement,restricted hydraulic line,checked pressure and flow at operating temperature,Return filter element,Functional test passed,8.94,10.02,43653.58,2023-05-01,Closed,"Technician checked Pilot Valve, recorded the reported symptom, performed the required service action, and completed a post-service test."
SR-00882,MR-00882,EQ-0220,TECH-0245,2022-01-24,Corrective,Night,11013,Hydraulic Line: Overheating; observed symptom: filter restriction indicator activated.,Filter inspection and fluid condition check,sticking spool valve,cleaned cooler and verified hydraulic oil temperature,Return filter element,Operational test passed,11.4,6.21,66245.77,2022-04-08,Closed,"Technician checked Hydraulic Line, recorded the reported symptom, performed the required service action, and completed a post-service test."
SR-00883,MR-00883,EQ-0070,TECH-0779,2022-04-06,Inspection,Evening,2413,Hydraulic Hose: Low pilot pressure; observed symptom: travel function loses power on incline.,Operational test under load,internal cylinder leakage,replaced damaged seal kit and performed leak test,Cooler gasket set,Functional test passed,5.29,4.52,61556.36,2022-10-15,Closed,"Technician checked Hydraulic Hose, recorded the reported symptom, performed the required service action, and completed a post-service test."
SR-00884,MR-00884,EQ-0183,TECH-0448,2024-02-03,Corrective,Night,16344,Hydraulic Pump: Restricted flow; observed symptom: hydraulic oil appears contaminated.,Temperature and pressure checks,restricted hydraulic line,"drained contaminated oil, flushed circuit and refilled with filtered oil",Pilot filter,Functional test passed,3.96,0.25,27439.8,2024-04-02,Closed,"Technician checked Hydraulic Pump, recorded the reported symptom, performed the required service action, and completed a post-service test."
SR-00885,MR-00885,EQ-0092,TECH-0159,2022-04-25,Inspection,Day,11295,Boom Cylinder: Pump wear; observed symptom: travel function loses power on incline.,Pressure and flow measurement,high oil temperature,replaced damaged seal kit and performed leak test,Hydraulic line fittings,Test passed; monitor during next shift,11.64,3.36,15177.64,2022-07-12,Closed,"Technician checked Boom Cylinder, recorded the reported symptom, performed the required service action, and completed a post-service test."
SR-00886,MR-00886,EQ-0229,TECH-0549,2026-04-01,Inspection,Day,2125,Hydraulic Line: Internal leakage; observed symptom: pump noise increases during operation.,Operational test under load,internal cylinder leakage,replaced restricted hydraulic filter and checked contamination source,Pilot filter,Pressure test passed,8.3,6.18,32256.32,2026-08-26,Closed - Monitor,"Technician checked Hydraulic Line, recorded the reported symptom, performed the required service action, and completed a post-service test."
SR-00887,MR-00887,EQ-0008,TECH-0946,2023-07-09,Preventive,Day,7858,Hydraulic Tank: Overheating; observed symptom: hydraulic flow is low at operating temperature.,Pressure and flow measurement,restricted return filter,inspected valve spool movement and cleaned the valve assembly,Pilot filter,Leak test passed,15.12,4.33,69890.78,2023-12-17,Follow-up Required,"Technician checked Hydraulic Tank, recorded the reported symptom, performed the required service action, and completed a post-service test."
SR-00888,MR-00888,EQ-0063,TECH-0077,2025-08-13,Preventive,Day,7996,Boom Cylinder: Low pilot pressure; observed symptom: arm movement slow after hydraulic oil warms.,Operational test under load,worn pump components,inspected suction line for air ingress and corrected the connection,Pilot filter,Test passed; monitor during next shift,5.77,6.89,5642.8,2026-02-10,Closed,"Technician checked Boom Cylinder, recorded the reported symptom, performed the required service action, and completed a post-service test."
SR-00889,MR-00889,EQ-0048,TECH-0152,2024-09-21,Condition-Based,Day,5209,Hydraulic Tank: Overheating; observed symptom: hydraulic flow is low at operating temperature.,Operational test under load,degraded hydraulic fluid,"drained contaminated oil, flushed circuit and refilled with filtered oil",Accumulator charging kit,Functional test passed,8.05,3.4,58564.6,2024-11-12,Closed,"Technician checked Hydraulic Tank, recorded the reported symptom, performed the required service action, and completed a post-service test."
SR-00890,MR-00890,EQ-0142,TECH-0212,2024-01-26,Corrective,Night,6743,Hydraulic Filter: Pump wear; observed symptom: reduced digging force.,Operational test under load,air entering suction line,tested pilot pressure and inspected pilot circuit,Hydraulic line fittings,Leak test passed,1.58,9.89,59044.38,2024-03-01,Closed,"Technician checked Hydraulic Filter, recorded the reported symptom, performed the required service action, and completed a post-service test."
SR-00891,MR-00891,EQ-0040,TECH-0482,2023-01-05,Corrective,Day,4588,Hydraulic Tank: Pump wear; observed symptom: pilot pressure below expected range.,Operational test under load,degraded hydraulic fluid,inspected suction line for air ingress and corrected the connection,Cylinder seal kit,Pressure test passed,10.48,3.06,57406.47,2023-02-06,Closed,"Technician checked Hydraulic Tank, recorded the reported symptom, performed the required service action, and completed a post-service test."
SR-00892,MR-00892,EQ-0199,TECH-0021,2024-10-01,Preventive,Evening,5756,Engine Cooling System: Cooler restriction; observed symptom: travel function loses power on incline.,Temperature and pressure checks,air entering suction line,checked pressure and flow at operating temperature,Return filter element,Pressure test passed,1.93,0.25,52525.01,2025-01-27,Closed,"Technician checked Engine Cooling System, recorded the reported symptom, performed the required service action, and completed a post-service test."
SR-00893,MR-00893,EQ-0187,TECH-0087,2024-06-05,Corrective,Day,4438,Swing Motor: Oil contamination; observed symptom: hydraulic response is jerky.,Leak inspection and functional test,damaged cylinder seal,checked pump output and inspected for internal leakage,Valve O-rings,Functional test passed,3.11,1.2,4299.79,2024-09-09,Follow-up Required,"Technician checked Swing Motor, recorded the reported symptom, performed the required service action, and completed a post-service test."
SR-00894,MR-00894,EQ-0131,TECH-0790,2024-04-01,Inspection,Day,8991,Hydraulic Filter: Air ingress; observed symptom: hydraulic flow is low at operating temperature.,Operational test under load,damaged hydraulic hose,inspected suction line for air ingress and corrected the connection,Cooler gasket set,Pressure test passed,0.76,5.54,32991.72,2024-10-15,Closed,"Technician checked Hydraulic Filter, recorded the reported symptom, performed the required service action, and completed a post-service test."
SR-00895,MR-00895,EQ-0202,TECH-0946,2023-12-16,Corrective,Day,10116,Hydraulic Line: Cylinder seal wear; observed symptom: hydraulic response is jerky.,Filter inspection and fluid condition check,high oil temperature,checked pressure and flow at operating temperature,Hydraulic oil,Leak test passed,15.03,4.56,42352.26,2024-01-15,Closed,"Technician checked Hydraulic Line, recorded the reported symptom, performed the required service action, and completed a post-service test."
SR-00896,MR-00896,EQ-0165,TECH-0584,2025-06-22,Condition-Based,Day,7838,Hydraulic Pump: Overheating; observed symptom: arm movement slow after hydraulic oil warms.,Temperature and pressure checks,degraded hydraulic fluid,inspected suction line for air ingress and corrected the connection,Accumulator charging kit,Functional test passed,14.61,3.62,53334.65,2025-09-17,Closed,"Technician checked Hydraulic Pump, recorded the reported symptom, performed the required service action, and completed a post-service test."
SR-00897,MR-00897,EQ-0029,TECH-0845,2023-04-28,Inspection,Night,14464,Arm Cylinder: Overheating; observed symptom: boom movement slow under load.,Filter inspection and fluid condition check,restricted hydraulic line,replaced restricted hydraulic filter and checked contamination source,Pilot filter,Test passed; monitor during next shift,8.83,3.19,19238.27,2023-10-11,Closed,"Technician checked Arm Cylinder, recorded the reported symptom, performed the required service action, and completed a post-service test."
SR-00898,MR-00898,EQ-0123,TECH-0978,2025-02-24,Corrective,Evening,18163,Swing Motor: Oil contamination; observed symptom: reduced digging force.,Leak inspection and functional test,high oil temperature,checked pressure and flow at operating temperature,Return filter element,Pressure test passed,14.81,8.2,80370.47,2025-05-08,Closed,"Technician checked Swing Motor, recorded the reported symptom, performed the required service action, and completed a post-service test."
SR-00899,MR-00899,EQ-0059,TECH-0016,2026-03-24,Preventive,Night,11769,Hydraulic Tank: Overheating; observed symptom: travel function loses power on incline.,Visual inspection and pressure test,worn pump components,replaced damaged hose and pressure-tested the circuit,Pilot filter,Test passed; monitor during next shift,5.33,0.8,52915.37,2026-08-26,Follow-up Required,"Technician checked Hydraulic Tank, recorded the reported symptom, performed the required service action, and completed a post-service test."
SR-00900,MR-00900,EQ-0081,TECH-0191,2026-05-12,Corrective,Night,7024,Pilot Valve: Restricted flow; observed symptom: visible oil leak near hydraulic line.,Leak inspection and functional test,high oil temperature,inspected valve spool movement and cleaned the valve assembly,No replacement part,Test passed; monitor during next shift,9.03,5.28,36286.53,2026-10-08,Follow-up Required,"Technician checked Pilot Valve, recorded the reported symptom, performed the required service action, and completed a post-service test."
SR-00901,MR-00901,EQ-0208,TECH-0548,2023-05-27,Preventive,Evening,12837,Engine Cooling System: Cylinder seal wear; observed symptom: visible oil leak near hydraulic line.,Visual inspection and pressure test,loss of accumulator pre-charge,replaced damaged seal kit and performed leak test,No replacement part,Pressure test passed,14.02,2.9,43443.11,2023-09-16,Closed,"Technician checked Engine Cooling System, recorded the reported symptom, performed the required service action, and completed a post-service test."
SR-00902,MR-00902,EQ-0098,TECH-0895,2024-03-01,Corrective,Evening,16717,Engine Cooling System: External leakage; observed symptom: boom movement slow under load.,Operational test under load,restricted hydraulic line,replaced restricted hydraulic filter and checked contamination source,No replacement part,Pressure test passed,7.09,0.55,69455.88,2024-07-25,Closed - Monitor,"Technician checked Engine Cooling System, recorded the reported symptom, performed the required service action, and completed a post-service test."
SR-00903,MR-00903,EQ-0202,TECH-0824,2024-03-02,Corrective,Evening,9887,Accumulator: Filter blockage; observed symptom: hydraulic oil temperature rises during continuous operation.,Visual inspection and pressure test,loss of accumulator pre-charge,replaced restricted hydraulic filter and checked contamination source,Accumulator charging kit,Operational test passed,15.85,6.01,18203.38,2024-04-30,Closed,"Technician checked Accumulator, recorded the reported symptom, performed the required service action, and completed a post-service test."
SR-00904,MR-00904,EQ-0046,TECH-0960,2022-03-08,Preventive,Night,13209,Swing Motor: Overheating; observed symptom: pilot pressure below expected range.,Visual inspection and pressure test,restricted hydraulic line,inspected suction line for air ingress and corrected the connection,Pilot filter,Pressure test passed,9.18,0.25,10513.48,2022-09-15,Closed - Monitor,"Technician checked Swing Motor, recorded the reported symptom, performed the required service action, and completed a post-service test."
SR-00905,MR-00905,EQ-0230,TECH-0121,2023-10-26,Corrective,Day,6178,Bucket Cylinder: Overheating; observed symptom: pilot pressure below expected range.,Temperature and pressure checks,internal cylinder leakage,inspected hydraulic circuit and isolated the affected component,Cylinder seal kit,Leak test passed,12.97,2.7,63236.12,2024-03-11,Closed - Monitor,"Technician checked Bucket Cylinder, recorded the reported symptom, performed the required service action, and completed a post-service test."
SR-00906,MR-00906,EQ-0083,TECH-0142,2024-03-09,Preventive,Evening,9805,Accumulator: Restricted flow; observed symptom: hydraulic flow is low at operating temperature.,Temperature and pressure checks,damaged cylinder seal,inspected suction line for air ingress and corrected the connection,Accumulator charging kit,Operational test passed,15.68,3.99,56997.27,2024-06-06,Closed,"Technician checked Accumulator, recorded the reported symptom, performed the required service action, and completed a post-service test."
SR-00907,MR-00907,EQ-0111,TECH-0356,2024-10-19,Corrective,Night,17320,Hydraulic Line: Pump wear; observed symptom: hydraulic oil temperature rises during continuous operation.,Visual inspection and pressure test,restricted return filter,replaced restricted hydraulic filter and checked contamination source,Pilot filter,Operational test passed,12.15,9.54,74703.38,2025-01-14,Closed,"Technician checked Hydraulic Line, recorded the reported symptom, performed the required service action, and completed a post-service test."
SR-00908,MR-00908,EQ-0042,TECH-0966,2024-09-26,Condition-Based,Day,9939,Fuel System: Restricted flow; observed symptom: bucket cylinder leaking externally.,Leak inspection and functional test,internal cylinder leakage,replaced restricted hydraulic filter and checked contamination source,Hydraulic filter,Leak test passed,14.13,4.88,20945.74,2025-02-24,Closed,"Technician checked Fuel System, recorded the reported symptom, performed the required service action, and completed a post-service test."
SR-00909,MR-00909,EQ-0190,TECH-0785,2023-06-19,Corrective,Night,10058,Engine Cooling System: Accumulator pressure loss; observed symptom: pilot pressure below expected range.,Operational test under load,blocked cooler core,"drained contaminated oil, flushed circuit and refilled with filtered oil",Return filter element,Functional test passed,1.97,6.71,53271.32,2023-11-20,Closed,"Technician checked Engine Cooling System, recorded the reported symptom, performed the required service action, and completed a post-service test."
SR-00910,MR-00910,EQ-0108,TECH-0652,2025-03-10,Preventive,Day,18358,Bucket Cylinder: External leakage; observed symptom: visible oil leak near hydraulic line.,Visual inspection and pressure test,blocked cooler core,cleaned cooler and verified hydraulic oil temperature,Hydraulic oil,Leak test passed,6.51,3.46,50003.02,2025-05-30,Closed,"Technician checked Bucket Cylinder, recorded the reported symptom, performed the required service action, and completed a post-service test."
SR-00911,MR-00911,EQ-0086,TECH-0202,2026-03-19,Inspection,Day,3875,Hydraulic Line: Restricted flow; observed symptom: visible oil leak near hydraulic line.,Leak inspection and functional test,worn pump components,inspected suction line for air ingress and corrected the connection,Hydraulic oil,Pressure test passed,4.86,7.31,3967.94,2026-08-06,Closed,"Technician checked Hydraulic Line, recorded the reported symptom, performed the required service action, and completed a post-service test."
SR-00912,MR-00912,EQ-0051,TECH-0686,2026-03-05,Condition-Based,Night,14130,Bucket Cylinder: Internal leakage; observed symptom: hydraulic flow is low at operating temperature.,Operational test under load,contaminated hydraulic oil,cleaned cooler and verified hydraulic oil temperature,Accumulator charging kit,Leak test passed,5.41,3.16,6660.47,2026-06-28,Closed,"Technician checked Bucket Cylinder, recorded the reported symptom, performed the required service action, and completed a post-service test."
SR-00913,MR-00913,EQ-0236,TECH-0365,2022-10-26,Corrective,Night,12132,Main Control Valve: Pump wear; observed symptom: boom movement slow under load.,Filter inspection and fluid condition check,restricted hydraulic line,inspected valve spool movement and cleaned the valve assembly,Hydraulic hose,Test passed; monitor during next shift,8.2,0.65,44523.38,2023-02-23,Closed,"Technician checked Main Control Valve, recorded the reported symptom, performed the required service action, and completed a post-service test."
SR-00914,MR-00914,EQ-0023,TECH-0646,2026-01-10,Corrective,Night,14554,Bucket Cylinder: Valve sticking; observed symptom: boom movement slow under load.,Filter inspection and fluid condition check,restricted return filter,"drained contaminated oil, flushed circuit and refilled with filtered oil",Cooler gasket set,Functional test passed,7.84,5.8,30864.29,2026-06-18,Closed,"Technician checked Bucket Cylinder, recorded the reported symptom, performed the required service action, and completed a post-service test."
SR-00915,MR-00915,EQ-0147,TECH-0413,2023-09-10,Corrective,Evening,9162,Hydraulic Hose: Hose failure; observed symptom: visible oil leak near hydraulic line.,Temperature and pressure checks,worn pump components,inspected suction line for air ingress and corrected the connection,Pilot filter,Operational test passed,9.21,0.25,16596.4,2023-12-22,Closed,"Technician checked Hydraulic Hose, recorded the reported symptom, performed the required service action, and completed a post-service test."
SR-00916,MR-00916,EQ-0228,TECH-0354,2024-09-13,Corrective,Night,8237,Accumulator: Overheating; observed symptom: bucket cylinder leaking externally.,Leak inspection and functional test,degraded hydraulic fluid,inspected suction line for air ingress and corrected the connection,Hydraulic line fittings,Functional test passed,12.49,4.45,45352.52,2025-04-01,Closed,"Technician checked Accumulator, recorded the reported symptom, performed the required service action, and completed a post-service test."
SR-00917,MR-00917,EQ-0211,TECH-0984,2023-08-06,Corrective,Night,9338,Main Control Valve: Line restriction; observed symptom: filter restriction indicator activated.,Visual inspection and pressure test,degraded hydraulic fluid,checked pressure and flow at operating temperature,Hydraulic filter,Functional test passed,5.95,4.29,37475.47,2024-01-02,Closed,"Technician checked Main Control Valve, recorded the reported symptom, performed the required service action, and completed a post-service test."
SR-00918,MR-00918,EQ-0176,TECH-0077,2022-04-22,Condition-Based,Day,14499,Hydraulic Tank: Line restriction; observed symptom: hydraulic response is jerky.,Leak inspection and functional test,restricted hydraulic line,replaced restricted hydraulic filter and checked contamination source,Hydraulic oil,Operational test passed,15.82,6.31,19597.27,2022-07-28,Follow-up Required,"Technician checked Hydraulic Tank, recorded the reported symptom, performed the required service action, and completed a post-service test."
SR-00919,MR-00919,EQ-0020,TECH-0745,2025-12-01,Preventive,Day,10206,Hydraulic Line: Accumulator pressure loss; observed symptom: hydraulic response is jerky.,Leak inspection and functional test,low pilot supply pressure,tested pilot pressure and inspected pilot circuit,Pump seal kit,Functional test passed,2.49,9.07,58675.58,2026-06-11,Closed - Monitor,"Technician checked Hydraulic Line, recorded the reported symptom, performed the required service action, and completed a post-service test."
SR-00920,MR-00920,EQ-0160,TECH-0446,2023-09-07,Preventive,Night,12487,Swing Motor: Overheating; observed symptom: travel function loses power on incline.,Filter inspection and fluid condition check,damaged hydraulic hose,replaced restricted hydraulic filter and checked contamination source,Pump seal kit,Leak test passed,4.28,5.32,64699.51,2024-02-17,Closed - Monitor,"Technician checked Swing Motor, recorded the reported symptom, performed the required service action, and completed a post-service test."
SR-00921,MR-00921,EQ-0020,TECH-0869,2026-01-04,Corrective,Night,6655,Travel Motor: Low pilot pressure; observed symptom: pilot pressure below expected range.,Temperature and pressure checks,high oil temperature,tested pilot pressure and inspected pilot circuit,Hydraulic oil,Leak test passed,10.95,0.25,54247.04,2026-05-24,Closed - Monitor,"Technician checked Travel Motor, recorded the reported symptom, performed the required service action, and completed a post-service test."
SR-00922,MR-00922,EQ-0134,TECH-0698,2022-04-24,Inspection,Night,11243,Hydraulic Line: Pump wear; observed symptom: pump noise increases during operation.,Temperature and pressure checks,high oil temperature,"drained contaminated oil, flushed circuit and refilled with filtered oil",Pump seal kit,Test passed; monitor during next shift,12.2,6.63,38061.18,2022-09-09,Closed,"Technician checked Hydraulic Line, recorded the reported symptom, performed the required service action, and completed a post-service test."
SR-00923,MR-00923,EQ-0067,TECH-0772,2023-12-03,Corrective,Evening,5552,Main Control Valve: Air ingress; observed symptom: visible oil leak near hydraulic line.,Pressure and flow measurement,damaged hydraulic hose,checked pressure and flow at operating temperature,Pilot filter,Leak test passed,13.05,2.32,12585.8,2024-05-20,Closed,"Technician checked Main Control Valve, recorded the reported symptom, performed the required service action, and completed a post-service test."
SR-00924,MR-00924,EQ-0173,TECH-0540,2024-08-26,Corrective,Night,15266,Fuel System: Line restriction; observed symptom: hydraulic response is jerky.,Leak inspection and functional test,loss of accumulator pre-charge,tested pilot pressure and inspected pilot circuit,No replacement part,Test passed; monitor during next shift,3.63,4.91,59672.71,2024-10-24,Closed,"Technician checked Fuel System, recorded the reported symptom, performed the required service action, and completed a post-service test."
SR-00925,MR-00925,EQ-0238,TECH-0144,2025-09-28,Corrective,Night,6691,Hydraulic Line: Oil contamination; observed symptom: pilot pressure below expected range.,Operational test under load,damaged cylinder seal,replaced restricted hydraulic filter and checked contamination source,Hydraulic line fittings,Test passed; monitor during next shift,14.04,3.54,33767.73,2026-03-14,Closed - Monitor,"Technician checked Hydraulic Line, recorded the reported symptom, performed the required service action, and completed a post-service test."
SR-00926,MR-00926,EQ-0105,TECH-0814,2024-08-30,Corrective,Evening,6081,Engine Cooling System: Internal leakage; observed symptom: hydraulic flow is low at operating temperature.,Operational test under load,internal cylinder leakage,checked pump output and inspected for internal leakage,Cylinder seal kit,Operational test passed,10.75,2.94,33314.43,2025-03-08,Closed,"Technician checked Engine Cooling System, recorded the reported symptom, performed the required service action, and completed a post-service test."
SR-00927,MR-00927,EQ-0178,TECH-0967,2023-01-26,Corrective,Day,12222,Hydraulic Filter: Valve sticking; observed symptom: arm movement slow after hydraulic oil warms.,Temperature and pressure checks,damaged hydraulic hose,checked pump output and inspected for internal leakage,Hydraulic oil,Pressure test passed,9.23,7.13,36009.22,2023-07-13,Closed,"Technician checked Hydraulic Filter, recorded the reported symptom, performed the required service action, and completed a post-service test."
SR-00928,MR-00928,EQ-0003,TECH-0745,2025-12-05,Inspection,Day,3048,Hydraulic Hose: Valve sticking; observed symptom: pilot pressure below expected range.,Temperature and pressure checks,degraded hydraulic fluid,inspected suction line for air ingress and corrected the connection,Hydraulic filter,Leak test passed,13.28,6.8,32075.35,2026-01-10,Closed,"Technician checked Hydraulic Hose, recorded the reported symptom, performed the required service action, and completed a post-service test."
SR-00929,MR-00929,EQ-0036,TECH-0922,2025-05-02,Condition-Based,Evening,15160,Hydraulic Tank: External leakage; observed symptom: hydraulic response is jerky.,Filter inspection and fluid condition check,degraded hydraulic fluid,inspected hydraulic circuit and isolated the affected component,Valve O-rings,Functional test passed,2.12,0.25,24931.46,2025-09-22,Closed - Monitor,"Technician checked Hydraulic Tank, recorded the reported symptom, performed the required service action, and completed a post-service test."
SR-00930,MR-00930,EQ-0235,TECH-0117,2023-03-24,Condition-Based,Night,3487,Bucket Cylinder: Cooler restriction; observed symptom: pilot pressure below expected range.,Filter inspection and fluid condition check,restricted hydraulic line,replaced damaged seal kit and performed leak test,Hydraulic oil,Pressure test passed,6.6,7.0,9404.83,2023-05-31,Closed - Monitor,"Technician checked Bucket Cylinder, recorded the reported symptom, performed the required service action, and completed a post-service test."
SR-00931,MR-00931,EQ-0198,TECH-0752,2024-07-09,Corrective,Day,17220,Bucket Cylinder: Hose failure; observed symptom: filter restriction indicator activated.,Visual inspection and pressure test,damaged hydraulic hose,replaced damaged seal kit and performed leak test,Hydraulic line fittings,Leak test passed,2.87,1.76,3984.96,2024-09-18,Closed,"Technician checked Bucket Cylinder, recorded the reported symptom, performed the required service action, and completed a post-service test."
SR-00932,MR-00932,EQ-0186,TECH-0186,2025-12-21,Corrective,Evening,15791,Hydraulic Hose: Filter blockage; observed symptom: reduced digging force.,Operational test under load,damaged hydraulic hose,"drained contaminated oil, flushed circuit and refilled with filtered oil",Pilot filter,Test passed; monitor during next shift,5.66,2.26,19183.33,2026-05-24,Closed,"Technician checked Hydraulic Hose, recorded the reported symptom, performed the required service action, and completed a post-service test."
SR-00933,MR-00933,EQ-0238,TECH-0634,2024-09-27,Corrective,Day,5385,Fuel System: External leakage; observed symptom: bucket cylinder leaking externally.,Pressure and flow measurement,worn pump components,replaced restricted hydraulic filter and checked contamination source,Hydraulic line fittings,Functional test passed,11.4,0.25,14529.57,2025-04-17,Closed,"Technician checked Fuel System, recorded the reported symptom, performed the required service action, and completed a post-service test."
SR-00934,MR-00934,EQ-0008,TECH-0457,2025-07-19,Corrective,Day,9408,Hydraulic Line: Low pilot pressure; observed symptom: bucket will not open normally.,Temperature and pressure checks,blocked cooler core,"drained contaminated oil, flushed circuit and refilled with filtered oil",Pilot filter,Functional test passed,15.37,6.67,17140.69,2025-09-16,Closed,"Technician checked Hydraulic Line, recorded the reported symptom, performed the required service action, and completed a post-service test."
SR-00935,MR-00935,EQ-0092,TECH-0128,2025-08-17,Corrective,Evening,10122,Fuel System: Low pilot pressure; observed symptom: travel function loses power on incline.,Leak inspection and functional test,sticking spool valve,inspected hydraulic circuit and isolated the affected component,Pump seal kit,Test passed; monitor during next shift,7.12,6.31,10312.44,2025-11-28,Closed,"Technician checked Fuel System, recorded the reported symptom, performed the required service action, and completed a post-service test."
SR-00936,MR-00936,EQ-0132,TECH-0415,2025-09-07,Corrective,Day,4473,Engine Cooling System: Accumulator pressure loss; observed symptom: pilot pressure below expected range.,Operational test under load,internal cylinder leakage,replaced restricted hydraulic filter and checked contamination source,Hydraulic hose,Pressure test passed,9.24,8.37,13719.52,2025-12-18,Closed,"Technician checked Engine Cooling System, recorded the reported symptom, performed the required service action, and completed a post-service test."
SR-00937,MR-00937,EQ-0118,TECH-0375,2025-03-18,Corrective,Day,17503,Hydraulic Filter: External leakage; observed symptom: bucket will not open normally.,Leak inspection and functional test,restricted return filter,inspected suction line for air ingress and corrected the connection,Valve O-rings,Pressure test passed,5.06,2.19,66746.72,2025-09-24,Closed,"Technician checked Hydraulic Filter, recorded the reported symptom, performed the required service action, and completed a post-service test."
SR-00938,MR-00938,EQ-0203,TECH-0897,2024-08-17,Corrective,Evening,10618,Main Control Valve: Filter blockage; observed symptom: pilot pressure below expected range.,Leak inspection and functional test,contaminated hydraulic oil,"drained contaminated oil, flushed circuit and refilled with filtered oil",Accumulator charging kit,Test passed; monitor during next shift,2.69,3.08,36974.06,2025-02-03,Closed,"Technician checked Main Control Valve, recorded the reported symptom, performed the required service action, and completed a post-service test."
SR-00939,MR-00939,EQ-0057,TECH-0007,2024-05-01,Corrective,Day,6879,Hydraulic Filter: Internal leakage; observed symptom: hydraulic oil temperature rises during continuous operation.,Pressure and flow measurement,restricted hydraulic line,cleaned cooler and verified hydraulic oil temperature,Accumulator charging kit,Leak test passed,1.88,5.33,37070.01,2024-10-08,Closed,"Technician checked Hydraulic Filter, recorded the reported symptom, performed the required service action, and completed a post-service test."
SR-00940,MR-00940,EQ-0200,TECH-0220,2026-02-03,Condition-Based,Night,10125,Engine Cooling System: Oil contamination; observed symptom: reduced digging force.,Leak inspection and functional test,internal cylinder leakage,checked accumulator pre-charge and restored it to service specification,Hydraulic filter,Leak test passed,5.85,0.25,47814.78,2026-07-12,Closed,"Technician checked Engine Cooling System, recorded the reported symptom, performed the required service action, and completed a post-service test."
SR-00941,MR-00941,EQ-0075,TECH-0186,2022-05-26,Inspection,Evening,14200,Hydraulic Pump: Valve sticking; observed symptom: travel function loses power on incline.,Filter inspection and fluid condition check,internal cylinder leakage,checked accumulator pre-charge and restored it to service specification,Cooler gasket set,Leak test passed,2.18,6.65,63872.78,2022-12-17,Closed - Monitor,"Technician checked Hydraulic Pump, recorded the reported symptom, performed the required service action, and completed a post-service test."
SR-00942,MR-00942,EQ-0120,TECH-0282,2026-02-03,Corrective,Day,17965,Main Control Valve: Overheating; observed symptom: travel function loses power on incline.,Operational test under load,low pilot supply pressure,replaced damaged seal kit and performed leak test,Return filter element,Operational test passed,14.88,6.71,21894.58,2026-06-22,Closed,"Technician checked Main Control Valve, recorded the reported symptom, performed the required service action, and completed a post-service test."
SR-00943,MR-00943,EQ-0043,TECH-0038,2022-09-14,Corrective,Evening,15275,Accumulator: Internal leakage; observed symptom: hydraulic response is jerky.,Pressure and flow measurement,high oil temperature,replaced restricted hydraulic filter and checked contamination source,Accumulator charging kit,Pressure test passed,11.78,3.82,53528.8,2022-10-21,Follow-up Required,"Technician checked Accumulator, recorded the reported symptom, performed the required service action, and completed a post-service test."
SR-00944,MR-00944,EQ-0103,TECH-0063,2022-10-30,Corrective,Evening,2544,Hydraulic Hose: Restricted flow; observed symptom: hydraulic flow is low at operating temperature.,Temperature and pressure checks,restricted hydraulic line,"drained contaminated oil, flushed circuit and refilled with filtered oil",Pilot filter,Functional test passed,7.64,3.1,53645.55,2022-12-26,Closed,"Technician checked Hydraulic Hose, recorded the reported symptom, performed the required service action, and completed a post-service test."
SR-00945,MR-00945,EQ-0183,TECH-0256,2025-07-31,Corrective,Evening,4531,Bucket Cylinder: Accumulator pressure loss; observed symptom: pilot pressure below expected range.,Operational test under load,air entering suction line,checked accumulator pre-charge and restored it to service specification,No replacement part,Operational test passed,2.97,4.08,13607.22,2025-11-26,Closed,"Technician checked Bucket Cylinder, recorded the reported symptom, performed the required service action, and completed a post-service test."
SR-00946,MR-00946,EQ-0014,TECH-0933,2022-01-30,Corrective,Night,15698,Hydraulic Tank: Overheating; observed symptom: pilot pressure below expected range.,Visual inspection and pressure test,restricted return filter,inspected valve spool movement and cleaned the valve assembly,Return filter element,Test passed; monitor during next shift,7.95,6.27,58199.41,2022-05-13,Closed,"Technician checked Hydraulic Tank, recorded the reported symptom, performed the required service action, and completed a post-service test."
SR-00947,MR-00947,EQ-0032,TECH-0657,2022-10-24,Condition-Based,Evening,14740,Hydraulic Cooler: Air ingress; observed symptom: arm movement slow after hydraulic oil warms.,Visual inspection and pressure test,blocked cooler core,cleaned cooler and verified hydraulic oil temperature,Return filter element,Leak test passed,5.66,9.37,11153.12,2023-04-30,Closed - Monitor,"Technician checked Hydraulic Cooler, recorded the reported symptom, performed the required service action, and completed a post-service test."
SR-00948,MR-00948,EQ-0176,TECH-0099,2025-11-23,Corrective,Evening,8680,Boom Cylinder: Hose failure; observed symptom: bucket will not open normally.,Pressure and flow measurement,restricted hydraulic line,cleaned cooler and verified hydraulic oil temperature,Hydraulic oil,Test passed; monitor during next shift,1.35,4.28,2938.63,2026-03-17,Closed,"Technician checked Boom Cylinder, recorded the reported symptom, performed the required service action, and completed a post-service test."
SR-00949,MR-00949,EQ-0028,TECH-0603,2025-08-14,Corrective,Night,17323,Swing Motor: Air ingress; observed symptom: hydraulic flow is low at operating temperature.,Visual inspection and pressure test,low pilot supply pressure,checked pump output and inspected for internal leakage,Cylinder seal kit,Leak test passed,13.47,2.93,75998.95,2026-01-30,Closed,"Technician checked Swing Motor, recorded the reported symptom, performed the required service action, and completed a post-service test."
SR-00950,MR-00950,EQ-0196,TECH-0509,2025-08-07,Inspection,Night,13915,Fuel System: Oil contamination; observed symptom: arm movement slow after hydraulic oil warms.,Filter inspection and fluid condition check,damaged cylinder seal,replaced damaged seal kit and performed leak test,No replacement part,Operational test passed,10.61,2.06,24450.74,2025-11-13,Closed,"Technician checked Fuel System, recorded the reported symptom, performed the required service action, and completed a post-service test."
SR-00951,MR-00951,EQ-0104,TECH-1000,2023-01-25,Corrective,Night,12328,Accumulator: External leakage; observed symptom: hydraulic oil appears contaminated.,Filter inspection and fluid condition check,loss of accumulator pre-charge,tested pilot pressure and inspected pilot circuit,Hydraulic line fittings,Functional test passed,11.74,7.6,23675.48,2023-07-26,Closed - Monitor,"Technician checked Accumulator, recorded the reported symptom, performed the required service action, and completed a post-service test."
SR-00952,MR-00952,EQ-0221,TECH-0099,2023-07-28,Preventive,Evening,11167,Arm Cylinder: Line restriction; observed symptom: bucket will not open normally.,Temperature and pressure checks,low pilot supply pressure,replaced damaged hose and pressure-tested the circuit,Return filter element,Operational test passed,11.29,3.97,29872.4,2023-11-08,Closed,"Technician checked Arm Cylinder, recorded the reported symptom, performed the required service action, and completed a post-service test."
SR-00953,MR-00953,EQ-0136,TECH-0880,2024-07-12,Corrective,Evening,14637,Engine Cooling System: Overheating; observed symptom: arm movement slow after hydraulic oil warms.,Leak inspection and functional test,low pilot supply pressure,inspected hydraulic circuit and isolated the affected component,No replacement part,Test passed; monitor during next shift,12.54,6.62,70490.55,2024-12-26,Closed - Monitor,"Technician checked Engine Cooling System, recorded the reported symptom, performed the required service action, and completed a post-service test."
SR-00954,MR-00954,EQ-0237,TECH-0767,2025-07-23,Preventive,Evening,4308,Accumulator: Line restriction; observed symptom: hydraulic response is jerky.,Pressure and flow measurement,low pilot supply pressure,checked accumulator pre-charge and restored it to service specification,Hydraulic oil,Functional test passed,5.65,5.31,25802.67,2025-12-15,Closed,"Technician checked Accumulator, recorded the reported symptom, performed the required service action, and completed a post-service test."
SR-00955,MR-00955,EQ-0044,TECH-0725,2022-06-17,Corrective,Evening,11291,Hydraulic Pump: Filter blockage; observed symptom: filter restriction indicator activated.,Visual inspection and pressure test,worn pump components,checked pump output and inspected for internal leakage,Hydraulic filter,Test passed; monitor during next shift,6.76,5.91,13459.22,2022-09-09,Closed,"Technician checked Hydraulic Pump, recorded the reported symptom, performed the required service action, and completed a post-service test."
SR-00956,MR-00956,EQ-0037,TECH-0265,2024-11-17,Corrective,Evening,14494,Arm Cylinder: External leakage; observed symptom: arm movement slow after hydraulic oil warms.,Pressure and flow measurement,degraded hydraulic fluid,checked pump output and inspected for internal leakage,No replacement part,Test passed; monitor during next shift,12.02,2.48,49775.47,2025-02-14,Closed,"Technician checked Arm Cylinder, recorded the reported symptom, performed the required service action, and completed a post-service test."
SR-00957,MR-00957,EQ-0033,TECH-0402,2023-03-27,Corrective,Night,12281,Boom Cylinder: Air ingress; observed symptom: filter restriction indicator activated.,Visual inspection and pressure test,contaminated hydraulic oil,checked accumulator pre-charge and restored it to service specification,Hydraulic line fittings,Leak test passed,2.06,9.1,55032.28,2023-06-11,Closed,"Technician checked Boom Cylinder, recorded the reported symptom, performed the required service action, and completed a post-service test."
SR-00958,MR-00958,EQ-0088,TECH-0631,2023-12-09,Corrective,Evening,9341,Boom Cylinder: Oil contamination; observed symptom: travel function loses power on incline.,Operational test under load,degraded hydraulic fluid,inspected valve spool movement and cleaned the valve assembly,Pump seal kit,Pressure test passed,6.02,6.04,31663.41,2024-04-02,Closed,"Technician checked Boom Cylinder, recorded the reported symptom, performed the required service action, and completed a post-service test."
SR-00959,MR-00959,EQ-0017,TECH-0866,2024-03-25,Preventive,Evening,9799,Main Control Valve: Oil contamination; observed symptom: hydraulic flow is low at operating temperature.,Pressure and flow measurement,damaged hydraulic hose,replaced restricted hydraulic filter and checked contamination source,Hydraulic line fittings,Operational test passed,1.4,6.28,35900.23,2024-05-01,Closed,"Technician checked Main Control Valve, recorded the reported symptom, performed the required service action, and completed a post-service test."
SR-00960,MR-00960,EQ-0005,TECH-0167,2022-09-06,Corrective,Evening,13605,Accumulator: Pump wear; observed symptom: hydraulic oil temperature rises during continuous operation.,Filter inspection and fluid condition check,contaminated hydraulic oil,"drained contaminated oil, flushed circuit and refilled with filtered oil",Hydraulic hose,Functional test passed,7.15,2.32,38245.66,2022-12-18,Closed - Monitor,"Technician checked Accumulator, recorded the reported symptom, performed the required service action, and completed a post-service test."
SR-00961,MR-00961,EQ-0075,TECH-0602,2023-09-14,Preventive,Night,14704,Main Control Valve: Filter blockage; observed symptom: bucket cylinder leaking externally.,Operational test under load,restricted return filter,cleaned cooler and verified hydraulic oil temperature,Cylinder seal kit,Leak test passed,5.07,0.47,31043.03,2024-02-05,Closed,"Technician checked Main Control Valve, recorded the reported symptom, performed the required service action, and completed a post-service test."
SR-00962,MR-00962,EQ-0013,TECH-0487,2022-10-19,Inspection,Night,18357,Travel Motor: Hose failure; observed symptom: swing movement is slow.,Pressure and flow measurement,high oil temperature,tested pilot pressure and inspected pilot circuit,Return filter element,Leak test passed,7.75,4.43,59574.18,2022-12-10,Closed,"Technician checked Travel Motor, recorded the reported symptom, performed the required service action, and completed a post-service test."
SR-00963,MR-00963,EQ-0151,TECH-0176,2022-09-15,Corrective,Evening,9127,Hydraulic Line: Restricted flow; observed symptom: filter restriction indicator activated.,Visual inspection and pressure test,restricted hydraulic line,tested pilot pressure and inspected pilot circuit,Accumulator charging kit,Leak test passed,4.14,4.88,25033.82,2023-03-07,Closed,"Technician checked Hydraulic Line, recorded the reported symptom, performed the required service action, and completed a post-service test."
SR-00964,MR-00964,EQ-0022,TECH-0682,2025-12-20,Corrective,Evening,3094,Main Control Valve: Low pilot pressure; observed symptom: travel function loses power on incline.,Pressure and flow measurement,contaminated hydraulic oil,tested pilot pressure and inspected pilot circuit,Hydraulic oil,Test passed; monitor during next shift,15.09,7.74,21342.13,2026-05-30,Closed,"Technician checked Main Control Valve, recorded the reported symptom, performed the required service action, and completed a post-service test."
SR-00965,MR-00965,EQ-0105,TECH-0733,2022-06-18,Corrective,Day,10686,Arm Cylinder: Low pilot pressure; observed symptom: bucket cylinder leaking externally.,Pressure and flow measurement,contaminated hydraulic oil,tested pilot pressure and inspected pilot circuit,Cooler gasket set,Leak test passed,8.69,6.64,23497.4,2022-07-21,Closed - Monitor,"Technician checked Arm Cylinder, recorded the reported symptom, performed the required service action, and completed a post-service test."
SR-00966,MR-00966,EQ-0195,TECH-0905,2025-08-03,Corrective,Night,3929,Travel Motor: Filter blockage; observed symptom: hydraulic flow is low at operating temperature.,Leak inspection and functional test,restricted hydraulic line,cleaned cooler and verified hydraulic oil temperature,No replacement part,Pressure test passed,8.46,3.46,32098.9,2025-11-23,Closed,"Technician checked Travel Motor, recorded the reported symptom, performed the required service action, and completed a post-service test."
SR-00967,MR-00967,EQ-0069,TECH-0850,2026-06-04,Corrective,Day,3512,Main Control Valve: Overheating; observed symptom: pump noise increases during operation.,Operational test under load,loss of accumulator pre-charge,inspected suction line for air ingress and corrected the connection,Pump seal kit,Functional test passed,13.99,7.5,9380.12,2026-10-19,Closed,"Technician checked Main Control Valve, recorded the reported symptom, performed the required service action, and completed a post-service test."
SR-00968,MR-00968,EQ-0103,TECH-0926,2026-04-20,Corrective,Evening,6759,Hydraulic Pump: Hose failure; observed symptom: swing movement is slow.,Temperature and pressure checks,worn pump components,tested pilot pressure and inspected pilot circuit,Cylinder seal kit,Test passed; monitor during next shift,15.21,1.76,65206.42,2026-08-21,Closed - Monitor,"Technician checked Hydraulic Pump, recorded the reported symptom, performed the required service action, and completed a post-service test."
SR-00969,MR-00969,EQ-0199,TECH-0486,2022-12-12,Condition-Based,Evening,14691,Pilot Valve: Cooler restriction; observed symptom: filter restriction indicator activated.,Operational test under load,internal cylinder leakage,replaced damaged seal kit and performed leak test,Pump seal kit,Leak test passed,6.92,3.39,28383.18,2023-03-22,Closed,"Technician checked Pilot Valve, recorded the reported symptom, performed the required service action, and completed a post-service test."
SR-00970,MR-00970,EQ-0083,TECH-0890,2022-01-01,Corrective,Day,11123,Bucket Cylinder: Internal leakage; observed symptom: hydraulic response is jerky.,Operational test under load,degraded hydraulic fluid,inspected hydraulic circuit and isolated the affected component,Hydraulic line fittings,Pressure test passed,7.55,3.96,57756.34,2022-05-04,Closed,"Technician checked Bucket Cylinder, recorded the reported symptom, performed the required service action, and completed a post-service test."
SR-00971,MR-00971,EQ-0237,TECH-0832,2023-01-30,Inspection,Day,4557,Arm Cylinder: Overheating; observed symptom: filter restriction indicator activated.,Temperature and pressure checks,low pilot supply pressure,tested pilot pressure and inspected pilot circuit,Valve O-rings,Functional test passed,13.47,2.18,18323.92,2023-07-14,Closed,"Technician checked Arm Cylinder, recorded the reported symptom, performed the required service action, and completed a post-service test."
SR-00972,MR-00972,EQ-0188,TECH-0472,2024-04-26,Corrective,Day,15736,Bucket Cylinder: Pump wear; observed symptom: swing movement is slow.,Leak inspection and functional test,air entering suction line,checked pressure and flow at operating temperature,Pump seal kit,Test passed; monitor during next shift,12.61,5.41,45794.04,2024-06-04,Closed,"Technician checked Bucket Cylinder, recorded the reported symptom, performed the required service action, and completed a post-service test."
SR-00973,MR-00973,EQ-0006,TECH-0991,2024-08-31,Corrective,Day,2818,Arm Cylinder: Internal leakage; observed symptom: hydraulic response is jerky.,Filter inspection and fluid condition check,low pilot supply pressure,replaced restricted hydraulic filter and checked contamination source,Hydraulic hose,Pressure test passed,0.87,9.56,29892.21,2025-01-24,Closed,"Technician checked Arm Cylinder, recorded the reported symptom, performed the required service action, and completed a post-service test."
SR-00974,MR-00974,EQ-0064,TECH-0103,2024-09-29,Condition-Based,Night,2338,Hydraulic Cooler: Cooler restriction; observed symptom: hydraulic flow is low at operating temperature.,Filter inspection and fluid condition check,low pilot supply pressure,checked accumulator pre-charge and restored it to service specification,Hydraulic hose,Pressure test passed,11.1,0.25,54229.82,2025-02-05,Closed,"Technician checked Hydraulic Cooler, recorded the reported symptom, performed the required service action, and completed a post-service test."
SR-00975,MR-00975,EQ-0207,TECH-0906,2023-07-01,Corrective,Evening,4543,Swing Motor: Pump wear; observed symptom: hydraulic oil temperature rises during continuous operation.,Pressure and flow measurement,restricted return filter,inspected valve spool movement and cleaned the valve assembly,Valve O-rings,Leak test passed,7.1,6.45,49912.08,2024-01-05,Closed,"Technician checked Swing Motor, recorded the reported symptom, performed the required service action, and completed a post-service test."
SR-00976,MR-00976,EQ-0166,TECH-0288,2024-04-27,Inspection,Evening,3007,Travel Motor: Cooler restriction; observed symptom: swing movement is slow.,Filter inspection and fluid condition check,air entering suction line,replaced restricted hydraulic filter and checked contamination source,Hydraulic oil,Operational test passed,3.72,3.85,46649.57,2024-10-16,Closed,"Technician checked Travel Motor, recorded the reported symptom, performed the required service action, and completed a post-service test."
SR-00977,MR-00977,EQ-0233,TECH-0345,2026-04-06,Corrective,Night,9488,Hydraulic Pump: Air ingress; observed symptom: travel function loses power on incline.,Operational test under load,internal cylinder leakage,inspected suction line for air ingress and corrected the connection,Pump seal kit,Pressure test passed,14.17,4.23,63585.21,2026-09-02,Closed,"Technician checked Hydraulic Pump, recorded the reported symptom, performed the required service action, and completed a post-service test."
SR-00978,MR-00978,EQ-0187,TECH-0566,2022-08-05,Corrective,Night,6865,Fuel System: Line restriction; observed symptom: pump noise increases during operation.,Visual inspection and pressure test,degraded hydraulic fluid,"drained contaminated oil, flushed circuit and refilled with filtered oil",Pump seal kit,Operational test passed,7.78,3.33,37820.78,2022-10-12,Closed,"Technician checked Fuel System, recorded the reported symptom, performed the required service action, and completed a post-service test."
SR-00979,MR-00979,EQ-0118,TECH-0456,2022-07-12,Corrective,Day,17859,Hydraulic Tank: Line restriction; observed symptom: arm movement slow after hydraulic oil warms.,Visual inspection and pressure test,damaged cylinder seal,checked pump output and inspected for internal leakage,Hydraulic filter,Leak test passed,4.62,4.07,57564.36,2022-12-31,Closed,"Technician checked Hydraulic Tank, recorded the reported symptom, performed the required service action, and completed a post-service test."
SR-00980,MR-00980,EQ-0086,TECH-0969,2024-07-02,Inspection,Day,4095,Hydraulic Hose: External leakage; observed symptom: filter restriction indicator activated.,Leak inspection and functional test,restricted hydraulic line,cleaned cooler and verified hydraulic oil temperature,Pump seal kit,Leak test passed,1.31,4.03,1865.6,2024-12-24,Closed,"Technician checked Hydraulic Hose, recorded the reported symptom, performed the required service action, and completed a post-service test."
SR-00981,MR-00981,EQ-0172,TECH-0530,2022-09-29,Corrective,Day,5024,Engine Cooling System: Restricted flow; observed symptom: filter restriction indicator activated.,Filter inspection and fluid condition check,internal cylinder leakage,checked pump output and inspected for internal leakage,Return filter element,Leak test passed,5.64,7.39,15058.14,2022-11-26,Closed,"Technician checked Engine Cooling System, recorded the reported symptom, performed the required service action, and completed a post-service test."
SR-00982,MR-00982,EQ-0144,TECH-0388,2023-01-23,Corrective,Night,18312,Hydraulic Line: Line restriction; observed symptom: bucket will not open normally.,Operational test under load,low pilot supply pressure,inspected suction line for air ingress and corrected the connection,Cooler gasket set,Pressure test passed,4.25,1.73,14765.53,2023-06-15,Closed,"Technician checked Hydraulic Line, recorded the reported symptom, performed the required service action, and completed a post-service test."
SR-00983,MR-00983,EQ-0194,TECH-0817,2023-02-05,Corrective,Evening,8478,Bucket Cylinder: Pump wear; observed symptom: hydraulic response is jerky.,Visual inspection and pressure test,restricted return filter,"drained contaminated oil, flushed circuit and refilled with filtered oil",Hydraulic filter,Functional test passed,15.57,3.4,13697.11,2023-08-02,Closed,"Technician checked Bucket Cylinder, recorded the reported symptom, performed the required service action, and completed a post-service test."
SR-00984,MR-00984,EQ-0128,TECH-0776,2022-02-02,Condition-Based,Day,12037,Hydraulic Pump: Hose failure; observed symptom: arm movement slow after hydraulic oil warms.,Leak inspection and functional test,damaged cylinder seal,checked pump output and inspected for internal leakage,Pump seal kit,Functional test passed,8.65,2.75,37413.83,2022-05-28,Closed,"Technician checked Hydraulic Pump, recorded the reported symptom, performed the required service action, and completed a post-service test."
SR-00985,MR-00985,EQ-0233,TECH-0618,2022-04-10,Condition-Based,Evening,12370,Hydraulic Line: Pump wear; observed symptom: pump noise increases during operation.,Temperature and pressure checks,degraded hydraulic fluid,checked pressure and flow at operating temperature,Valve O-rings,Leak test passed,4.04,6.56,35137.24,2022-10-15,Closed,"Technician checked Hydraulic Line, recorded the reported symptom, performed the required service action, and completed a post-service test."
SR-00986,MR-00986,EQ-0112,TECH-0379,2024-12-25,Corrective,Night,4735,Hydraulic Pump: Restricted flow; observed symptom: hydraulic oil appears contaminated.,Operational test under load,damaged cylinder seal,inspected suction line for air ingress and corrected the connection,Hydraulic line fittings,Leak test passed,8.94,5.06,32508.92,2025-06-14,Closed,"Technician checked Hydraulic Pump, recorded the reported symptom, performed the required service action, and completed a post-service test."
SR-00987,MR-00987,EQ-0179,TECH-0592,2023-03-23,Corrective,Night,2153,Main Control Valve: Line restriction; observed symptom: pilot pressure below expected range.,Operational test under load,damaged hydraulic hose,replaced damaged hose and pressure-tested the circuit,Return filter element,Pressure test passed,13.7,6.23,30126.86,2023-05-23,Closed,"Technician checked Main Control Valve, recorded the reported symptom, performed the required service action, and completed a post-service test."
SR-00988,MR-00988,EQ-0197,TECH-0378,2022-07-21,Condition-Based,Day,12210,Hydraulic Cooler: External leakage; observed symptom: bucket will not open normally.,Visual inspection and pressure test,high oil temperature,inspected suction line for air ingress and corrected the connection,Valve O-rings,Leak test passed,5.93,5.98,28160.89,2023-01-06,Closed - Monitor,"Technician checked Hydraulic Cooler, recorded the reported symptom, performed the required service action, and completed a post-service test."
SR-00989,MR-00989,EQ-0182,TECH-0879,2023-08-05,Corrective,Day,13846,Hydraulic Cooler: Restricted flow; observed symptom: filter restriction indicator activated.,Temperature and pressure checks,contaminated hydraulic oil,replaced damaged hose and pressure-tested the circuit,Pump seal kit,Pressure test passed,7.92,2.33,48059.08,2023-09-10,Closed - Monitor,"Technician checked Hydraulic Cooler, recorded the reported symptom, performed the required service action, and completed a post-service test."
SR-00990,MR-00990,EQ-0030,TECH-0818,2023-07-18,Corrective,Day,3349,Main Control Valve: Restricted flow; observed symptom: hydraulic response is jerky.,Filter inspection and fluid condition check,sticking spool valve,tested pilot pressure and inspected pilot circuit,Hydraulic line fittings,Pressure test passed,15.13,9.07,40684.75,2023-12-12,Follow-up Required,"Technician checked Main Control Valve, recorded the reported symptom, performed the required service action, and completed a post-service test."
SR-00991,MR-00991,EQ-0021,TECH-0929,2026-08-20,Condition-Based,Night,15448,Hydraulic Line: External leakage; observed symptom: reduced digging force.,Temperature and pressure checks,internal cylinder leakage,checked pump output and inspected for internal leakage,Hydraulic filter,Functional test passed,8.62,5.65,60193.84,2026-11-26,Closed,"Technician checked Hydraulic Line, recorded the reported symptom, performed the required service action, and completed a post-service test."
SR-00992,MR-00992,EQ-0010,TECH-0035,2026-05-04,Inspection,Day,13012,Accumulator: Oil contamination; observed symptom: bucket will not open normally.,Pressure and flow measurement,damaged hydraulic hose,tested pilot pressure and inspected pilot circuit,Cooler gasket set,Pressure test passed,13.91,0.54,38247.63,2026-11-09,Closed,"Technician checked Accumulator, recorded the reported symptom, performed the required service action, and completed a post-service test."
SR-00993,MR-00993,EQ-0239,TECH-0795,2024-08-22,Corrective,Night,18097,Hydraulic Cooler: Line restriction; observed symptom: hydraulic flow is low at operating temperature.,Operational test under load,blocked cooler core,replaced damaged seal kit and performed leak test,Valve O-rings,Functional test passed,2.7,4.69,22812.37,2025-01-18,Closed - Monitor,"Technician checked Hydraulic Cooler, recorded the reported symptom, performed the required service action, and completed a post-service test."
SR-00994,MR-00994,EQ-0058,TECH-0622,2024-06-28,Preventive,Evening,7907,Main Control Valve: Low pilot pressure; observed symptom: travel function loses power on incline.,Temperature and pressure checks,high oil temperature,inspected hydraulic circuit and isolated the affected component,Pump seal kit,Functional test passed,13.76,6.06,21400.06,2024-09-19,Closed,"Technician checked Main Control Valve, recorded the reported symptom, performed the required service action, and completed a post-service test."
SR-00995,MR-00995,EQ-0024,TECH-0145,2023-03-15,Corrective,Evening,17480,Pilot Valve: Hose failure; observed symptom: boom movement slow under load.,Visual inspection and pressure test,damaged cylinder seal,cleaned cooler and verified hydraulic oil temperature,Accumulator charging kit,Test passed; monitor during next shift,15.87,7.18,74969.13,2023-07-08,Closed,"Technician checked Pilot Valve, recorded the reported symptom, performed the required service action, and completed a post-service test."
SR-00996,MR-00996,EQ-0008,TECH-0437,2024-09-22,Condition-Based,Day,2283,Swing Motor: External leakage; observed symptom: bucket cylinder leaking externally.,Operational test under load,degraded hydraulic fluid,replaced damaged seal kit and performed leak test,Cylinder seal kit,Operational test passed,14.69,8.49,29326.13,2024-11-24,Closed,"Technician checked Swing Motor, recorded the reported symptom, performed the required service action, and completed a post-service test."
SR-00997,MR-00997,EQ-0084,TECH-0212,2023-07-12,Condition-Based,Night,3344,Bucket Cylinder: Internal leakage; observed symptom: visible oil leak near hydraulic line.,Visual inspection and pressure test,damaged cylinder seal,replaced damaged seal kit and performed leak test,Hydraulic filter,Functional test passed,13.22,3.95,67597.32,2023-12-30,Closed,"Technician checked Bucket Cylinder, recorded the reported symptom, performed the required service action, and completed a post-service test."
SR-00998,MR-00998,EQ-0191,TECH-0223,2023-01-26,Inspection,Day,14681,Hydraulic Line: Accumulator pressure loss; observed symptom: boom movement slow under load.,Filter inspection and fluid condition check,worn pump components,"drained contaminated oil, flushed circuit and refilled with filtered oil",No replacement part,Pressure test passed,10.87,6.48,31722.97,2023-03-21,Closed,"Technician checked Hydraulic Line, recorded the reported symptom, performed the required service action, and completed a post-service test."
SR-00999,MR-00999,EQ-0047,TECH-0045,2024-01-26,Corrective,Evening,17234,Pilot Valve: Internal leakage; observed symptom: bucket cylinder leaking externally.,Pressure and flow measurement,sticking spool valve,cleaned cooler and verified hydraulic oil temperature,Hydraulic oil,Functional test passed,12.3,5.3,66307.88,2024-07-22,Closed,"Technician checked Pilot Valve, recorded the reported symptom, performed the required service action, and completed a post-service test."
SR-01000,MR-01000,EQ-0160,TECH-0049,2024-11-13,Corrective,Evening,17450,Hydraulic Hose: Cylinder seal wear; observed symptom: arm movement slow after hydraulic oil warms.,Pressure and flow measurement,restricted hydraulic line,tested pilot pressure and inspected pilot circuit,Cylinder seal kit,Test passed; monitor during next shift,2.21,0.25,62775.22,2025-01-28,Closed,"Technician checked Hydraulic Hose, recorded the reported symptom, performed the required service action, and completed a post-service test."
